id,title,description,category,priority
1,Issue: General feedback submitted about the overall service experience.,General feedback submitted about the overall service experience.,Other,Medium
2,Report: General feedback submitted about the overall service experience.,General feedback submitted about the overall service experience.,Other,Critical
3,Driver requested additional training on the new vehicle model.,Driver requested additional training on the new vehicle model.,Driver,Medium
4,Report: Driver flagged a scheduling conflict for the upcoming shift at Pune Central Hub.,Driver flagged a scheduling conflict for the upcoming shift at Pune Central Hub.,Driver,Medium
5,Alert: EV-108 requires software update for the onboard diagnostics system.,EV-108 requires software update for the onboard diagnostics system.,Maintenance,Low
6,Alert: Battery percentage dropped unusually fast during the last trip for EV-112.,Battery percentage dropped unusually fast during the last trip for EV-112.,Battery,Medium
7,Alert: Charging session for EV-114 keeps disconnecting randomly.,Charging session for EV-114 keeps disconnecting randomly.,Charging,Critical
8,Report: Query raised about the loyalty rewards program.,Query raised about the loyalty rewards program.,Other,Critical
9,Ride was cancelled midway without explanation for EV-127.,Ride was cancelled midway without explanation for EV-127.,Ride,Medium
10,Alert: Query raised about the loyalty rewards program.,Query raised about the loyalty rewards program.,Other,Medium
11,General feedback submitted about the overall service experience.,General feedback submitted about the overall service experience.,Other,High
12,Issue: Customer waited significantly longer than the estimated arrival time.,Customer waited significantly longer than the estimated arrival time.,Ride,High
13,Alert: Customer reported the vehicle was not clean on pickup.,Customer reported the vehicle was not clean on pickup.,Customer,Low
14,Report: Driver flagged a scheduling conflict for the upcoming shift at Mumbai East Hub.,Driver flagged a scheduling conflict for the upcoming shift at Mumbai East Hub.,Driver,High
15,Report: Driver payout for last week's shifts is showing as pending.,Driver payout for last week's shifts is showing as pending.,Payment,High
16,Report: Payment gateway timeout occurred during checkout.,Payment gateway timeout occurred during checkout.,Payment,High
17,Miscellaneous request that does not fit an existing category.,Miscellaneous request that does not fit an existing category.,Other,Medium
18,Alert: Refund for a cancelled ride has not been processed.,Refund for a cancelled ride has not been processed.,Payment,Medium
19,Issue: Query raised about the loyalty rewards program.,Query raised about the loyalty rewards program.,Other,High
20,Alert: Customer waited significantly longer than the estimated arrival time.,Customer waited significantly longer than the estimated arrival time.,Ride,Low
21,Issue: Suggestion received to add more charging stations near Mumbai East Hub.,Suggestion received to add more charging stations near Mumbai East Hub.,Other,Medium
22,Alert: Pune Central Hub reported a power outage affecting charging operations.,Pune Central Hub reported a power outage affecting charging operations.,Hub Operations,Low
23,Issue: Driver has not arrived for the assigned shift at Pune Central Hub.,Driver has not arrived for the assigned shift at Pune Central Hub.,Driver,Medium
24,Duplicate payment charged for a single ride.,Duplicate payment charged for a single ride.,Payment,High
25,Alert: Driver requested additional training on the new vehicle model.,Driver requested additional training on the new vehicle model.,Driver,High
26,Alert: Push notifications for ride status are not being delivered.,Push notifications for ride status are not being delivered.,Technical,High
27,Issue: EV-117 battery percentage is not increasing despite being connected at station 4.,EV-117 battery percentage is not increasing despite being connected at station 4.,Charging,Critical
28,Report: Driver has not arrived for the assigned shift at Bangalore South Hub.,Driver has not arrived for the assigned shift at Bangalore South Hub.,Driver,Critical
29,Ride fare shown at the end did not match the estimate.,Ride fare shown at the end did not match the estimate.,Ride,High
30,Maintenance team flagged worn brake pads on EV-103.,Maintenance team flagged worn brake pads on EV-103.,Maintenance,High
31,Alert: Mobile app crashes when trying to book a ride from Pune Central Hub.,Mobile app crashes when trying to book a ride from Pune Central Hub.,Technical,High
32,Report: EV-106 battery temperature is unusually high during operation.,EV-106 battery temperature is unusually high during operation.,Battery,Critical
33,Issue: Ride fare shown at the end did not match the estimate.,Ride fare shown at the end did not match the estimate.,Ride,Low
34,Report: Charging session for EV-117 keeps disconnecting randomly.,Charging session for EV-117 keeps disconnecting randomly.,Charging,Low
35,Issue: EV-115 brakes feel soft and need inspection.,EV-115 brakes feel soft and need inspection.,Vehicle,Medium
36,EV-100 brakes feel soft and need inspection.,EV-100 brakes feel soft and need inspection.,Vehicle,Low
37,Report: Ride fare shown at the end did not match the estimate.,Ride fare shown at the end did not match the estimate.,Ride,High
38,EV-123 battery percentage is not increasing despite being connected at station 1.,EV-123 battery percentage is not increasing despite being connected at station 1.,Charging,Critical
39,Issue: Driver payout for last week's shifts is showing as pending.,Driver payout for last week's shifts is showing as pending.,Payment,Low
40,Report: Delhi North Hub is operating near full capacity with no available parking.,Delhi North Hub is operating near full capacity with no available parking.,Hub Operations,Critical
41,Alert: Delhi North Hub requires additional staff during the evening peak hours.,Delhi North Hub requires additional staff during the evening peak hours.,Hub Operations,Medium
42,Report: Customer reported a long detour during the ride.,Customer reported a long detour during the ride.,Ride,High
43,Issue: Query raised about the loyalty rewards program.,Query raised about the loyalty rewards program.,Other,Critical
44,"Issue: EV-106 shuts down unexpectedly, suspected battery fault.","EV-106 shuts down unexpectedly, suspected battery fault.",Battery,Low
45,Alert: Driver was unreachable during the scheduled pickup window.,Driver was unreachable during the scheduled pickup window.,Driver,Low
46,Report: Pune Central Hub requires additional staff during the evening peak hours.,Pune Central Hub requires additional staff during the evening peak hours.,Hub Operations,Low
47,Report: Ride was cancelled midway without explanation for EV-128.,Ride was cancelled midway without explanation for EV-128.,Ride,High
48,Issue: Customer complained about driver behavior during the ride.,Customer complained about driver behavior during the ride.,Customer,High
49,Report: Battery health indicator for EV-126 has degraded significantly this month.,Battery health indicator for EV-126 has degraded significantly this month.,Battery,Critical
50,Issue: Query raised about the loyalty rewards program.,Query raised about the loyalty rewards program.,Other,Medium
51,Report: EV-117 battery temperature is unusually high during operation.,EV-117 battery temperature is unusually high during operation.,Battery,Medium
52,Issue: Maintenance team flagged worn brake pads on EV-101.,Maintenance team flagged worn brake pads on EV-101.,Maintenance,Low
53,Customer complained about driver behavior during the ride.,Customer complained about driver behavior during the ride.,Customer,High
54,Report: Security gate at Mumbai East Hub is malfunctioning.,Security gate at Mumbai East Hub is malfunctioning.,Hub Operations,Low
55,Report: EV-105 is due for scheduled maintenance and has not been serviced.,EV-105 is due for scheduled maintenance and has not been serviced.,Maintenance,Medium
56,Customer reported a long detour during the ride.,Customer reported a long detour during the ride.,Ride,Low
57,Report: Driver reported feeling unwell and requested a shift change.,Driver reported feeling unwell and requested a shift change.,Driver,High
58,Issue: Driver has not arrived for the assigned shift at Delhi North Hub.,Driver has not arrived for the assigned shift at Delhi North Hub.,Driver,High
59,Issue: Ride pickup location did not match the app location.,Ride pickup location did not match the app location.,Ride,Low
60,Customer reported a long detour during the ride.,Customer reported a long detour during the ride.,Ride,High
61,Report: Customer requested a refund for a cancelled ride.,Customer requested a refund for a cancelled ride.,Customer,Low
62,Report: Ride was cancelled midway without explanation for EV-122.,Ride was cancelled midway without explanation for EV-122.,Ride,Medium
63,Issue: Customer reported the vehicle was not clean on pickup.,Customer reported the vehicle was not clean on pickup.,Customer,Medium
64,Alert: Customer waited significantly longer than the estimated arrival time.,Customer waited significantly longer than the estimated arrival time.,Ride,Medium
65,Report: Duplicate payment charged for a single ride.,Duplicate payment charged for a single ride.,Payment,Medium
66,Report: Pune Central Hub requires additional staff during the evening peak hours.,Pune Central Hub requires additional staff during the evening peak hours.,Hub Operations,High
67,Report: EV-119 maintenance was delayed due to parts unavailability.,EV-119 maintenance was delayed due to parts unavailability.,Maintenance,High
68,Alert: Payment gateway timeout occurred during checkout.,Payment gateway timeout occurred during checkout.,Payment,High
69,Report: EV-121 battery temperature is unusually high during operation.,EV-121 battery temperature is unusually high during operation.,Battery,Medium
70,Report: EV-107 is not charging at station 8.,EV-107 is not charging at station 8.,Charging,High
71,Issue: Routine inspection revealed a coolant leak in EV-112.,Routine inspection revealed a coolant leak in EV-112.,Maintenance,Medium
72,Report: Battery health indicator for EV-107 has degraded significantly this month.,Battery health indicator for EV-107 has degraded significantly this month.,Battery,Critical
73,Battery health indicator for EV-104 has degraded significantly this month.,Battery health indicator for EV-104 has degraded significantly this month.,Battery,Low
74,Mumbai East Hub requires additional staff during the evening peak hours.,Mumbai East Hub requires additional staff during the evening peak hours.,Hub Operations,Medium
75,Telematics unit on EV-124 stopped sending data.,Telematics unit on EV-124 stopped sending data.,Technical,Medium
76,Report: Suggestion received to add more charging stations near Pune Central Hub.,Suggestion received to add more charging stations near Pune Central Hub.,Other,Low
77,Ride pickup location did not match the app location.,Ride pickup location did not match the app location.,Ride,High
78,EV-106 dashboard display is flickering intermittently.,EV-106 dashboard display is flickering intermittently.,Vehicle,High
79,Issue: EV-106 is due for scheduled maintenance and has not been serviced.,EV-106 is due for scheduled maintenance and has not been serviced.,Maintenance,Low
80,Vehicle count mismatch found during the shift-change audit at Bangalore South Hub.,Vehicle count mismatch found during the shift-change audit at Bangalore South Hub.,Hub Operations,High
81,EV-123 maintenance was delayed due to parts unavailability.,EV-123 maintenance was delayed due to parts unavailability.,Maintenance,High
82,Mobile app crashes when trying to book a ride from Delhi North Hub.,Mobile app crashes when trying to book a ride from Delhi North Hub.,Technical,Medium
83,Issue: EV-117 tyre pressure warning light is on.,EV-117 tyre pressure warning light is on.,Vehicle,High
84,Battery health indicator for EV-104 has degraded significantly this month.,Battery health indicator for EV-104 has degraded significantly this month.,Battery,Critical
85,Customer complained about driver behavior during the ride.,Customer complained about driver behavior during the ride.,Customer,Medium
86,Issue: Ride fare shown at the end did not match the estimate.,Ride fare shown at the end did not match the estimate.,Ride,Critical
87,Report: Customer complained about driver behavior during the ride.,Customer complained about driver behavior during the ride.,Customer,Medium
88,Issue: Driver has not arrived for the assigned shift at Mumbai East Hub.,Driver has not arrived for the assigned shift at Mumbai East Hub.,Driver,High
89,Issue: Security gate at Bangalore South Hub is malfunctioning.,Security gate at Bangalore South Hub is malfunctioning.,Hub Operations,High
90,EV-103 is making unusual noise from the motor.,EV-103 is making unusual noise from the motor.,Vehicle,High
91,Alert: Maintenance team flagged worn brake pads on EV-102.,Maintenance team flagged worn brake pads on EV-102.,Maintenance,Medium
92,Alert: General feedback submitted about the overall service experience.,General feedback submitted about the overall service experience.,Other,Medium
93,"EV-120 shuts down unexpectedly, suspected battery fault.","EV-120 shuts down unexpectedly, suspected battery fault.",Battery,Medium
94,Alert: Battery health indicator for EV-111 has degraded significantly this month.,Battery health indicator for EV-111 has degraded significantly this month.,Battery,High
95,Alert: Delhi North Hub requires additional staff during the evening peak hours.,Delhi North Hub requires additional staff during the evening peak hours.,Hub Operations,High
96,Report: Customer complained about driver behavior during the ride.,Customer complained about driver behavior during the ride.,Customer,Low
97,Alert: Push notifications for ride status are not being delivered.,Push notifications for ride status are not being delivered.,Technical,Critical
98,Alert: EV-106 brakes feel soft and need inspection.,EV-106 brakes feel soft and need inspection.,Vehicle,High
99,Customer payment was successful but booking was not confirmed.,Customer payment was successful but booking was not confirmed.,Payment,High
100,Push notifications for ride status are not being delivered.,Push notifications for ride status are not being delivered.,Technical,Medium
101,Report: Mobile app crashes when trying to book a ride from Mumbai East Hub.,Mobile app crashes when trying to book a ride from Mumbai East Hub.,Technical,High
102,Alert: Customer waited significantly longer than the estimated arrival time.,Customer waited significantly longer than the estimated arrival time.,Ride,Medium
103,Report: Customer reported the vehicle was not clean on pickup.,Customer reported the vehicle was not clean on pickup.,Customer,High
104,Customer was charged but booking was not confirmed.,Customer was charged but booking was not confirmed.,Customer,High
105,Alert: Customer waited significantly longer than the estimated arrival time.,Customer waited significantly longer than the estimated arrival time.,Ride,Low
106,Report: Driver was unreachable during the scheduled pickup window.,Driver was unreachable during the scheduled pickup window.,Driver,Medium
107,Ride was cancelled midway without explanation for EV-101.,Ride was cancelled midway without explanation for EV-101.,Ride,Medium
108,Alert: Battery percentage dropped unusually fast during the last trip for EV-118.,Battery percentage dropped unusually fast during the last trip for EV-118.,Battery,High
109,EV-108 broke down during operation near Pune Central Hub.,EV-108 broke down during operation near Pune Central Hub.,Vehicle,Medium
110,Alert: Mobile app crashes when trying to book a ride from Mumbai East Hub.,Mobile app crashes when trying to book a ride from Mumbai East Hub.,Technical,Critical
111,EV-103 battery temperature is unusually high during operation.,EV-103 battery temperature is unusually high during operation.,Battery,Medium
112,Issue: Backend sync issue causing duplicate ride records at Bangalore South Hub.,Backend sync issue causing duplicate ride records at Bangalore South Hub.,Technical,Medium
113,Issue: Mumbai East Hub is operating near full capacity with no available parking.,Mumbai East Hub is operating near full capacity with no available parking.,Hub Operations,High
114,EV-105 AC is not working properly.,EV-105 AC is not working properly.,Vehicle,Critical
115,Alert: Vehicle count mismatch found during the shift-change audit at Mumbai East Hub.,Vehicle count mismatch found during the shift-change audit at Mumbai East Hub.,Hub Operations,High
116,Report: Mobile app crashes when trying to book a ride from Bangalore South Hub.,Mobile app crashes when trying to book a ride from Bangalore South Hub.,Technical,Medium
117,Report: EV-117 is due for scheduled maintenance and has not been serviced.,EV-117 is due for scheduled maintenance and has not been serviced.,Maintenance,Low
118,Battery percentage dropped unusually fast during the last trip for EV-105.,Battery percentage dropped unusually fast during the last trip for EV-105.,Battery,High
119,Issue: Ride fare shown at the end did not match the estimate.,Ride fare shown at the end did not match the estimate.,Ride,High
120,Issue: EV-119 requires software update for the onboard diagnostics system.,EV-119 requires software update for the onboard diagnostics system.,Maintenance,Critical
121,Query raised about the loyalty rewards program.,Query raised about the loyalty rewards program.,Other,Medium
122,Customer reported a long detour during the ride.,Customer reported a long detour during the ride.,Ride,Low
123,Alert: Customer reported the vehicle was not clean on pickup.,Customer reported the vehicle was not clean on pickup.,Customer,Low
124,Alert: Routine inspection revealed a coolant leak in EV-109.,Routine inspection revealed a coolant leak in EV-109.,Maintenance,High
125,Ride pickup location did not match the app location.,Ride pickup location did not match the app location.,Ride,Medium
126,Issue: EV-106 is due for scheduled maintenance and has not been serviced.,EV-106 is due for scheduled maintenance and has not been serviced.,Maintenance,Medium
127,Driver was unreachable during the scheduled pickup window.,Driver was unreachable during the scheduled pickup window.,Driver,Medium
128,Issue: Battery percentage dropped unusually fast during the last trip for EV-120.,Battery percentage dropped unusually fast during the last trip for EV-120.,Battery,High
129,Issue: Payment gateway timeout occurred during checkout.,Payment gateway timeout occurred during checkout.,Payment,Medium
130,Suggestion received to add more charging stations near Bangalore South Hub.,Suggestion received to add more charging stations near Bangalore South Hub.,Other,Medium
131,Report: GPS tracking for EV-114 is showing an incorrect location.,GPS tracking for EV-114 is showing an incorrect location.,Technical,High
132,Alert: EV-124 shows sudden battery drain even when parked.,EV-124 shows sudden battery drain even when parked.,Battery,Low
133,EV-123 shows charging error code and will not start charging.,EV-123 shows charging error code and will not start charging.,Charging,Medium
134,Alert: Payment gateway timeout occurred during checkout.,Payment gateway timeout occurred during checkout.,Payment,Medium
135,Driver reported feeling unwell and requested a shift change.,Driver reported feeling unwell and requested a shift change.,Driver,Low
136,Report: EV-123 shows charging error code and will not start charging.,EV-123 shows charging error code and will not start charging.,Charging,High
137,Mobile app crashes when trying to book a ride from Pune Central Hub.,Mobile app crashes when trying to book a ride from Pune Central Hub.,Technical,Low
138,"EV-129 shuts down unexpectedly, suspected battery fault.","EV-129 shuts down unexpectedly, suspected battery fault.",Battery,Medium
139,Suggestion received to add more charging stations near Bangalore South Hub.,Suggestion received to add more charging stations near Bangalore South Hub.,Other,Medium
140,General feedback submitted about the overall service experience.,General feedback submitted about the overall service experience.,Other,Low
141,Alert: Customer payment was successful but booking was not confirmed.,Customer payment was successful but booking was not confirmed.,Payment,Medium
142,Alert: Driver has not arrived for the assigned shift at Pune Central Hub.,Driver has not arrived for the assigned shift at Pune Central Hub.,Driver,Medium
143,EV-110 is not charging at station 1.,EV-110 is not charging at station 1.,Charging,High
144,Issue: EV-116 AC is not working properly.,EV-116 AC is not working properly.,Vehicle,Critical
145,Report: Vehicle count mismatch found during the shift-change audit at Delhi North Hub.,Vehicle count mismatch found during the shift-change audit at Delhi North Hub.,Hub Operations,Low
146,Issue: Driver flagged a scheduling conflict for the upcoming shift at Delhi North Hub.,Driver flagged a scheduling conflict for the upcoming shift at Delhi North Hub.,Driver,High
147,Alert: Telematics unit on EV-121 stopped sending data.,Telematics unit on EV-121 stopped sending data.,Technical,High
148,Alert: Bangalore South Hub reported a power outage affecting charging operations.,Bangalore South Hub reported a power outage affecting charging operations.,Hub Operations,Medium
149,Alert: Driver flagged a scheduling conflict for the upcoming shift at Pune Central Hub.,Driver flagged a scheduling conflict for the upcoming shift at Pune Central Hub.,Driver,High
150,Pune Central Hub reported a power outage affecting charging operations.,Pune Central Hub reported a power outage affecting charging operations.,Hub Operations,Low
151,Alert: Ride was cancelled midway without explanation for EV-118.,Ride was cancelled midway without explanation for EV-118.,Ride,Low
152,Alert: Driver requested additional training on the new vehicle model.,Driver requested additional training on the new vehicle model.,Driver,Medium
153,Suggestion received to add more charging stations near Pune Central Hub.,Suggestion received to add more charging stations near Pune Central Hub.,Other,Medium
154,Alert: EV-111 battery percentage is not increasing despite being connected at station 3.,EV-111 battery percentage is not increasing despite being connected at station 3.,Charging,Low
155,Alert: Maintenance team flagged worn brake pads on EV-106.,Maintenance team flagged worn brake pads on EV-106.,Maintenance,Medium
156,Alert: EV-129 is making unusual noise from the motor.,EV-129 is making unusual noise from the motor.,Vehicle,Medium
157,Battery health indicator for EV-102 has degraded significantly this month.,Battery health indicator for EV-102 has degraded significantly this month.,Battery,Medium
158,Issue: Refund for a cancelled ride has not been processed.,Refund for a cancelled ride has not been processed.,Payment,High
159,Alert: Telematics unit on EV-121 stopped sending data.,Telematics unit on EV-121 stopped sending data.,Technical,Low
160,Report: EV-115 battery temperature is unusually high during operation.,EV-115 battery temperature is unusually high during operation.,Battery,Low
161,Issue: General feedback submitted about the overall service experience.,General feedback submitted about the overall service experience.,Other,Low
162,Report: EV-101 broke down during operation near Delhi North Hub.,EV-101 broke down during operation near Delhi North Hub.,Vehicle,Critical
163,Duplicate payment charged for a single ride.,Duplicate payment charged for a single ride.,Payment,Medium
164,Security gate at Pune Central Hub is malfunctioning.,Security gate at Pune Central Hub is malfunctioning.,Hub Operations,Low
165,Report: Ride was cancelled midway without explanation for EV-122.,Ride was cancelled midway without explanation for EV-122.,Ride,Medium
166,Alert: Customer was charged but booking was not confirmed.,Customer was charged but booking was not confirmed.,Customer,Critical
167,Issue: Driver has not arrived for the assigned shift at Pune Central Hub.,Driver has not arrived for the assigned shift at Pune Central Hub.,Driver,Medium
168,Report: EV-107 shows charging error code and will not start charging.,EV-107 shows charging error code and will not start charging.,Charging,Critical
169,Issue: Security gate at Bangalore South Hub is malfunctioning.,Security gate at Bangalore South Hub is malfunctioning.,Hub Operations,Medium
170,Issue: Customer reported a long detour during the ride.,Customer reported a long detour during the ride.,Ride,High
171,Alert: EV-111 broke down during operation near Bangalore South Hub.,EV-111 broke down during operation near Bangalore South Hub.,Vehicle,Critical
172,Charging stops after a few minutes for EV-123 at station 7.,Charging stops after a few minutes for EV-123 at station 7.,Charging,Medium
173,Issue: Telematics unit on EV-116 stopped sending data.,Telematics unit on EV-116 stopped sending data.,Technical,Medium
174,Query raised about the loyalty rewards program.,Query raised about the loyalty rewards program.,Other,Low
175,Alert: EV-115 is due for scheduled maintenance and has not been serviced.,EV-115 is due for scheduled maintenance and has not been serviced.,Maintenance,Low
176,Alert: Security gate at Bangalore South Hub is malfunctioning.,Security gate at Bangalore South Hub is malfunctioning.,Hub Operations,Medium
177,EV-116 maintenance was delayed due to parts unavailability.,EV-116 maintenance was delayed due to parts unavailability.,Maintenance,Medium
178,Report: Battery percentage dropped unusually fast during the last trip for EV-127.,Battery percentage dropped unusually fast during the last trip for EV-127.,Battery,High
179,Issue: EV-126 requires software update for the onboard diagnostics system.,EV-126 requires software update for the onboard diagnostics system.,Maintenance,High
180,Customer reported the vehicle was not clean on pickup.,Customer reported the vehicle was not clean on pickup.,Customer,Low
181,Alert: Battery percentage dropped unusually fast during the last trip for EV-126.,Battery percentage dropped unusually fast during the last trip for EV-126.,Battery,High
182,EV-101 tyre pressure warning light is on.,EV-101 tyre pressure warning light is on.,Vehicle,High
183,Report: EV-119 shows charging error code and will not start charging.,EV-119 shows charging error code and will not start charging.,Charging,Critical
184,Alert: EV-115 dashboard display is flickering intermittently.,EV-115 dashboard display is flickering intermittently.,Vehicle,High
185,Issue: EV-118 shows sudden battery drain even when parked.,EV-118 shows sudden battery drain even when parked.,Battery,Medium
186,Alert: Bangalore South Hub reported a power outage affecting charging operations.,Bangalore South Hub reported a power outage affecting charging operations.,Hub Operations,Medium
187,Customer requested a refund for a cancelled ride.,Customer requested a refund for a cancelled ride.,Customer,Medium
188,Report: EV-123 battery temperature is unusually high during operation.,EV-123 battery temperature is unusually high during operation.,Battery,Medium
189,Alert: Routine inspection revealed a coolant leak in EV-114.,Routine inspection revealed a coolant leak in EV-114.,Maintenance,High
190,Issue: Mumbai East Hub requires additional staff during the evening peak hours.,Mumbai East Hub requires additional staff during the evening peak hours.,Hub Operations,High
191,General feedback submitted about the overall service experience.,General feedback submitted about the overall service experience.,Other,Medium
192,Alert: EV-106 requires software update for the onboard diagnostics system.,EV-106 requires software update for the onboard diagnostics system.,Maintenance,High
193,Issue: Miscellaneous request that does not fit an existing category.,Miscellaneous request that does not fit an existing category.,Other,Medium
194,Alert: Charging stops after a few minutes for EV-109 at station 4.,Charging stops after a few minutes for EV-109 at station 4.,Charging,Medium
195,Customer was charged but booking was not confirmed.,Customer was charged but booking was not confirmed.,Customer,High
196,Issue: Duplicate payment charged for a single ride.,Duplicate payment charged for a single ride.,Payment,High
197,EV-114 is due for scheduled maintenance and has not been serviced.,EV-114 is due for scheduled maintenance and has not been serviced.,Maintenance,Medium
198,Alert: Miscellaneous request that does not fit an existing category.,Miscellaneous request that does not fit an existing category.,Other,Critical
199,Issue: EV-114 tyre pressure warning light is on.,EV-114 tyre pressure warning light is on.,Vehicle,High
200,Alert: Driver flagged a scheduling conflict for the upcoming shift at Pune Central Hub.,Driver flagged a scheduling conflict for the upcoming shift at Pune Central Hub.,Driver,High
201,Issue: Customer complained about driver behavior during the ride.,Customer complained about driver behavior during the ride.,Customer,Medium
202,Report: Driver payout for last week's shifts is showing as pending.,Driver payout for last week's shifts is showing as pending.,Payment,Medium
203,Report: Driver has not arrived for the assigned shift at Mumbai East Hub.,Driver has not arrived for the assigned shift at Mumbai East Hub.,Driver,High
204,General feedback submitted about the overall service experience.,General feedback submitted about the overall service experience.,Other,Low
205,Query raised about the loyalty rewards program.,Query raised about the loyalty rewards program.,Other,Medium
206,Issue: Telematics unit on EV-125 stopped sending data.,Telematics unit on EV-125 stopped sending data.,Technical,High
207,Alert: Ride fare shown at the end did not match the estimate.,Ride fare shown at the end did not match the estimate.,Ride,Medium
208,Issue: Battery percentage dropped unusually fast during the last trip for EV-119.,Battery percentage dropped unusually fast during the last trip for EV-119.,Battery,Medium
209,Report: Push notifications for ride status are not being delivered.,Push notifications for ride status are not being delivered.,Technical,Medium
210,Report: Charging cable at station 6 appears damaged and vehicle is not accepting charge.,Charging cable at station 6 appears damaged and vehicle is not accepting charge.,Charging,High
211,Report: Charging stops after a few minutes for EV-122 at station 8.,Charging stops after a few minutes for EV-122 at station 8.,Charging,High
212,Alert: Customer requested a refund for a cancelled ride.,Customer requested a refund for a cancelled ride.,Customer,Medium
213,General feedback submitted about the overall service experience.,General feedback submitted about the overall service experience.,Other,Medium
214,Report: Ride pickup location did not match the app location.,Ride pickup location did not match the app location.,Ride,High
215,Issue: Customer requested a refund for a cancelled ride.,Customer requested a refund for a cancelled ride.,Customer,Medium
216,Issue: Customer waited significantly longer than the estimated arrival time.,Customer waited significantly longer than the estimated arrival time.,Ride,Medium
217,Report: Miscellaneous request that does not fit an existing category.,Miscellaneous request that does not fit an existing category.,Other,Medium
218,Report: Driver was unreachable during the scheduled pickup window.,Driver was unreachable during the scheduled pickup window.,Driver,High
219,Report: EV-109 broke down during operation near Pune Central Hub.,EV-109 broke down during operation near Pune Central Hub.,Vehicle,Medium
220,Report: Vehicle count mismatch found during the shift-change audit at Mumbai East Hub.,Vehicle count mismatch found during the shift-change audit at Mumbai East Hub.,Hub Operations,Low
221,Alert: Mobile app crashes when trying to book a ride from Mumbai East Hub.,Mobile app crashes when trying to book a ride from Mumbai East Hub.,Technical,Low
222,GPS tracking for EV-117 is showing an incorrect location.,GPS tracking for EV-117 is showing an incorrect location.,Technical,Low
223,Driver was unreachable during the scheduled pickup window.,Driver was unreachable during the scheduled pickup window.,Driver,Medium
224,Report: Driver payout for last week's shifts is showing as pending.,Driver payout for last week's shifts is showing as pending.,Payment,Low
225,Issue: Ride was cancelled midway without explanation for EV-120.,Ride was cancelled midway without explanation for EV-120.,Ride,Medium
226,Report: Customer payment was successful but booking was not confirmed.,Customer payment was successful but booking was not confirmed.,Payment,High
227,Issue: EV-129 is due for scheduled maintenance and has not been serviced.,EV-129 is due for scheduled maintenance and has not been serviced.,Maintenance,Low
228,Issue: EV-112 is due for scheduled maintenance and has not been serviced.,EV-112 is due for scheduled maintenance and has not been serviced.,Maintenance,High
229,Alert: Customer complained about driver behavior during the ride.,Customer complained about driver behavior during the ride.,Customer,Low
230,Report: EV-101 AC is not working properly.,EV-101 AC is not working properly.,Vehicle,Medium
231,Report: Backend sync issue causing duplicate ride records at Pune Central Hub.,Backend sync issue causing duplicate ride records at Pune Central Hub.,Technical,Critical
232,Report: EV-123 tyre pressure warning light is on.,EV-123 tyre pressure warning light is on.,Vehicle,Medium
233,Ride was cancelled midway without explanation for EV-101.,Ride was cancelled midway without explanation for EV-101.,Ride,Medium
234,Report: Battery percentage dropped unusually fast during the last trip for EV-126.,Battery percentage dropped unusually fast during the last trip for EV-126.,Battery,Medium
235,EV-113 is making unusual noise from the motor.,EV-113 is making unusual noise from the motor.,Vehicle,Critical
236,Issue: EV-121 dashboard display is flickering intermittently.,EV-121 dashboard display is flickering intermittently.,Vehicle,Critical
237,Issue: Routine inspection revealed a coolant leak in EV-101.,Routine inspection revealed a coolant leak in EV-101.,Maintenance,High
238,Alert: Customer was charged but booking was not confirmed.,Customer was charged but booking was not confirmed.,Customer,Medium
239,EV-111 broke down during operation near Mumbai East Hub.,EV-111 broke down during operation near Mumbai East Hub.,Vehicle,Medium
240,GPS tracking for EV-125 is showing an incorrect location.,GPS tracking for EV-125 is showing an incorrect location.,Technical,Medium
241,Alert: EV-106 shows charging error code and will not start charging.,EV-106 shows charging error code and will not start charging.,Charging,Medium
242,Report: Customer waited significantly longer than the estimated arrival time.,Customer waited significantly longer than the estimated arrival time.,Ride,Critical
243,Alert: Ride pickup location did not match the app location.,Ride pickup location did not match the app location.,Ride,High
244,Report: Routine inspection revealed a coolant leak in EV-123.,Routine inspection revealed a coolant leak in EV-123.,Maintenance,High
245,Issue: Backend sync issue causing duplicate ride records at Pune Central Hub.,Backend sync issue causing duplicate ride records at Pune Central Hub.,Technical,Medium
246,Issue: EV-126 maintenance was delayed due to parts unavailability.,EV-126 maintenance was delayed due to parts unavailability.,Maintenance,High
247,Customer requested a refund for a cancelled ride.,Customer requested a refund for a cancelled ride.,Customer,High
248,Issue: Customer reported the vehicle was not clean on pickup.,Customer reported the vehicle was not clean on pickup.,Customer,High
249,Battery health indicator for EV-111 has degraded significantly this month.,Battery health indicator for EV-111 has degraded significantly this month.,Battery,Critical
250,Issue: Charging stops after a few minutes for EV-102 at station 4.,Charging stops after a few minutes for EV-102 at station 4.,Charging,High
251,Issue: Security gate at Bangalore South Hub is malfunctioning.,Security gate at Bangalore South Hub is malfunctioning.,Hub Operations,High
252,Alert: Security gate at Delhi North Hub is malfunctioning.,Security gate at Delhi North Hub is malfunctioning.,Hub Operations,High
253,Issue: Driver has not arrived for the assigned shift at Delhi North Hub.,Driver has not arrived for the assigned shift at Delhi North Hub.,Driver,Medium
254,Alert: Ride pickup location did not match the app location.,Ride pickup location did not match the app location.,Ride,Low
255,GPS tracking for EV-103 is showing an incorrect location.,GPS tracking for EV-103 is showing an incorrect location.,Technical,Medium
256,Alert: EV-121 shows sudden battery drain even when parked.,EV-121 shows sudden battery drain even when parked.,Battery,High
257,Issue: Customer reported a long detour during the ride.,Customer reported a long detour during the ride.,Ride,Medium
258,Alert: Driver reported feeling unwell and requested a shift change.,Driver reported feeling unwell and requested a shift change.,Driver,High
259,Push notifications for ride status are not being delivered.,Push notifications for ride status are not being delivered.,Technical,High
260,Alert: Payment gateway timeout occurred during checkout.,Payment gateway timeout occurred during checkout.,Payment,High
261,Report: General feedback submitted about the overall service experience.,General feedback submitted about the overall service experience.,Other,High
262,Alert: EV-116 brakes feel soft and need inspection.,EV-116 brakes feel soft and need inspection.,Vehicle,High
263,Alert: EV-110 AC is not working properly.,EV-110 AC is not working properly.,Vehicle,Low
264,Issue: EV-106 shows sudden battery drain even when parked.,EV-106 shows sudden battery drain even when parked.,Battery,Medium
265,Alert: Duplicate payment charged for a single ride.,Duplicate payment charged for a single ride.,Payment,Medium
266,Alert: Pune Central Hub is operating near full capacity with no available parking.,Pune Central Hub is operating near full capacity with no available parking.,Hub Operations,Critical
267,Alert: Suggestion received to add more charging stations near Pune Central Hub.,Suggestion received to add more charging stations near Pune Central Hub.,Other,Medium
268,Issue: Query raised about the loyalty rewards program.,Query raised about the loyalty rewards program.,Other,Medium
269,Alert: Charging stops after a few minutes for EV-114 at station 7.,Charging stops after a few minutes for EV-114 at station 7.,Charging,High
270,Report: Security gate at Bangalore South Hub is malfunctioning.,Security gate at Bangalore South Hub is malfunctioning.,Hub Operations,Low
271,Issue: Customer support ticket unresolved for more than 3 days.,Customer support ticket unresolved for more than 3 days.,Customer,High
272,Ride fare shown at the end did not match the estimate.,Ride fare shown at the end did not match the estimate.,Ride,High
273,Alert: Vehicle count mismatch found during the shift-change audit at Bangalore South Hub.,Vehicle count mismatch found during the shift-change audit at Bangalore South Hub.,Hub Operations,Low
274,Driver reported feeling unwell and requested a shift change.,Driver reported feeling unwell and requested a shift change.,Driver,Low
275,Alert: EV-112 is not charging at station 8.,EV-112 is not charging at station 8.,Charging,High
276,Issue: EV-109 is not charging at station 8.,EV-109 is not charging at station 8.,Charging,High
277,Alert: Battery health indicator for EV-104 has degraded significantly this month.,Battery health indicator for EV-104 has degraded significantly this month.,Battery,Medium
278,Issue: Charging cable at station 4 appears damaged and vehicle is not accepting charge.,Charging cable at station 4 appears damaged and vehicle is not accepting charge.,Charging,Medium
279,Issue: EV-114 maintenance was delayed due to parts unavailability.,EV-114 maintenance was delayed due to parts unavailability.,Maintenance,Critical
280,Report: EV-125 requires software update for the onboard diagnostics system.,EV-125 requires software update for the onboard diagnostics system.,Maintenance,Medium
281,Alert: Pune Central Hub requires additional staff during the evening peak hours.,Pune Central Hub requires additional staff during the evening peak hours.,Hub Operations,Critical
282,Alert: Push notifications for ride status are not being delivered.,Push notifications for ride status are not being delivered.,Technical,High
283,EV-119 brakes feel soft and need inspection.,EV-119 brakes feel soft and need inspection.,Vehicle,High
284,Issue: Bangalore South Hub reported a power outage affecting charging operations.,Bangalore South Hub reported a power outage affecting charging operations.,Hub Operations,High
285,Report: EV-109 maintenance was delayed due to parts unavailability.,EV-109 maintenance was delayed due to parts unavailability.,Maintenance,High
286,Report: EV-115 battery percentage is not increasing despite being connected at station 3.,EV-115 battery percentage is not increasing despite being connected at station 3.,Charging,Critical
287,Alert: EV-122 battery percentage is not increasing despite being connected at station 2.,EV-122 battery percentage is not increasing despite being connected at station 2.,Charging,Critical
288,Maintenance team flagged worn brake pads on EV-113.,Maintenance team flagged worn brake pads on EV-113.,Maintenance,Medium
289,Charging session for EV-104 keeps disconnecting randomly.,Charging session for EV-104 keeps disconnecting randomly.,Charging,Low
290,Alert: Payment gateway timeout occurred during checkout.,Payment gateway timeout occurred during checkout.,Payment,Low
291,Report: Refund for a cancelled ride has not been processed.,Refund for a cancelled ride has not been processed.,Payment,High
292,Report: Customer waited significantly longer than the estimated arrival time.,Customer waited significantly longer than the estimated arrival time.,Ride,Low
293,Telematics unit on EV-115 stopped sending data.,Telematics unit on EV-115 stopped sending data.,Technical,High
294,Issue: EV-124 requires software update for the onboard diagnostics system.,EV-124 requires software update for the onboard diagnostics system.,Maintenance,Critical
295,Alert: Customer reported the vehicle was not clean on pickup.,Customer reported the vehicle was not clean on pickup.,Customer,High
296,Report: Refund for a cancelled ride has not been processed.,Refund for a cancelled ride has not been processed.,Payment,High
297,Suggestion received to add more charging stations near Delhi North Hub.,Suggestion received to add more charging stations near Delhi North Hub.,Other,Medium
298,EV-100 battery temperature is unusually high during operation.,EV-100 battery temperature is unusually high during operation.,Battery,Medium
299,Issue: GPS tracking for EV-124 is showing an incorrect location.,GPS tracking for EV-124 is showing an incorrect location.,Technical,High
300,"Report: EV-107 shuts down unexpectedly, suspected battery fault.","EV-107 shuts down unexpectedly, suspected battery fault.",Battery,High
301,Alert: Charging cable at station 8 appears damaged and vehicle is not accepting charge.,Charging cable at station 8 appears damaged and vehicle is not accepting charge.,Charging,Low
302,EV-109 is not charging at station 2.,EV-109 is not charging at station 2.,Charging,High
303,Alert: EV-114 tyre pressure warning light is on.,EV-114 tyre pressure warning light is on.,Vehicle,Medium
304,Alert: EV-114 dashboard display is flickering intermittently.,EV-114 dashboard display is flickering intermittently.,Vehicle,Critical
305,Customer waited significantly longer than the estimated arrival time.,Customer waited significantly longer than the estimated arrival time.,Ride,Medium
306,Report: EV-110 maintenance was delayed due to parts unavailability.,EV-110 maintenance was delayed due to parts unavailability.,Maintenance,Medium
307,Report: EV-110 brakes feel soft and need inspection.,EV-110 brakes feel soft and need inspection.,Vehicle,High
308,Alert: Telematics unit on EV-110 stopped sending data.,Telematics unit on EV-110 stopped sending data.,Technical,High
309,Driver has not arrived for the assigned shift at Delhi North Hub.,Driver has not arrived for the assigned shift at Delhi North Hub.,Driver,High
310,Report: Query raised about the loyalty rewards program.,Query raised about the loyalty rewards program.,Other,Medium
311,Alert: Driver reported feeling unwell and requested a shift change.,Driver reported feeling unwell and requested a shift change.,Driver,Medium
312,Issue: EV-129 maintenance was delayed due to parts unavailability.,EV-129 maintenance was delayed due to parts unavailability.,Maintenance,Medium
313,Issue: Payment gateway timeout occurred during checkout.,Payment gateway timeout occurred during checkout.,Payment,Low
314,EV-128 battery percentage is not increasing despite being connected at station 4.,EV-128 battery percentage is not increasing despite being connected at station 4.,Charging,High
315,EV-122 battery temperature is unusually high during operation.,EV-122 battery temperature is unusually high during operation.,Battery,Medium
316,Charging cable at station 7 appears damaged and vehicle is not accepting charge.,Charging cable at station 7 appears damaged and vehicle is not accepting charge.,Charging,Medium
317,Issue: Query raised about the loyalty rewards program.,Query raised about the loyalty rewards program.,Other,Medium
318,Issue: Driver requested additional training on the new vehicle model.,Driver requested additional training on the new vehicle model.,Driver,High
319,Customer payment was successful but booking was not confirmed.,Customer payment was successful but booking was not confirmed.,Payment,Critical
320,EV-124 AC is not working properly.,EV-124 AC is not working properly.,Vehicle,Low
321,Alert: Backend sync issue causing duplicate ride records at Mumbai East Hub.,Backend sync issue causing duplicate ride records at Mumbai East Hub.,Technical,Medium
322,Report: EV-117 battery temperature is unusually high during operation.,EV-117 battery temperature is unusually high during operation.,Battery,Medium
323,Report: EV-109 is not charging at station 8.,EV-109 is not charging at station 8.,Charging,High
324,Issue: Driver flagged a scheduling conflict for the upcoming shift at Bangalore South Hub.,Driver flagged a scheduling conflict for the upcoming shift at Bangalore South Hub.,Driver,High
325,Issue: Charging session for EV-113 keeps disconnecting randomly.,Charging session for EV-113 keeps disconnecting randomly.,Charging,High
326,Mumbai East Hub is operating near full capacity with no available parking.,Mumbai East Hub is operating near full capacity with no available parking.,Hub Operations,Medium
327,Alert: GPS tracking for EV-117 is showing an incorrect location.,GPS tracking for EV-117 is showing an incorrect location.,Technical,Critical
328,Report: Driver requested additional training on the new vehicle model.,Driver requested additional training on the new vehicle model.,Driver,High
329,Report: Suggestion received to add more charging stations near Bangalore South Hub.,Suggestion received to add more charging stations near Bangalore South Hub.,Other,High
330,Miscellaneous request that does not fit an existing category.,Miscellaneous request that does not fit an existing category.,Other,Low
331,Refund for a cancelled ride has not been processed.,Refund for a cancelled ride has not been processed.,Payment,High
332,Report: EV-115 tyre pressure warning light is on.,EV-115 tyre pressure warning light is on.,Vehicle,High
333,Report: Mobile app crashes when trying to book a ride from Delhi North Hub.,Mobile app crashes when trying to book a ride from Delhi North Hub.,Technical,Medium
334,Maintenance team flagged worn brake pads on EV-108.,Maintenance team flagged worn brake pads on EV-108.,Maintenance,Medium
335,Issue: Customer was charged but booking was not confirmed.,Customer was charged but booking was not confirmed.,Customer,High
336,Alert: EV-125 battery temperature is unusually high during operation.,EV-125 battery temperature is unusually high during operation.,Battery,High
337,Ride was cancelled midway without explanation for EV-106.,Ride was cancelled midway without explanation for EV-106.,Ride,Medium
338,Alert: Driver requested additional training on the new vehicle model.,Driver requested additional training on the new vehicle model.,Driver,Low
339,Ride fare shown at the end did not match the estimate.,Ride fare shown at the end did not match the estimate.,Ride,High
340,Alert: Mobile app crashes when trying to book a ride from Bangalore South Hub.,Mobile app crashes when trying to book a ride from Bangalore South Hub.,Technical,Low
341,Customer reported the vehicle was not clean on pickup.,Customer reported the vehicle was not clean on pickup.,Customer,Critical
342,Report: Customer reported a long detour during the ride.,Customer reported a long detour during the ride.,Ride,Medium
343,Push notifications for ride status are not being delivered.,Push notifications for ride status are not being delivered.,Technical,Medium
344,Miscellaneous request that does not fit an existing category.,Miscellaneous request that does not fit an existing category.,Other,High
345,Issue: EV-120 tyre pressure warning light is on.,EV-120 tyre pressure warning light is on.,Vehicle,Medium
346,Report: General feedback submitted about the overall service experience.,General feedback submitted about the overall service experience.,Other,High
347,EV-100 battery temperature is unusually high during operation.,EV-100 battery temperature is unusually high during operation.,Battery,High
348,Alert: Miscellaneous request that does not fit an existing category.,Miscellaneous request that does not fit an existing category.,Other,Critical
349,Issue: Refund for a cancelled ride has not been processed.,Refund for a cancelled ride has not been processed.,Payment,High
350,Alert: Duplicate payment charged for a single ride.,Duplicate payment charged for a single ride.,Payment,Low
351,Report: EV-111 is due for scheduled maintenance and has not been serviced.,EV-111 is due for scheduled maintenance and has not been serviced.,Maintenance,Medium
352,Ride was cancelled midway without explanation for EV-120.,Ride was cancelled midway without explanation for EV-120.,Ride,Medium
353,Payment gateway timeout occurred during checkout.,Payment gateway timeout occurred during checkout.,Payment,Critical
354,Query raised about the loyalty rewards program.,Query raised about the loyalty rewards program.,Other,Medium
355,Issue: Ride was cancelled midway without explanation for EV-129.,Ride was cancelled midway without explanation for EV-129.,Ride,Low
356,EV-100 is making unusual noise from the motor.,EV-100 is making unusual noise from the motor.,Vehicle,Medium
357,Alert: EV-105 shows sudden battery drain even when parked.,EV-105 shows sudden battery drain even when parked.,Battery,Medium
358,Maintenance team flagged worn brake pads on EV-125.,Maintenance team flagged worn brake pads on EV-125.,Maintenance,Critical
359,Alert: Driver has not arrived for the assigned shift at Bangalore South Hub.,Driver has not arrived for the assigned shift at Bangalore South Hub.,Driver,Critical
360,Backend sync issue causing duplicate ride records at Delhi North Hub.,Backend sync issue causing duplicate ride records at Delhi North Hub.,Technical,High
361,"Report: EV-109 shuts down unexpectedly, suspected battery fault.","EV-109 shuts down unexpectedly, suspected battery fault.",Battery,Critical
362,Issue: Maintenance team flagged worn brake pads on EV-123.,Maintenance team flagged worn brake pads on EV-123.,Maintenance,High
363,Issue: EV-114 shows charging error code and will not start charging.,EV-114 shows charging error code and will not start charging.,Charging,Critical
364,Alert: EV-114 brakes feel soft and need inspection.,EV-114 brakes feel soft and need inspection.,Vehicle,Critical
365,Customer payment was successful but booking was not confirmed.,Customer payment was successful but booking was not confirmed.,Payment,Critical
366,Report: EV-123 is due for scheduled maintenance and has not been serviced.,EV-123 is due for scheduled maintenance and has not been serviced.,Maintenance,Medium
367,Report: EV-109 is making unusual noise from the motor.,EV-109 is making unusual noise from the motor.,Vehicle,Critical
368,Alert: EV-113 requires software update for the onboard diagnostics system.,EV-113 requires software update for the onboard diagnostics system.,Maintenance,Medium
369,Report: Customer reported a long detour during the ride.,Customer reported a long detour during the ride.,Ride,Medium
370,Alert: Ride was cancelled midway without explanation for EV-112.,Ride was cancelled midway without explanation for EV-112.,Ride,Low
371,Report: Telematics unit on EV-113 stopped sending data.,Telematics unit on EV-113 stopped sending data.,Technical,High
372,Telematics unit on EV-105 stopped sending data.,Telematics unit on EV-105 stopped sending data.,Technical,High
373,Security gate at Bangalore South Hub is malfunctioning.,Security gate at Bangalore South Hub is malfunctioning.,Hub Operations,Low
374,Issue: Customer was charged but booking was not confirmed.,Customer was charged but booking was not confirmed.,Customer,Medium
375,GPS tracking for EV-114 is showing an incorrect location.,GPS tracking for EV-114 is showing an incorrect location.,Technical,Low
376,Report: Miscellaneous request that does not fit an existing category.,Miscellaneous request that does not fit an existing category.,Other,Medium
377,Routine inspection revealed a coolant leak in EV-102.,Routine inspection revealed a coolant leak in EV-102.,Maintenance,Medium
378,Report: Customer payment was successful but booking was not confirmed.,Customer payment was successful but booking was not confirmed.,Payment,High
379,Alert: Query raised about the loyalty rewards program.,Query raised about the loyalty rewards program.,Other,Low
380,Report: EV-100 is due for scheduled maintenance and has not been serviced.,EV-100 is due for scheduled maintenance and has not been serviced.,Maintenance,High
381,Issue: Telematics unit on EV-112 stopped sending data.,Telematics unit on EV-112 stopped sending data.,Technical,High
382,Report: Mobile app crashes when trying to book a ride from Pune Central Hub.,Mobile app crashes when trying to book a ride from Pune Central Hub.,Technical,Critical
383,Alert: Customer requested a refund for a cancelled ride.,Customer requested a refund for a cancelled ride.,Customer,Medium
384,Issue: Mobile app crashes when trying to book a ride from Bangalore South Hub.,Mobile app crashes when trying to book a ride from Bangalore South Hub.,Technical,Critical
385,Report: Battery percentage dropped unusually fast during the last trip for EV-127.,Battery percentage dropped unusually fast during the last trip for EV-127.,Battery,Medium
386,Driver requested additional training on the new vehicle model.,Driver requested additional training on the new vehicle model.,Driver,Medium
387,Driver flagged a scheduling conflict for the upcoming shift at Mumbai East Hub.,Driver flagged a scheduling conflict for the upcoming shift at Mumbai East Hub.,Driver,Medium
388,EV-123 is due for scheduled maintenance and has not been serviced.,EV-123 is due for scheduled maintenance and has not been serviced.,Maintenance,Medium
389,Issue: Charging session for EV-106 keeps disconnecting randomly.,Charging session for EV-106 keeps disconnecting randomly.,Charging,Medium
390,Bangalore South Hub is operating near full capacity with no available parking.,Bangalore South Hub is operating near full capacity with no available parking.,Hub Operations,High
391,EV-121 shows sudden battery drain even when parked.,EV-121 shows sudden battery drain even when parked.,Battery,Medium
392,Alert: Delhi North Hub is operating near full capacity with no available parking.,Delhi North Hub is operating near full capacity with no available parking.,Hub Operations,Medium
393,Alert: Bangalore South Hub requires additional staff during the evening peak hours.,Bangalore South Hub requires additional staff during the evening peak hours.,Hub Operations,Critical
394,Report: EV-111 battery temperature is unusually high during operation.,EV-111 battery temperature is unusually high during operation.,Battery,High
395,Report: Vehicle count mismatch found during the shift-change audit at Delhi North Hub.,Vehicle count mismatch found during the shift-change audit at Delhi North Hub.,Hub Operations,Medium
396,Duplicate payment charged for a single ride.,Duplicate payment charged for a single ride.,Payment,High
397,Report: Pune Central Hub is operating near full capacity with no available parking.,Pune Central Hub is operating near full capacity with no available parking.,Hub Operations,Medium
398,EV-116 maintenance was delayed due to parts unavailability.,EV-116 maintenance was delayed due to parts unavailability.,Maintenance,Medium
399,Report: Backend sync issue causing duplicate ride records at Pune Central Hub.,Backend sync issue causing duplicate ride records at Pune Central Hub.,Technical,Medium
400,Ride was cancelled midway without explanation for EV-108.,Ride was cancelled midway without explanation for EV-108.,Ride,High
401,Alert: Vehicle count mismatch found during the shift-change audit at Pune Central Hub.,Vehicle count mismatch found during the shift-change audit at Pune Central Hub.,Hub Operations,High
402,Issue: Customer payment was successful but booking was not confirmed.,Customer payment was successful but booking was not confirmed.,Payment,Low
403,Issue: Suggestion received to add more charging stations near Delhi North Hub.,Suggestion received to add more charging stations near Delhi North Hub.,Other,Medium
404,Alert: Mobile app crashes when trying to book a ride from Mumbai East Hub.,Mobile app crashes when trying to book a ride from Mumbai East Hub.,Technical,Low
405,Issue: Vehicle count mismatch found during the shift-change audit at Mumbai East Hub.,Vehicle count mismatch found during the shift-change audit at Mumbai East Hub.,Hub Operations,Low
406,Alert: Mumbai East Hub reported a power outage affecting charging operations.,Mumbai East Hub reported a power outage affecting charging operations.,Hub Operations,High
407,Customer waited significantly longer than the estimated arrival time.,Customer waited significantly longer than the estimated arrival time.,Ride,Low
408,Alert: EV-127 shows charging error code and will not start charging.,EV-127 shows charging error code and will not start charging.,Charging,High
409,Driver flagged a scheduling conflict for the upcoming shift at Bangalore South Hub.,Driver flagged a scheduling conflict for the upcoming shift at Bangalore South Hub.,Driver,Medium
410,Alert: Mobile app crashes when trying to book a ride from Delhi North Hub.,Mobile app crashes when trying to book a ride from Delhi North Hub.,Technical,Medium
411,Issue: Customer reported the vehicle was not clean on pickup.,Customer reported the vehicle was not clean on pickup.,Customer,Low
412,Telematics unit on EV-127 stopped sending data.,Telematics unit on EV-127 stopped sending data.,Technical,High
413,Report: Driver flagged a scheduling conflict for the upcoming shift at Bangalore South ...,Driver flagged a scheduling conflict for the upcoming shift at Bangalore South Hub.,Driver,High
414,Vehicle count mismatch found during the shift-change audit at Pune Central Hub.,Vehicle count mismatch found during the shift-change audit at Pune Central Hub.,Hub Operations,Critical
415,EV-129 is not charging at station 3.,EV-129 is not charging at station 3.,Charging,High
416,Alert: Driver reported feeling unwell and requested a shift change.,Driver reported feeling unwell and requested a shift change.,Driver,Low
417,Report: EV-108 shows sudden battery drain even when parked.,EV-108 shows sudden battery drain even when parked.,Battery,Medium
418,Issue: Charging cable at station 5 appears damaged and vehicle is not accepting charge.,Charging cable at station 5 appears damaged and vehicle is not accepting charge.,Charging,High
419,Report: Battery percentage dropped unusually fast during the last trip for EV-106.,Battery percentage dropped unusually fast during the last trip for EV-106.,Battery,Critical
420,Payment gateway timeout occurred during checkout.,Payment gateway timeout occurred during checkout.,Payment,Low
421,Issue: EV-102 brakes feel soft and need inspection.,EV-102 brakes feel soft and need inspection.,Vehicle,Critical
422,Report: EV-111 shows sudden battery drain even when parked.,EV-111 shows sudden battery drain even when parked.,Battery,High
423,Report: Suggestion received to add more charging stations near Mumbai East Hub.,Suggestion received to add more charging stations near Mumbai East Hub.,Other,Medium
424,Issue: Suggestion received to add more charging stations near Delhi North Hub.,Suggestion received to add more charging stations near Delhi North Hub.,Other,Low
425,EV-124 battery temperature is unusually high during operation.,EV-124 battery temperature is unusually high during operation.,Battery,High
426,Alert: Customer complained about driver behavior during the ride.,Customer complained about driver behavior during the ride.,Customer,High
427,Report: Charging session for EV-128 keeps disconnecting randomly.,Charging session for EV-128 keeps disconnecting randomly.,Charging,High
428,Issue: EV-120 requires software update for the onboard diagnostics system.,EV-120 requires software update for the onboard diagnostics system.,Maintenance,High
429,Alert: Driver flagged a scheduling conflict for the upcoming shift at Pune Central Hub.,Driver flagged a scheduling conflict for the upcoming shift at Pune Central Hub.,Driver,Low
430,Report: EV-127 brakes feel soft and need inspection.,EV-127 brakes feel soft and need inspection.,Vehicle,High
431,Issue: Mobile app crashes when trying to book a ride from Pune Central Hub.,Mobile app crashes when trying to book a ride from Pune Central Hub.,Technical,High
432,Charging cable at station 5 appears damaged and vehicle is not accepting charge.,Charging cable at station 5 appears damaged and vehicle is not accepting charge.,Charging,High
433,"Issue: EV-117 shuts down unexpectedly, suspected battery fault.","EV-117 shuts down unexpectedly, suspected battery fault.",Battery,Critical
434,Issue: Duplicate payment charged for a single ride.,Duplicate payment charged for a single ride.,Payment,High
435,Ride fare shown at the end did not match the estimate.,Ride fare shown at the end did not match the estimate.,Ride,High
436,Report: Battery health indicator for EV-119 has degraded significantly this month.,Battery health indicator for EV-119 has degraded significantly this month.,Battery,Medium
437,Alert: Battery percentage dropped unusually fast during the last trip for EV-122.,Battery percentage dropped unusually fast during the last trip for EV-122.,Battery,Critical
438,Alert: Driver payout for last week's shifts is showing as pending.,Driver payout for last week's shifts is showing as pending.,Payment,High
439,Alert: Battery percentage dropped unusually fast during the last trip for EV-110.,Battery percentage dropped unusually fast during the last trip for EV-110.,Battery,High
440,Report: Bangalore South Hub is operating near full capacity with no available parking.,Bangalore South Hub is operating near full capacity with no available parking.,Hub Operations,Critical
441,Issue: Customer complained about driver behavior during the ride.,Customer complained about driver behavior during the ride.,Customer,High
442,Report: EV-107 is not charging at station 1.,EV-107 is not charging at station 1.,Charging,High
443,EV-117 broke down during operation near Mumbai East Hub.,EV-117 broke down during operation near Mumbai East Hub.,Vehicle,High
444,Issue: Customer requested a refund for a cancelled ride.,Customer requested a refund for a cancelled ride.,Customer,High
445,EV-125 AC is not working properly.,EV-125 AC is not working properly.,Vehicle,Critical
446,Report: Ride pickup location did not match the app location.,Ride pickup location did not match the app location.,Ride,Critical
447,Customer waited significantly longer than the estimated arrival time.,Customer waited significantly longer than the estimated arrival time.,Ride,Medium
448,Driver requested additional training on the new vehicle model.,Driver requested additional training on the new vehicle model.,Driver,Critical
449,Issue: Charging stops after a few minutes for EV-117 at station 6.,Charging stops after a few minutes for EV-117 at station 6.,Charging,Low
450,Report: Miscellaneous request that does not fit an existing category.,Miscellaneous request that does not fit an existing category.,Other,Medium
451,Report: Routine inspection revealed a coolant leak in EV-101.,Routine inspection revealed a coolant leak in EV-101.,Maintenance,Critical
452,Issue: Payment gateway timeout occurred during checkout.,Payment gateway timeout occurred during checkout.,Payment,Low
453,Issue: Delhi North Hub is operating near full capacity with no available parking.,Delhi North Hub is operating near full capacity with no available parking.,Hub Operations,Critical
454,Maintenance team flagged worn brake pads on EV-107.,Maintenance team flagged worn brake pads on EV-107.,Maintenance,Low
455,Report: Customer requested a refund for a cancelled ride.,Customer requested a refund for a cancelled ride.,Customer,Critical
456,EV-103 tyre pressure warning light is on.,EV-103 tyre pressure warning light is on.,Vehicle,Critical
457,Customer reported the vehicle was not clean on pickup.,Customer reported the vehicle was not clean on pickup.,Customer,Medium
458,Issue: Ride was cancelled midway without explanation for EV-102.,Ride was cancelled midway without explanation for EV-102.,Ride,Low
459,Driver was unreachable during the scheduled pickup window.,Driver was unreachable during the scheduled pickup window.,Driver,Low
460,Report: Customer payment was successful but booking was not confirmed.,Customer payment was successful but booking was not confirmed.,Payment,Low
461,Issue: Charging cable at station 8 appears damaged and vehicle is not accepting charge.,Charging cable at station 8 appears damaged and vehicle is not accepting charge.,Charging,Critical
462,EV-100 broke down during operation near Mumbai East Hub.,EV-100 broke down during operation near Mumbai East Hub.,Vehicle,Critical
463,Issue: Customer was charged but booking was not confirmed.,Customer was charged but booking was not confirmed.,Customer,Critical
464,Alert: Driver flagged a scheduling conflict for the upcoming shift at Pune Central Hub.,Driver flagged a scheduling conflict for the upcoming shift at Pune Central Hub.,Driver,Low
465,Battery percentage dropped unusually fast during the last trip for EV-114.,Battery percentage dropped unusually fast during the last trip for EV-114.,Battery,Low
466,Report: Routine inspection revealed a coolant leak in EV-100.,Routine inspection revealed a coolant leak in EV-100.,Maintenance,High
467,Report: EV-108 is making unusual noise from the motor.,EV-108 is making unusual noise from the motor.,Vehicle,Critical
468,Alert: Query raised about the loyalty rewards program.,Query raised about the loyalty rewards program.,Other,High
469,Issue: Maintenance team flagged worn brake pads on EV-113.,Maintenance team flagged worn brake pads on EV-113.,Maintenance,Medium
470,Alert: EV-115 requires software update for the onboard diagnostics system.,EV-115 requires software update for the onboard diagnostics system.,Maintenance,Low
471,Issue: EV-105 requires software update for the onboard diagnostics system.,EV-105 requires software update for the onboard diagnostics system.,Maintenance,Medium
472,Report: Ride was cancelled midway without explanation for EV-125.,Ride was cancelled midway without explanation for EV-125.,Ride,Low
473,Issue: EV-107 broke down during operation near Bangalore South Hub.,EV-107 broke down during operation near Bangalore South Hub.,Vehicle,High
474,Report: Driver requested additional training on the new vehicle model.,Driver requested additional training on the new vehicle model.,Driver,Low
475,Issue: EV-118 AC is not working properly.,EV-118 AC is not working properly.,Vehicle,Low
476,Customer support ticket unresolved for more than 3 days.,Customer support ticket unresolved for more than 3 days.,Customer,Low
477,Report: Refund for a cancelled ride has not been processed.,Refund for a cancelled ride has not been processed.,Payment,Critical
478,Report: Security gate at Pune Central Hub is malfunctioning.,Security gate at Pune Central Hub is malfunctioning.,Hub Operations,High
479,Report: EV-122 is making unusual noise from the motor.,EV-122 is making unusual noise from the motor.,Vehicle,Critical
480,Alert: Security gate at Bangalore South Hub is malfunctioning.,Security gate at Bangalore South Hub is malfunctioning.,Hub Operations,Low
481,Report: Miscellaneous request that does not fit an existing category.,Miscellaneous request that does not fit an existing category.,Other,Medium
482,Alert: EV-113 dashboard display is flickering intermittently.,EV-113 dashboard display is flickering intermittently.,Vehicle,Critical
483,Alert: Driver requested additional training on the new vehicle model.,Driver requested additional training on the new vehicle model.,Driver,High
484,Issue: EV-123 AC is not working properly.,EV-123 AC is not working properly.,Vehicle,Medium
485,Report: EV-110 tyre pressure warning light is on.,EV-110 tyre pressure warning light is on.,Vehicle,Low
486,Issue: Customer was charged but booking was not confirmed.,Customer was charged but booking was not confirmed.,Customer,High
487,Issue: Query raised about the loyalty rewards program.,Query raised about the loyalty rewards program.,Other,Medium
488,Customer requested a refund for a cancelled ride.,Customer requested a refund for a cancelled ride.,Customer,Critical
489,Alert: Maintenance team flagged worn brake pads on EV-128.,Maintenance team flagged worn brake pads on EV-128.,Maintenance,Low
490,Issue: Payment gateway timeout occurred during checkout.,Payment gateway timeout occurred during checkout.,Payment,High
491,Issue: EV-100 shows charging error code and will not start charging.,EV-100 shows charging error code and will not start charging.,Charging,Low
492,Issue: Customer complained about driver behavior during the ride.,Customer complained about driver behavior during the ride.,Customer,Medium
493,Report: Customer support ticket unresolved for more than 3 days.,Customer support ticket unresolved for more than 3 days.,Customer,Medium
494,Report: Vehicle count mismatch found during the shift-change audit at Pune Central Hub.,Vehicle count mismatch found during the shift-change audit at Pune Central Hub.,Hub Operations,High
495,Issue: EV-123 maintenance was delayed due to parts unavailability.,EV-123 maintenance was delayed due to parts unavailability.,Maintenance,High
496,Issue: Charging cable at station 8 appears damaged and vehicle is not accepting charge.,Charging cable at station 8 appears damaged and vehicle is not accepting charge.,Charging,Critical
497,Report: EV-109 is due for scheduled maintenance and has not been serviced.,EV-109 is due for scheduled maintenance and has not been serviced.,Maintenance,Critical
498,Alert: EV-109 dashboard display is flickering intermittently.,EV-109 dashboard display is flickering intermittently.,Vehicle,Medium
499,Routine inspection revealed a coolant leak in EV-115.,Routine inspection revealed a coolant leak in EV-115.,Maintenance,Medium
500,Issue: EV-128 is making unusual noise from the motor.,EV-128 is making unusual noise from the motor.,Vehicle,Critical
501,Issue: Ride fare shown at the end did not match the estimate.,Ride fare shown at the end did not match the estimate.,Ride,Low
502,EV-121 dashboard display is flickering intermittently.,EV-121 dashboard display is flickering intermittently.,Vehicle,Medium
503,Security gate at Delhi North Hub is malfunctioning.,Security gate at Delhi North Hub is malfunctioning.,Hub Operations,Low
504,Payment gateway timeout occurred during checkout.,Payment gateway timeout occurred during checkout.,Payment,High
505,EV-118 battery percentage is not increasing despite being connected at station 3.,EV-118 battery percentage is not increasing despite being connected at station 3.,Charging,Low
506,Issue: EV-106 AC is not working properly.,EV-106 AC is not working properly.,Vehicle,Critical
507,Issue: Miscellaneous request that does not fit an existing category.,Miscellaneous request that does not fit an existing category.,Other,Medium
508,Battery health indicator for EV-117 has degraded significantly this month.,Battery health indicator for EV-117 has degraded significantly this month.,Battery,Medium
509,Report: Charging session for EV-119 keeps disconnecting randomly.,Charging session for EV-119 keeps disconnecting randomly.,Charging,High
510,Issue: Pune Central Hub requires additional staff during the evening peak hours.,Pune Central Hub requires additional staff during the evening peak hours.,Hub Operations,Medium
511,Customer waited significantly longer than the estimated arrival time.,Customer waited significantly longer than the estimated arrival time.,Ride,High
512,Report: Mumbai East Hub requires additional staff during the evening peak hours.,Mumbai East Hub requires additional staff during the evening peak hours.,Hub Operations,High
513,Alert: Pune Central Hub requires additional staff during the evening peak hours.,Pune Central Hub requires additional staff during the evening peak hours.,Hub Operations,High
514,Issue: Driver has not arrived for the assigned shift at Bangalore South Hub.,Driver has not arrived for the assigned shift at Bangalore South Hub.,Driver,Low
515,Issue: Customer requested a refund for a cancelled ride.,Customer requested a refund for a cancelled ride.,Customer,Low
516,Driver reported feeling unwell and requested a shift change.,Driver reported feeling unwell and requested a shift change.,Driver,High
517,Mumbai East Hub is operating near full capacity with no available parking.,Mumbai East Hub is operating near full capacity with no available parking.,Hub Operations,Low
518,Report: Push notifications for ride status are not being delivered.,Push notifications for ride status are not being delivered.,Technical,Medium
519,Issue: EV-122 shows sudden battery drain even when parked.,EV-122 shows sudden battery drain even when parked.,Battery,Medium
520,EV-128 AC is not working properly.,EV-128 AC is not working properly.,Vehicle,Critical
521,EV-122 shows charging error code and will not start charging.,EV-122 shows charging error code and will not start charging.,Charging,High
522,Payment gateway timeout occurred during checkout.,Payment gateway timeout occurred during checkout.,Payment,High
523,Alert: Vehicle count mismatch found during the shift-change audit at Bangalore South Hub.,Vehicle count mismatch found during the shift-change audit at Bangalore South Hub.,Hub Operations,High
524,Report: EV-100 shows sudden battery drain even when parked.,EV-100 shows sudden battery drain even when parked.,Battery,Critical
525,Issue: Driver reported feeling unwell and requested a shift change.,Driver reported feeling unwell and requested a shift change.,Driver,Medium
526,Issue: General feedback submitted about the overall service experience.,General feedback submitted about the overall service experience.,Other,Low
527,Driver was unreachable during the scheduled pickup window.,Driver was unreachable during the scheduled pickup window.,Driver,Medium
528,Customer reported the vehicle was not clean on pickup.,Customer reported the vehicle was not clean on pickup.,Customer,High
529,Issue: Bangalore South Hub is operating near full capacity with no available parking.,Bangalore South Hub is operating near full capacity with no available parking.,Hub Operations,High
530,Alert: Mobile app crashes when trying to book a ride from Bangalore South Hub.,Mobile app crashes when trying to book a ride from Bangalore South Hub.,Technical,Low
531,Query raised about the loyalty rewards program.,Query raised about the loyalty rewards program.,Other,Low
532,Alert: Query raised about the loyalty rewards program.,Query raised about the loyalty rewards program.,Other,Low
533,Report: Ride fare shown at the end did not match the estimate.,Ride fare shown at the end did not match the estimate.,Ride,Medium
534,Report: Customer complained about driver behavior during the ride.,Customer complained about driver behavior during the ride.,Customer,Medium
535,Alert: Suggestion received to add more charging stations near Delhi North Hub.,Suggestion received to add more charging stations near Delhi North Hub.,Other,High
536,Report: Duplicate payment charged for a single ride.,Duplicate payment charged for a single ride.,Payment,High
537,Alert: Ride fare shown at the end did not match the estimate.,Ride fare shown at the end did not match the estimate.,Ride,High
538,Report: Mobile app crashes when trying to book a ride from Pune Central Hub.,Mobile app crashes when trying to book a ride from Pune Central Hub.,Technical,Medium
539,Report: Customer payment was successful but booking was not confirmed.,Customer payment was successful but booking was not confirmed.,Payment,Medium
540,Report: EV-110 AC is not working properly.,EV-110 AC is not working properly.,Vehicle,Critical
541,Issue: Battery health indicator for EV-110 has degraded significantly this month.,Battery health indicator for EV-110 has degraded significantly this month.,Battery,Medium
542,Issue: Telematics unit on EV-106 stopped sending data.,Telematics unit on EV-106 stopped sending data.,Technical,Medium
543,EV-113 tyre pressure warning light is on.,EV-113 tyre pressure warning light is on.,Vehicle,High
544,Alert: EV-101 is due for scheduled maintenance and has not been serviced.,EV-101 is due for scheduled maintenance and has not been serviced.,Maintenance,Low
545,Alert: Duplicate payment charged for a single ride.,Duplicate payment charged for a single ride.,Payment,High
546,Issue: Customer reported a long detour during the ride.,Customer reported a long detour during the ride.,Ride,High
547,Report: Ride pickup location did not match the app location.,Ride pickup location did not match the app location.,Ride,Low
548,Customer reported the vehicle was not clean on pickup.,Customer reported the vehicle was not clean on pickup.,Customer,Low
549,Report: Charging stops after a few minutes for EV-107 at station 3.,Charging stops after a few minutes for EV-107 at station 3.,Charging,Medium
550,Alert: EV-122 shows sudden battery drain even when parked.,EV-122 shows sudden battery drain even when parked.,Battery,Medium
551,Issue: Driver payout for last week's shifts is showing as pending.,Driver payout for last week's shifts is showing as pending.,Payment,Medium
552,Alert: Charging session for EV-103 keeps disconnecting randomly.,Charging session for EV-103 keeps disconnecting randomly.,Charging,High
553,Issue: GPS tracking for EV-106 is showing an incorrect location.,GPS tracking for EV-106 is showing an incorrect location.,Technical,High
554,Issue: Query raised about the loyalty rewards program.,Query raised about the loyalty rewards program.,Other,Low
555,Driver payout for last week's shifts is showing as pending.,Driver payout for last week's shifts is showing as pending.,Payment,Medium
556,Driver requested additional training on the new vehicle model.,Driver requested additional training on the new vehicle model.,Driver,High
557,Customer reported a long detour during the ride.,Customer reported a long detour during the ride.,Ride,Medium
558,Customer complained about driver behavior during the ride.,Customer complained about driver behavior during the ride.,Customer,Low
559,Report: EV-124 broke down during operation near Pune Central Hub.,EV-124 broke down during operation near Pune Central Hub.,Vehicle,Low
560,Report: Telematics unit on EV-108 stopped sending data.,Telematics unit on EV-108 stopped sending data.,Technical,Critical
561,Issue: EV-111 shows charging error code and will not start charging.,EV-111 shows charging error code and will not start charging.,Charging,Medium
562,EV-127 is not charging at station 3.,EV-127 is not charging at station 3.,Charging,High
563,Report: Bangalore South Hub reported a power outage affecting charging operations.,Bangalore South Hub reported a power outage affecting charging operations.,Hub Operations,Low
564,Battery health indicator for EV-112 has degraded significantly this month.,Battery health indicator for EV-112 has degraded significantly this month.,Battery,Medium
565,Report: Maintenance team flagged worn brake pads on EV-103.,Maintenance team flagged worn brake pads on EV-103.,Maintenance,Low
566,Battery health indicator for EV-129 has degraded significantly this month.,Battery health indicator for EV-129 has degraded significantly this month.,Battery,Critical
567,Issue: Customer support ticket unresolved for more than 3 days.,Customer support ticket unresolved for more than 3 days.,Customer,Low
568,Issue: Routine inspection revealed a coolant leak in EV-101.,Routine inspection revealed a coolant leak in EV-101.,Maintenance,Medium
569,Report: Suggestion received to add more charging stations near Pune Central Hub.,Suggestion received to add more charging stations near Pune Central Hub.,Other,Medium
570,Issue: Telematics unit on EV-121 stopped sending data.,Telematics unit on EV-121 stopped sending data.,Technical,Low
571,Report: Charging session for EV-129 keeps disconnecting randomly.,Charging session for EV-129 keeps disconnecting randomly.,Charging,Medium
572,Issue: Battery health indicator for EV-110 has degraded significantly this month.,Battery health indicator for EV-110 has degraded significantly this month.,Battery,Low
573,Issue: Duplicate payment charged for a single ride.,Duplicate payment charged for a single ride.,Payment,Low
574,Backend sync issue causing duplicate ride records at Pune Central Hub.,Backend sync issue causing duplicate ride records at Pune Central Hub.,Technical,Low
575,Issue: Customer was charged but booking was not confirmed.,Customer was charged but booking was not confirmed.,Customer,Medium
576,Report: Driver payout for last week's shifts is showing as pending.,Driver payout for last week's shifts is showing as pending.,Payment,Low
577,Miscellaneous request that does not fit an existing category.,Miscellaneous request that does not fit an existing category.,Other,Low
578,Issue: Customer support ticket unresolved for more than 3 days.,Customer support ticket unresolved for more than 3 days.,Customer,Medium
579,Alert: EV-100 battery temperature is unusually high during operation.,EV-100 battery temperature is unusually high during operation.,Battery,Medium
580,Driver payout for last week's shifts is showing as pending.,Driver payout for last week's shifts is showing as pending.,Payment,Low
581,Report: EV-123 dashboard display is flickering intermittently.,EV-123 dashboard display is flickering intermittently.,Vehicle,High
582,Report: Driver has not arrived for the assigned shift at Mumbai East Hub.,Driver has not arrived for the assigned shift at Mumbai East Hub.,Driver,Medium
583,Issue: Customer was charged but booking was not confirmed.,Customer was charged but booking was not confirmed.,Customer,Low
584,Issue: Backend sync issue causing duplicate ride records at Delhi North Hub.,Backend sync issue causing duplicate ride records at Delhi North Hub.,Technical,Critical
585,Report: Payment gateway timeout occurred during checkout.,Payment gateway timeout occurred during checkout.,Payment,Medium
586,Report: EV-112 broke down during operation near Delhi North Hub.,EV-112 broke down during operation near Delhi North Hub.,Vehicle,High
587,Report: Ride fare shown at the end did not match the estimate.,Ride fare shown at the end did not match the estimate.,Ride,Low
588,Report: EV-122 maintenance was delayed due to parts unavailability.,EV-122 maintenance was delayed due to parts unavailability.,Maintenance,Medium
589,Report: Driver reported feeling unwell and requested a shift change.,Driver reported feeling unwell and requested a shift change.,Driver,Low
590,Suggestion received to add more charging stations near Pune Central Hub.,Suggestion received to add more charging stations near Pune Central Hub.,Other,Low
591,Bangalore South Hub requires additional staff during the evening peak hours.,Bangalore South Hub requires additional staff during the evening peak hours.,Hub Operations,Low
592,Issue: EV-103 battery percentage is not increasing despite being connected at station 1.,EV-103 battery percentage is not increasing despite being connected at station 1.,Charging,Critical
593,Report: Driver was unreachable during the scheduled pickup window.,Driver was unreachable during the scheduled pickup window.,Driver,Medium
594,Issue: Charging session for EV-125 keeps disconnecting randomly.,Charging session for EV-125 keeps disconnecting randomly.,Charging,Medium
595,Alert: Customer reported the vehicle was not clean on pickup.,Customer reported the vehicle was not clean on pickup.,Customer,High
596,Alert: General feedback submitted about the overall service experience.,General feedback submitted about the overall service experience.,Other,Medium
597,Customer payment was successful but booking was not confirmed.,Customer payment was successful but booking was not confirmed.,Payment,Medium
598,Report: Driver was unreachable during the scheduled pickup window.,Driver was unreachable during the scheduled pickup window.,Driver,High
599,General feedback submitted about the overall service experience.,General feedback submitted about the overall service experience.,Other,Medium
600,Alert: Customer waited significantly longer than the estimated arrival time.,Customer waited significantly longer than the estimated arrival time.,Ride,Medium
601,Alert: EV-114 shows charging error code and will not start charging.,EV-114 shows charging error code and will not start charging.,Charging,High
602,Alert: Delhi North Hub is operating near full capacity with no available parking.,Delhi North Hub is operating near full capacity with no available parking.,Hub Operations,Medium
603,Report: EV-116 shows sudden battery drain even when parked.,EV-116 shows sudden battery drain even when parked.,Battery,High
604,Report: EV-117 maintenance was delayed due to parts unavailability.,EV-117 maintenance was delayed due to parts unavailability.,Maintenance,High
605,Query raised about the loyalty rewards program.,Query raised about the loyalty rewards program.,Other,Medium
606,Report: Customer payment was successful but booking was not confirmed.,Customer payment was successful but booking was not confirmed.,Payment,High
607,Issue: Charging session for EV-128 keeps disconnecting randomly.,Charging session for EV-128 keeps disconnecting randomly.,Charging,Low
608,Alert: EV-117 requires software update for the onboard diagnostics system.,EV-117 requires software update for the onboard diagnostics system.,Maintenance,Low
609,Report: Driver payout for last week's shifts is showing as pending.,Driver payout for last week's shifts is showing as pending.,Payment,High
610,Issue: Customer support ticket unresolved for more than 3 days.,Customer support ticket unresolved for more than 3 days.,Customer,Low
611,Report: General feedback submitted about the overall service experience.,General feedback submitted about the overall service experience.,Other,Low
612,Alert: Payment gateway timeout occurred during checkout.,Payment gateway timeout occurred during checkout.,Payment,Critical
613,Issue: EV-102 is not charging at station 1.,EV-102 is not charging at station 1.,Charging,Medium
614,Security gate at Delhi North Hub is malfunctioning.,Security gate at Delhi North Hub is malfunctioning.,Hub Operations,High
615,Issue: EV-100 requires software update for the onboard diagnostics system.,EV-100 requires software update for the onboard diagnostics system.,Maintenance,Medium
616,Issue: Bangalore South Hub is operating near full capacity with no available parking.,Bangalore South Hub is operating near full capacity with no available parking.,Hub Operations,Low
617,Ride pickup location did not match the app location.,Ride pickup location did not match the app location.,Ride,Low
618,Report: Routine inspection revealed a coolant leak in EV-126.,Routine inspection revealed a coolant leak in EV-126.,Maintenance,High
619,Alert: EV-112 dashboard display is flickering intermittently.,EV-112 dashboard display is flickering intermittently.,Vehicle,High
620,EV-127 battery percentage is not increasing despite being connected at station 3.,EV-127 battery percentage is not increasing despite being connected at station 3.,Charging,Critical
621,Alert: Driver payout for last week's shifts is showing as pending.,Driver payout for last week's shifts is showing as pending.,Payment,Medium
622,Alert: Driver flagged a scheduling conflict for the upcoming shift at Mumbai East Hub.,Driver flagged a scheduling conflict for the upcoming shift at Mumbai East Hub.,Driver,High
623,Issue: Driver has not arrived for the assigned shift at Delhi North Hub.,Driver has not arrived for the assigned shift at Delhi North Hub.,Driver,Medium
624,Ride was cancelled midway without explanation for EV-108.,Ride was cancelled midway without explanation for EV-108.,Ride,Medium
625,Issue: Customer requested a refund for a cancelled ride.,Customer requested a refund for a cancelled ride.,Customer,High
626,Alert: Driver was unreachable during the scheduled pickup window.,Driver was unreachable during the scheduled pickup window.,Driver,Medium
627,Report: Security gate at Bangalore South Hub is malfunctioning.,Security gate at Bangalore South Hub is malfunctioning.,Hub Operations,Low
628,Alert: EV-107 shows charging error code and will not start charging.,EV-107 shows charging error code and will not start charging.,Charging,High
629,Alert: EV-123 dashboard display is flickering intermittently.,EV-123 dashboard display is flickering intermittently.,Vehicle,High
630,Issue: Ride fare shown at the end did not match the estimate.,Ride fare shown at the end did not match the estimate.,Ride,Medium
631,Issue: Customer reported a long detour during the ride.,Customer reported a long detour during the ride.,Ride,Medium
632,Report: Battery percentage dropped unusually fast during the last trip for EV-127.,Battery percentage dropped unusually fast during the last trip for EV-127.,Battery,Medium
633,Report: EV-108 battery percentage is not increasing despite being connected at station 8.,EV-108 battery percentage is not increasing despite being connected at station 8.,Charging,High
634,Issue: Pune Central Hub reported a power outage affecting charging operations.,Pune Central Hub reported a power outage affecting charging operations.,Hub Operations,High
635,Report: Suggestion received to add more charging stations near Mumbai East Hub.,Suggestion received to add more charging stations near Mumbai East Hub.,Other,Medium
636,Issue: Delhi North Hub requires additional staff during the evening peak hours.,Delhi North Hub requires additional staff during the evening peak hours.,Hub Operations,Low
637,Issue: Driver flagged a scheduling conflict for the upcoming shift at Bangalore South Hub.,Driver flagged a scheduling conflict for the upcoming shift at Bangalore South Hub.,Driver,High
638,Suggestion received to add more charging stations near Delhi North Hub.,Suggestion received to add more charging stations near Delhi North Hub.,Other,Medium
639,Alert: EV-120 is not charging at station 6.,EV-120 is not charging at station 6.,Charging,Medium
640,Alert: Customer waited significantly longer than the estimated arrival time.,Customer waited significantly longer than the estimated arrival time.,Ride,Medium
641,Report: Delhi North Hub is operating near full capacity with no available parking.,Delhi North Hub is operating near full capacity with no available parking.,Hub Operations,Low
642,Issue: Payment gateway timeout occurred during checkout.,Payment gateway timeout occurred during checkout.,Payment,Medium
643,Alert: Duplicate payment charged for a single ride.,Duplicate payment charged for a single ride.,Payment,Critical
644,Issue: Driver reported feeling unwell and requested a shift change.,Driver reported feeling unwell and requested a shift change.,Driver,Medium
645,Suggestion received to add more charging stations near Pune Central Hub.,Suggestion received to add more charging stations near Pune Central Hub.,Other,Medium
646,Issue: GPS tracking for EV-118 is showing an incorrect location.,GPS tracking for EV-118 is showing an incorrect location.,Technical,Critical
647,Issue: EV-118 tyre pressure warning light is on.,EV-118 tyre pressure warning light is on.,Vehicle,Medium
648,Security gate at Bangalore South Hub is malfunctioning.,Security gate at Bangalore South Hub is malfunctioning.,Hub Operations,Low
649,Report: Bangalore South Hub requires additional staff during the evening peak hours.,Bangalore South Hub requires additional staff during the evening peak hours.,Hub Operations,Low
650,Push notifications for ride status are not being delivered.,Push notifications for ride status are not being delivered.,Technical,High
651,Alert: Security gate at Bangalore South Hub is malfunctioning.,Security gate at Bangalore South Hub is malfunctioning.,Hub Operations,High
652,Report: Push notifications for ride status are not being delivered.,Push notifications for ride status are not being delivered.,Technical,High
653,Report: Battery percentage dropped unusually fast during the last trip for EV-106.,Battery percentage dropped unusually fast during the last trip for EV-106.,Battery,Medium
654,Report: Push notifications for ride status are not being delivered.,Push notifications for ride status are not being delivered.,Technical,Critical
655,Alert: Delhi North Hub requires additional staff during the evening peak hours.,Delhi North Hub requires additional staff during the evening peak hours.,Hub Operations,Medium
656,Charging session for EV-116 keeps disconnecting randomly.,Charging session for EV-116 keeps disconnecting randomly.,Charging,Low
657,EV-118 requires software update for the onboard diagnostics system.,EV-118 requires software update for the onboard diagnostics system.,Maintenance,Critical
658,Issue: Driver has not arrived for the assigned shift at Bangalore South Hub.,Driver has not arrived for the assigned shift at Bangalore South Hub.,Driver,High
659,Alert: Delhi North Hub requires additional staff during the evening peak hours.,Delhi North Hub requires additional staff during the evening peak hours.,Hub Operations,Medium
660,Alert: EV-103 requires software update for the onboard diagnostics system.,EV-103 requires software update for the onboard diagnostics system.,Maintenance,Medium
661,Customer waited significantly longer than the estimated arrival time.,Customer waited significantly longer than the estimated arrival time.,Ride,Low
662,Driver flagged a scheduling conflict for the upcoming shift at Mumbai East Hub.,Driver flagged a scheduling conflict for the upcoming shift at Mumbai East Hub.,Driver,High
663,Issue: Ride pickup location did not match the app location.,Ride pickup location did not match the app location.,Ride,Medium
664,Driver flagged a scheduling conflict for the upcoming shift at Pune Central Hub.,Driver flagged a scheduling conflict for the upcoming shift at Pune Central Hub.,Driver,High
665,Issue: Customer support ticket unresolved for more than 3 days.,Customer support ticket unresolved for more than 3 days.,Customer,High
666,Report: EV-115 battery temperature is unusually high during operation.,EV-115 battery temperature is unusually high during operation.,Battery,Critical
667,Customer was charged but booking was not confirmed.,Customer was charged but booking was not confirmed.,Customer,Low
668,Mumbai East Hub requires additional staff during the evening peak hours.,Mumbai East Hub requires additional staff during the evening peak hours.,Hub Operations,Medium
669,Report: Charging stops after a few minutes for EV-127 at station 5.,Charging stops after a few minutes for EV-127 at station 5.,Charging,Critical
670,Issue: Security gate at Bangalore South Hub is malfunctioning.,Security gate at Bangalore South Hub is malfunctioning.,Hub Operations,High
671,EV-108 broke down during operation near Bangalore South Hub.,EV-108 broke down during operation near Bangalore South Hub.,Vehicle,Medium
672,Alert: Security gate at Pune Central Hub is malfunctioning.,Security gate at Pune Central Hub is malfunctioning.,Hub Operations,Low
673,Report: Driver payout for last week's shifts is showing as pending.,Driver payout for last week's shifts is showing as pending.,Payment,High
674,Issue: Backend sync issue causing duplicate ride records at Bangalore South Hub.,Backend sync issue causing duplicate ride records at Bangalore South Hub.,Technical,High
675,Alert: Customer payment was successful but booking was not confirmed.,Customer payment was successful but booking was not confirmed.,Payment,Low
676,Report: Driver payout for last week's shifts is showing as pending.,Driver payout for last week's shifts is showing as pending.,Payment,Medium
677,Alert: Customer reported the vehicle was not clean on pickup.,Customer reported the vehicle was not clean on pickup.,Customer,Medium
678,Battery health indicator for EV-120 has degraded significantly this month.,Battery health indicator for EV-120 has degraded significantly this month.,Battery,Medium
679,Issue: Customer support ticket unresolved for more than 3 days.,Customer support ticket unresolved for more than 3 days.,Customer,High
680,Report: EV-102 requires software update for the onboard diagnostics system.,EV-102 requires software update for the onboard diagnostics system.,Maintenance,High
681,Report: Delhi North Hub reported a power outage affecting charging operations.,Delhi North Hub reported a power outage affecting charging operations.,Hub Operations,Medium
682,Alert: Driver was unreachable during the scheduled pickup window.,Driver was unreachable during the scheduled pickup window.,Driver,Low
683,Issue: EV-103 broke down during operation near Delhi North Hub.,EV-103 broke down during operation near Delhi North Hub.,Vehicle,Medium
684,Alert: Telematics unit on EV-119 stopped sending data.,Telematics unit on EV-119 stopped sending data.,Technical,Low
685,Report: GPS tracking for EV-124 is showing an incorrect location.,GPS tracking for EV-124 is showing an incorrect location.,Technical,High
686,Issue: EV-125 battery percentage is not increasing despite being connected at station 7.,EV-125 battery percentage is not increasing despite being connected at station 7.,Charging,Low
687,Refund for a cancelled ride has not been processed.,Refund for a cancelled ride has not been processed.,Payment,Low
688,Alert: Customer was charged but booking was not confirmed.,Customer was charged but booking was not confirmed.,Customer,Medium
689,Report: Customer support ticket unresolved for more than 3 days.,Customer support ticket unresolved for more than 3 days.,Customer,Medium
690,Ride fare shown at the end did not match the estimate.,Ride fare shown at the end did not match the estimate.,Ride,High
691,Alert: Driver flagged a scheduling conflict for the upcoming shift at Bangalore South Hub.,Driver flagged a scheduling conflict for the upcoming shift at Bangalore South Hub.,Driver,Low
692,Alert: GPS tracking for EV-118 is showing an incorrect location.,GPS tracking for EV-118 is showing an incorrect location.,Technical,Low
693,Report: Driver requested additional training on the new vehicle model.,Driver requested additional training on the new vehicle model.,Driver,High
694,Alert: Mobile app crashes when trying to book a ride from Delhi North Hub.,Mobile app crashes when trying to book a ride from Delhi North Hub.,Technical,Critical
695,Report: Telematics unit on EV-108 stopped sending data.,Telematics unit on EV-108 stopped sending data.,Technical,Critical
696,Issue: Charging stops after a few minutes for EV-126 at station 5.,Charging stops after a few minutes for EV-126 at station 5.,Charging,Medium
697,Alert: Telematics unit on EV-108 stopped sending data.,Telematics unit on EV-108 stopped sending data.,Technical,Medium
698,Report: Customer was charged but booking was not confirmed.,Customer was charged but booking was not confirmed.,Customer,Low
699,Bangalore South Hub requires additional staff during the evening peak hours.,Bangalore South Hub requires additional staff during the evening peak hours.,Hub Operations,High
700,Report: Mobile app crashes when trying to book a ride from Delhi North Hub.,Mobile app crashes when trying to book a ride from Delhi North Hub.,Technical,Medium
701,EV-125 dashboard display is flickering intermittently.,EV-125 dashboard display is flickering intermittently.,Vehicle,Medium
702,Alert: Battery percentage dropped unusually fast during the last trip for EV-105.,Battery percentage dropped unusually fast during the last trip for EV-105.,Battery,High
703,Alert: Customer waited significantly longer than the estimated arrival time.,Customer waited significantly longer than the estimated arrival time.,Ride,Low
704,Issue: Mumbai East Hub requires additional staff during the evening peak hours.,Mumbai East Hub requires additional staff during the evening peak hours.,Hub Operations,High
705,EV-107 dashboard display is flickering intermittently.,EV-107 dashboard display is flickering intermittently.,Vehicle,Critical
706,Battery percentage dropped unusually fast during the last trip for EV-102.,Battery percentage dropped unusually fast during the last trip for EV-102.,Battery,Critical
707,Customer payment was successful but booking was not confirmed.,Customer payment was successful but booking was not confirmed.,Payment,Critical
708,Report: Customer reported a long detour during the ride.,Customer reported a long detour during the ride.,Ride,Medium
709,Alert: Duplicate payment charged for a single ride.,Duplicate payment charged for a single ride.,Payment,Low
710,Report: Backend sync issue causing duplicate ride records at Delhi North Hub.,Backend sync issue causing duplicate ride records at Delhi North Hub.,Technical,Critical
711,Bangalore South Hub requires additional staff during the evening peak hours.,Bangalore South Hub requires additional staff during the evening peak hours.,Hub Operations,Low
712,Duplicate payment charged for a single ride.,Duplicate payment charged for a single ride.,Payment,High
713,Report: Customer reported a long detour during the ride.,Customer reported a long detour during the ride.,Ride,Medium
714,Customer requested a refund for a cancelled ride.,Customer requested a refund for a cancelled ride.,Customer,Low
715,Issue: Ride was cancelled midway without explanation for EV-124.,Ride was cancelled midway without explanation for EV-124.,Ride,Medium
716,Report: Refund for a cancelled ride has not been processed.,Refund for a cancelled ride has not been processed.,Payment,High
717,Miscellaneous request that does not fit an existing category.,Miscellaneous request that does not fit an existing category.,Other,Medium
718,Alert: Suggestion received to add more charging stations near Bangalore South Hub.,Suggestion received to add more charging stations near Bangalore South Hub.,Other,Low
719,Issue: Maintenance team flagged worn brake pads on EV-127.,Maintenance team flagged worn brake pads on EV-127.,Maintenance,Critical
720,Miscellaneous request that does not fit an existing category.,Miscellaneous request that does not fit an existing category.,Other,Low
721,Issue: Driver was unreachable during the scheduled pickup window.,Driver was unreachable during the scheduled pickup window.,Driver,Low
722,Issue: EV-109 broke down during operation near Mumbai East Hub.,EV-109 broke down during operation near Mumbai East Hub.,Vehicle,Medium
723,Driver has not arrived for the assigned shift at Delhi North Hub.,Driver has not arrived for the assigned shift at Delhi North Hub.,Driver,High
724,Report: Ride fare shown at the end did not match the estimate.,Ride fare shown at the end did not match the estimate.,Ride,Medium
725,Report: EV-124 shows charging error code and will not start charging.,EV-124 shows charging error code and will not start charging.,Charging,High
726,Report: Driver was unreachable during the scheduled pickup window.,Driver was unreachable during the scheduled pickup window.,Driver,High
727,Issue: Routine inspection revealed a coolant leak in EV-107.,Routine inspection revealed a coolant leak in EV-107.,Maintenance,High
728,Report: Duplicate payment charged for a single ride.,Duplicate payment charged for a single ride.,Payment,Low
729,Alert: General feedback submitted about the overall service experience.,General feedback submitted about the overall service experience.,Other,Medium
730,Report: Driver was unreachable during the scheduled pickup window.,Driver was unreachable during the scheduled pickup window.,Driver,Low
731,Issue: Miscellaneous request that does not fit an existing category.,Miscellaneous request that does not fit an existing category.,Other,Low
732,Report: Maintenance team flagged worn brake pads on EV-100.,Maintenance team flagged worn brake pads on EV-100.,Maintenance,Medium
733,Alert: Customer was charged but booking was not confirmed.,Customer was charged but booking was not confirmed.,Customer,Critical
734,Issue: General feedback submitted about the overall service experience.,General feedback submitted about the overall service experience.,Other,Low
735,EV-107 brakes feel soft and need inspection.,EV-107 brakes feel soft and need inspection.,Vehicle,Medium
736,Alert: Driver has not arrived for the assigned shift at Bangalore South Hub.,Driver has not arrived for the assigned shift at Bangalore South Hub.,Driver,Medium
737,Charging cable at station 8 appears damaged and vehicle is not accepting charge.,Charging cable at station 8 appears damaged and vehicle is not accepting charge.,Charging,High
738,Alert: Driver requested additional training on the new vehicle model.,Driver requested additional training on the new vehicle model.,Driver,Medium
739,Alert: Mumbai East Hub requires additional staff during the evening peak hours.,Mumbai East Hub requires additional staff during the evening peak hours.,Hub Operations,High
740,Issue: Refund for a cancelled ride has not been processed.,Refund for a cancelled ride has not been processed.,Payment,Medium
741,Bangalore South Hub reported a power outage affecting charging operations.,Bangalore South Hub reported a power outage affecting charging operations.,Hub Operations,Medium
742,Alert: Driver requested additional training on the new vehicle model.,Driver requested additional training on the new vehicle model.,Driver,Medium
743,Report: EV-103 requires software update for the onboard diagnostics system.,EV-103 requires software update for the onboard diagnostics system.,Maintenance,Critical
744,Issue: EV-106 broke down during operation near Delhi North Hub.,EV-106 broke down during operation near Delhi North Hub.,Vehicle,Critical
745,Report: Vehicle count mismatch found during the shift-change audit at Bangalore South Hub.,Vehicle count mismatch found during the shift-change audit at Bangalore South Hub.,Hub Operations,Critical
746,Issue: Delhi North Hub is operating near full capacity with no available parking.,Delhi North Hub is operating near full capacity with no available parking.,Hub Operations,Low
747,Issue: Mobile app crashes when trying to book a ride from Bangalore South Hub.,Mobile app crashes when trying to book a ride from Bangalore South Hub.,Technical,Medium
748,Issue: Pune Central Hub reported a power outage affecting charging operations.,Pune Central Hub reported a power outage affecting charging operations.,Hub Operations,Low
749,Report: Driver requested additional training on the new vehicle model.,Driver requested additional training on the new vehicle model.,Driver,Medium
750,Driver requested additional training on the new vehicle model.,Driver requested additional training on the new vehicle model.,Driver,Medium
751,"Report: EV-111 shuts down unexpectedly, suspected battery fault.","EV-111 shuts down unexpectedly, suspected battery fault.",Battery,Medium
752,EV-112 tyre pressure warning light is on.,EV-112 tyre pressure warning light is on.,Vehicle,High
753,Customer requested a refund for a cancelled ride.,Customer requested a refund for a cancelled ride.,Customer,Medium
754,Alert: Customer support ticket unresolved for more than 3 days.,Customer support ticket unresolved for more than 3 days.,Customer,Medium
755,Alert: Customer reported the vehicle was not clean on pickup.,Customer reported the vehicle was not clean on pickup.,Customer,Medium
756,Report: Bangalore South Hub is operating near full capacity with no available parking.,Bangalore South Hub is operating near full capacity with no available parking.,Hub Operations,Critical
757,Driver was unreachable during the scheduled pickup window.,Driver was unreachable during the scheduled pickup window.,Driver,Critical
758,Report: Customer complained about driver behavior during the ride.,Customer complained about driver behavior during the ride.,Customer,Low
759,Report: Driver was unreachable during the scheduled pickup window.,Driver was unreachable during the scheduled pickup window.,Driver,Medium
760,Issue: EV-125 shows sudden battery drain even when parked.,EV-125 shows sudden battery drain even when parked.,Battery,High
761,Alert: Pune Central Hub reported a power outage affecting charging operations.,Pune Central Hub reported a power outage affecting charging operations.,Hub Operations,Medium
762,Issue: Customer reported the vehicle was not clean on pickup.,Customer reported the vehicle was not clean on pickup.,Customer,Medium
763,Report: Miscellaneous request that does not fit an existing category.,Miscellaneous request that does not fit an existing category.,Other,Medium
764,Customer support ticket unresolved for more than 3 days.,Customer support ticket unresolved for more than 3 days.,Customer,Critical
765,Push notifications for ride status are not being delivered.,Push notifications for ride status are not being delivered.,Technical,High
766,Issue: EV-110 AC is not working properly.,EV-110 AC is not working properly.,Vehicle,High
767,Report: Payment gateway timeout occurred during checkout.,Payment gateway timeout occurred during checkout.,Payment,Medium
768,Report: EV-117 brakes feel soft and need inspection.,EV-117 brakes feel soft and need inspection.,Vehicle,High
769,Driver payout for last week's shifts is showing as pending.,Driver payout for last week's shifts is showing as pending.,Payment,Critical
770,Alert: Customer support ticket unresolved for more than 3 days.,Customer support ticket unresolved for more than 3 days.,Customer,Medium
771,Alert: Driver was unreachable during the scheduled pickup window.,Driver was unreachable during the scheduled pickup window.,Driver,High
772,Report: Vehicle count mismatch found during the shift-change audit at Delhi North Hub.,Vehicle count mismatch found during the shift-change audit at Delhi North Hub.,Hub Operations,Critical
773,Report: Driver was unreachable during the scheduled pickup window.,Driver was unreachable during the scheduled pickup window.,Driver,Medium
774,Issue: Security gate at Pune Central Hub is malfunctioning.,Security gate at Pune Central Hub is malfunctioning.,Hub Operations,High
775,Report: Ride fare shown at the end did not match the estimate.,Ride fare shown at the end did not match the estimate.,Ride,High
776,Report: Driver requested additional training on the new vehicle model.,Driver requested additional training on the new vehicle model.,Driver,Medium
777,Alert: General feedback submitted about the overall service experience.,General feedback submitted about the overall service experience.,Other,High
778,Issue: Driver requested additional training on the new vehicle model.,Driver requested additional training on the new vehicle model.,Driver,Medium
779,Issue: Battery health indicator for EV-121 has degraded significantly this month.,Battery health indicator for EV-121 has degraded significantly this month.,Battery,Medium
780,Ride fare shown at the end did not match the estimate.,Ride fare shown at the end did not match the estimate.,Ride,Low
781,Mumbai East Hub requires additional staff during the evening peak hours.,Mumbai East Hub requires additional staff during the evening peak hours.,Hub Operations,Medium
782,Customer payment was successful but booking was not confirmed.,Customer payment was successful but booking was not confirmed.,Payment,High
783,Report: EV-111 broke down during operation near Bangalore South Hub.,EV-111 broke down during operation near Bangalore South Hub.,Vehicle,Medium
784,Issue: Refund for a cancelled ride has not been processed.,Refund for a cancelled ride has not been processed.,Payment,Low
785,Report: Refund for a cancelled ride has not been processed.,Refund for a cancelled ride has not been processed.,Payment,Low
786,Report: Battery health indicator for EV-116 has degraded significantly this month.,Battery health indicator for EV-116 has degraded significantly this month.,Battery,High
787,Report: EV-129 requires software update for the onboard diagnostics system.,EV-129 requires software update for the onboard diagnostics system.,Maintenance,Medium
788,Report: Suggestion received to add more charging stations near Mumbai East Hub.,Suggestion received to add more charging stations near Mumbai East Hub.,Other,Medium
789,Issue: Maintenance team flagged worn brake pads on EV-120.,Maintenance team flagged worn brake pads on EV-120.,Maintenance,Critical
790,EV-126 is making unusual noise from the motor.,EV-126 is making unusual noise from the motor.,Vehicle,Medium
791,Issue: EV-114 requires software update for the onboard diagnostics system.,EV-114 requires software update for the onboard diagnostics system.,Maintenance,Medium
792,Report: EV-100 AC is not working properly.,EV-100 AC is not working properly.,Vehicle,High
793,General feedback submitted about the overall service experience.,General feedback submitted about the overall service experience.,Other,High
794,Report: Query raised about the loyalty rewards program.,Query raised about the loyalty rewards program.,Other,Medium
795,Driver reported feeling unwell and requested a shift change.,Driver reported feeling unwell and requested a shift change.,Driver,Low
796,Driver reported feeling unwell and requested a shift change.,Driver reported feeling unwell and requested a shift change.,Driver,High
797,Vehicle count mismatch found during the shift-change audit at Delhi North Hub.,Vehicle count mismatch found during the shift-change audit at Delhi North Hub.,Hub Operations,Low
798,Issue: EV-119 is due for scheduled maintenance and has not been serviced.,EV-119 is due for scheduled maintenance and has not been serviced.,Maintenance,High
799,Report: Customer payment was successful but booking was not confirmed.,Customer payment was successful but booking was not confirmed.,Payment,Low
800,Issue: Driver payout for last week's shifts is showing as pending.,Driver payout for last week's shifts is showing as pending.,Payment,Medium
801,Alert: Driver was unreachable during the scheduled pickup window.,Driver was unreachable during the scheduled pickup window.,Driver,Medium
802,Report: GPS tracking for EV-113 is showing an incorrect location.,GPS tracking for EV-113 is showing an incorrect location.,Technical,Medium
803,Report: Backend sync issue causing duplicate ride records at Mumbai East Hub.,Backend sync issue causing duplicate ride records at Mumbai East Hub.,Technical,Medium
804,Report: Routine inspection revealed a coolant leak in EV-110.,Routine inspection revealed a coolant leak in EV-110.,Maintenance,High
805,Issue: Mobile app crashes when trying to book a ride from Mumbai East Hub.,Mobile app crashes when trying to book a ride from Mumbai East Hub.,Technical,Medium
806,Battery percentage dropped unusually fast during the last trip for EV-122.,Battery percentage dropped unusually fast during the last trip for EV-122.,Battery,Critical
807,Report: Driver payout for last week's shifts is showing as pending.,Driver payout for last week's shifts is showing as pending.,Payment,Critical
808,Report: Customer support ticket unresolved for more than 3 days.,Customer support ticket unresolved for more than 3 days.,Customer,Low
809,Report: Charging cable at station 5 appears damaged and vehicle is not accepting charge.,Charging cable at station 5 appears damaged and vehicle is not accepting charge.,Charging,High
810,EV-106 battery temperature is unusually high during operation.,EV-106 battery temperature is unusually high during operation.,Battery,Critical
811,Push notifications for ride status are not being delivered.,Push notifications for ride status are not being delivered.,Technical,High
812,Alert: Backend sync issue causing duplicate ride records at Pune Central Hub.,Backend sync issue causing duplicate ride records at Pune Central Hub.,Technical,High
813,Issue: Pune Central Hub requires additional staff during the evening peak hours.,Pune Central Hub requires additional staff during the evening peak hours.,Hub Operations,High
814,Alert: Query raised about the loyalty rewards program.,Query raised about the loyalty rewards program.,Other,Low
815,Report: Customer was charged but booking was not confirmed.,Customer was charged but booking was not confirmed.,Customer,Low
816,Alert: Query raised about the loyalty rewards program.,Query raised about the loyalty rewards program.,Other,Low
817,EV-124 is not charging at station 5.,EV-124 is not charging at station 5.,Charging,High
818,Issue: Battery health indicator for EV-126 has degraded significantly this month.,Battery health indicator for EV-126 has degraded significantly this month.,Battery,High
819,Issue: Ride pickup location did not match the app location.,Ride pickup location did not match the app location.,Ride,Medium
820,"Alert: EV-123 shuts down unexpectedly, suspected battery fault.","EV-123 shuts down unexpectedly, suspected battery fault.",Battery,Medium
821,Alert: EV-127 maintenance was delayed due to parts unavailability.,EV-127 maintenance was delayed due to parts unavailability.,Maintenance,Medium
822,Report: EV-118 tyre pressure warning light is on.,EV-118 tyre pressure warning light is on.,Vehicle,High
823,Issue: Security gate at Mumbai East Hub is malfunctioning.,Security gate at Mumbai East Hub is malfunctioning.,Hub Operations,Critical
824,Alert: Mobile app crashes when trying to book a ride from Delhi North Hub.,Mobile app crashes when trying to book a ride from Delhi North Hub.,Technical,High
825,Alert: Customer support ticket unresolved for more than 3 days.,Customer support ticket unresolved for more than 3 days.,Customer,Medium
826,Issue: Ride was cancelled midway without explanation for EV-109.,Ride was cancelled midway without explanation for EV-109.,Ride,Low
827,Report: Query raised about the loyalty rewards program.,Query raised about the loyalty rewards program.,Other,Low
828,Report: Customer requested a refund for a cancelled ride.,Customer requested a refund for a cancelled ride.,Customer,Medium
829,GPS tracking for EV-120 is showing an incorrect location.,GPS tracking for EV-120 is showing an incorrect location.,Technical,Medium
830,Alert: EV-109 battery percentage is not increasing despite being connected at station 6.,EV-109 battery percentage is not increasing despite being connected at station 6.,Charging,High
831,Customer was charged but booking was not confirmed.,Customer was charged but booking was not confirmed.,Customer,High
832,Alert: Suggestion received to add more charging stations near Mumbai East Hub.,Suggestion received to add more charging stations near Mumbai East Hub.,Other,Medium
833,Report: Customer was charged but booking was not confirmed.,Customer was charged but booking was not confirmed.,Customer,Medium
834,Report: Customer reported the vehicle was not clean on pickup.,Customer reported the vehicle was not clean on pickup.,Customer,Medium
835,EV-125 shows sudden battery drain even when parked.,EV-125 shows sudden battery drain even when parked.,Battery,Low
836,Customer payment was successful but booking was not confirmed.,Customer payment was successful but booking was not confirmed.,Payment,High
837,Issue: Refund for a cancelled ride has not been processed.,Refund for a cancelled ride has not been processed.,Payment,Medium
838,Issue: Duplicate payment charged for a single ride.,Duplicate payment charged for a single ride.,Payment,High
839,Issue: EV-129 shows charging error code and will not start charging.,EV-129 shows charging error code and will not start charging.,Charging,High
840,"Alert: EV-124 shuts down unexpectedly, suspected battery fault.","EV-124 shuts down unexpectedly, suspected battery fault.",Battery,Medium
841,Alert: Suggestion received to add more charging stations near Mumbai East Hub.,Suggestion received to add more charging stations near Mumbai East Hub.,Other,Medium
842,Issue: Mobile app crashes when trying to book a ride from Mumbai East Hub.,Mobile app crashes when trying to book a ride from Mumbai East Hub.,Technical,High
843,Alert: Mumbai East Hub requires additional staff during the evening peak hours.,Mumbai East Hub requires additional staff during the evening peak hours.,Hub Operations,Medium
844,Alert: Customer reported a long detour during the ride.,Customer reported a long detour during the ride.,Ride,High
845,Pune Central Hub reported a power outage affecting charging operations.,Pune Central Hub reported a power outage affecting charging operations.,Hub Operations,Critical
846,General feedback submitted about the overall service experience.,General feedback submitted about the overall service experience.,Other,High
847,Report: EV-119 dashboard display is flickering intermittently.,EV-119 dashboard display is flickering intermittently.,Vehicle,High
848,General feedback submitted about the overall service experience.,General feedback submitted about the overall service experience.,Other,High
849,Report: Battery health indicator for EV-109 has degraded significantly this month.,Battery health indicator for EV-109 has degraded significantly this month.,Battery,High
850,Alert: EV-108 tyre pressure warning light is on.,EV-108 tyre pressure warning light is on.,Vehicle,Critical
851,Alert: Customer reported the vehicle was not clean on pickup.,Customer reported the vehicle was not clean on pickup.,Customer,Medium
852,Report: Backend sync issue causing duplicate ride records at Bangalore South Hub.,Backend sync issue causing duplicate ride records at Bangalore South Hub.,Technical,Medium
853,Issue: Customer payment was successful but booking was not confirmed.,Customer payment was successful but booking was not confirmed.,Payment,Medium
854,Report: Customer waited significantly longer than the estimated arrival time.,Customer waited significantly longer than the estimated arrival time.,Ride,High
855,Duplicate payment charged for a single ride.,Duplicate payment charged for a single ride.,Payment,High
856,Issue: EV-125 maintenance was delayed due to parts unavailability.,EV-125 maintenance was delayed due to parts unavailability.,Maintenance,High
857,Vehicle count mismatch found during the shift-change audit at Bangalore South Hub.,Vehicle count mismatch found during the shift-change audit at Bangalore South Hub.,Hub Operations,Medium
858,EV-112 is making unusual noise from the motor.,EV-112 is making unusual noise from the motor.,Vehicle,Medium
859,Report: Customer reported the vehicle was not clean on pickup.,Customer reported the vehicle was not clean on pickup.,Customer,High
860,Alert: Mumbai East Hub is operating near full capacity with no available parking.,Mumbai East Hub is operating near full capacity with no available parking.,Hub Operations,Medium
861,Alert: EV-118 maintenance was delayed due to parts unavailability.,EV-118 maintenance was delayed due to parts unavailability.,Maintenance,High
862,Alert: Customer waited significantly longer than the estimated arrival time.,Customer waited significantly longer than the estimated arrival time.,Ride,Medium
863,"Issue: EV-100 shuts down unexpectedly, suspected battery fault.","EV-100 shuts down unexpectedly, suspected battery fault.",Battery,Medium
864,Alert: Customer support ticket unresolved for more than 3 days.,Customer support ticket unresolved for more than 3 days.,Customer,High
865,Charging stops after a few minutes for EV-113 at station 7.,Charging stops after a few minutes for EV-113 at station 7.,Charging,Medium
866,Report: Routine inspection revealed a coolant leak in EV-117.,Routine inspection revealed a coolant leak in EV-117.,Maintenance,High
867,Report: Payment gateway timeout occurred during checkout.,Payment gateway timeout occurred during checkout.,Payment,High
868,EV-102 broke down during operation near Mumbai East Hub.,EV-102 broke down during operation near Mumbai East Hub.,Vehicle,Medium
869,Miscellaneous request that does not fit an existing category.,Miscellaneous request that does not fit an existing category.,Other,Low
870,Push notifications for ride status are not being delivered.,Push notifications for ride status are not being delivered.,Technical,Medium
871,Issue: Payment gateway timeout occurred during checkout.,Payment gateway timeout occurred during checkout.,Payment,High
872,Alert: Vehicle count mismatch found during the shift-change audit at Bangalore South Hub.,Vehicle count mismatch found during the shift-change audit at Bangalore South Hub.,Hub Operations,High
873,EV-118 is not charging at station 8.,EV-118 is not charging at station 8.,Charging,Critical
874,Issue: EV-123 battery temperature is unusually high during operation.,EV-123 battery temperature is unusually high during operation.,Battery,High
875,Alert: Driver flagged a scheduling conflict for the upcoming shift at Bangalore South Hub.,Driver flagged a scheduling conflict for the upcoming shift at Bangalore South Hub.,Driver,Medium
876,Alert: Customer payment was successful but booking was not confirmed.,Customer payment was successful but booking was not confirmed.,Payment,Medium
877,Alert: EV-125 requires software update for the onboard diagnostics system.,EV-125 requires software update for the onboard diagnostics system.,Maintenance,High
878,Alert: Mumbai East Hub reported a power outage affecting charging operations.,Mumbai East Hub reported a power outage affecting charging operations.,Hub Operations,Medium
879,Issue: Pune Central Hub is operating near full capacity with no available parking.,Pune Central Hub is operating near full capacity with no available parking.,Hub Operations,Critical
880,Issue: Ride pickup location did not match the app location.,Ride pickup location did not match the app location.,Ride,Low
881,"Report: EV-105 shuts down unexpectedly, suspected battery fault.","EV-105 shuts down unexpectedly, suspected battery fault.",Battery,High
882,Issue: Customer reported a long detour during the ride.,Customer reported a long detour during the ride.,Ride,Medium
883,EV-129 tyre pressure warning light is on.,EV-129 tyre pressure warning light is on.,Vehicle,Medium
884,Alert: Maintenance team flagged worn brake pads on EV-121.,Maintenance team flagged worn brake pads on EV-121.,Maintenance,High
885,Charging session for EV-108 keeps disconnecting randomly.,Charging session for EV-108 keeps disconnecting randomly.,Charging,High
886,Telematics unit on EV-115 stopped sending data.,Telematics unit on EV-115 stopped sending data.,Technical,Medium
887,Telematics unit on EV-104 stopped sending data.,Telematics unit on EV-104 stopped sending data.,Technical,High
888,Alert: EV-116 requires software update for the onboard diagnostics system.,EV-116 requires software update for the onboard diagnostics system.,Maintenance,Low
889,Issue: EV-129 maintenance was delayed due to parts unavailability.,EV-129 maintenance was delayed due to parts unavailability.,Maintenance,High
890,Report: Customer waited significantly longer than the estimated arrival time.,Customer waited significantly longer than the estimated arrival time.,Ride,Medium
891,Issue: Refund for a cancelled ride has not been processed.,Refund for a cancelled ride has not been processed.,Payment,Medium
892,Alert: Battery percentage dropped unusually fast during the last trip for EV-113.,Battery percentage dropped unusually fast during the last trip for EV-113.,Battery,Medium
893,Issue: Driver was unreachable during the scheduled pickup window.,Driver was unreachable during the scheduled pickup window.,Driver,Critical
894,Issue: EV-121 battery percentage is not increasing despite being connected at station 4.,EV-121 battery percentage is not increasing despite being connected at station 4.,Charging,Medium
895,"Report: EV-104 shuts down unexpectedly, suspected battery fault.","EV-104 shuts down unexpectedly, suspected battery fault.",Battery,Medium
896,Alert: Ride pickup location did not match the app location.,Ride pickup location did not match the app location.,Ride,Low
897,Issue: EV-108 requires software update for the onboard diagnostics system.,EV-108 requires software update for the onboard diagnostics system.,Maintenance,High
898,Alert: Routine inspection revealed a coolant leak in EV-110.,Routine inspection revealed a coolant leak in EV-110.,Maintenance,Low
899,Report: EV-102 brakes feel soft and need inspection.,EV-102 brakes feel soft and need inspection.,Vehicle,Medium
900,Issue: Miscellaneous request that does not fit an existing category.,Miscellaneous request that does not fit an existing category.,Other,Medium
901,Alert: Telematics unit on EV-103 stopped sending data.,Telematics unit on EV-103 stopped sending data.,Technical,Critical
902,Issue: Mobile app crashes when trying to book a ride from Mumbai East Hub.,Mobile app crashes when trying to book a ride from Mumbai East Hub.,Technical,Medium
903,Charging session for EV-112 keeps disconnecting randomly.,Charging session for EV-112 keeps disconnecting randomly.,Charging,Medium
904,Issue: Delhi North Hub is operating near full capacity with no available parking.,Delhi North Hub is operating near full capacity with no available parking.,Hub Operations,High
905,Alert: Duplicate payment charged for a single ride.,Duplicate payment charged for a single ride.,Payment,High
906,Alert: Customer requested a refund for a cancelled ride.,Customer requested a refund for a cancelled ride.,Customer,High
907,Issue: Battery health indicator for EV-124 has degraded significantly this month.,Battery health indicator for EV-124 has degraded significantly this month.,Battery,Critical
908,Alert: Maintenance team flagged worn brake pads on EV-109.,Maintenance team flagged worn brake pads on EV-109.,Maintenance,Medium
909,Report: Mobile app crashes when trying to book a ride from Mumbai East Hub.,Mobile app crashes when trying to book a ride from Mumbai East Hub.,Technical,Critical
910,Alert: Charging session for EV-118 keeps disconnecting randomly.,Charging session for EV-118 keeps disconnecting randomly.,Charging,High
911,Issue: Push notifications for ride status are not being delivered.,Push notifications for ride status are not being delivered.,Technical,Critical
912,Customer was charged but booking was not confirmed.,Customer was charged but booking was not confirmed.,Customer,Low
913,Report: Suggestion received to add more charging stations near Pune Central Hub.,Suggestion received to add more charging stations near Pune Central Hub.,Other,Critical
914,Report: Mobile app crashes when trying to book a ride from Mumbai East Hub.,Mobile app crashes when trying to book a ride from Mumbai East Hub.,Technical,Medium
915,Issue: Charging stops after a few minutes for EV-120 at station 1.,Charging stops after a few minutes for EV-120 at station 1.,Charging,Medium
916,Report: Push notifications for ride status are not being delivered.,Push notifications for ride status are not being delivered.,Technical,Critical
917,Report: EV-113 battery temperature is unusually high during operation.,EV-113 battery temperature is unusually high during operation.,Battery,High
918,Issue: Customer complained about driver behavior during the ride.,Customer complained about driver behavior during the ride.,Customer,High
919,Report: Customer reported a long detour during the ride.,Customer reported a long detour during the ride.,Ride,Medium
920,GPS tracking for EV-129 is showing an incorrect location.,GPS tracking for EV-129 is showing an incorrect location.,Technical,Critical
921,Report: EV-128 broke down during operation near Pune Central Hub.,EV-128 broke down during operation near Pune Central Hub.,Vehicle,Critical
922,"EV-128 shuts down unexpectedly, suspected battery fault.","EV-128 shuts down unexpectedly, suspected battery fault.",Battery,Medium
923,Report: EV-104 AC is not working properly.,EV-104 AC is not working properly.,Vehicle,High
924,Issue: Delhi North Hub is operating near full capacity with no available parking.,Delhi North Hub is operating near full capacity with no available parking.,Hub Operations,Medium
925,Report: Query raised about the loyalty rewards program.,Query raised about the loyalty rewards program.,Other,Medium
926,"Report: EV-103 shuts down unexpectedly, suspected battery fault.","EV-103 shuts down unexpectedly, suspected battery fault.",Battery,High
927,Ride was cancelled midway without explanation for EV-106.,Ride was cancelled midway without explanation for EV-106.,Ride,Medium
928,Alert: GPS tracking for EV-105 is showing an incorrect location.,GPS tracking for EV-105 is showing an incorrect location.,Technical,Medium
929,Issue: Driver flagged a scheduling conflict for the upcoming shift at Delhi North Hub.,Driver flagged a scheduling conflict for the upcoming shift at Delhi North Hub.,Driver,Critical
930,Issue: Duplicate payment charged for a single ride.,Duplicate payment charged for a single ride.,Payment,Medium
931,Alert: Driver flagged a scheduling conflict for the upcoming shift at Delhi North Hub.,Driver flagged a scheduling conflict for the upcoming shift at Delhi North Hub.,Driver,High
932,Driver has not arrived for the assigned shift at Pune Central Hub.,Driver has not arrived for the assigned shift at Pune Central Hub.,Driver,High
933,Driver flagged a scheduling conflict for the upcoming shift at Pune Central Hub.,Driver flagged a scheduling conflict for the upcoming shift at Pune Central Hub.,Driver,Medium
934,Alert: Charging cable at station 4 appears damaged and vehicle is not accepting charge.,Charging cable at station 4 appears damaged and vehicle is not accepting charge.,Charging,High
935,Report: EV-123 brakes feel soft and need inspection.,EV-123 brakes feel soft and need inspection.,Vehicle,Low
936,Customer complained about driver behavior during the ride.,Customer complained about driver behavior during the ride.,Customer,High
937,Report: Backend sync issue causing duplicate ride records at Mumbai East Hub.,Backend sync issue causing duplicate ride records at Mumbai East Hub.,Technical,Low
938,Suggestion received to add more charging stations near Pune Central Hub.,Suggestion received to add more charging stations near Pune Central Hub.,Other,Medium
939,Driver requested additional training on the new vehicle model.,Driver requested additional training on the new vehicle model.,Driver,Critical
940,Report: Driver reported feeling unwell and requested a shift change.,Driver reported feeling unwell and requested a shift change.,Driver,Low
941,Issue: Pune Central Hub is operating near full capacity with no available parking.,Pune Central Hub is operating near full capacity with no available parking.,Hub Operations,Low
942,Report: EV-112 maintenance was delayed due to parts unavailability.,EV-112 maintenance was delayed due to parts unavailability.,Maintenance,High
943,"Report: EV-124 shuts down unexpectedly, suspected battery fault.","EV-124 shuts down unexpectedly, suspected battery fault.",Battery,Low
944,Alert: Customer requested a refund for a cancelled ride.,Customer requested a refund for a cancelled ride.,Customer,Medium
945,Report: EV-114 dashboard display is flickering intermittently.,EV-114 dashboard display is flickering intermittently.,Vehicle,High
946,Issue: Maintenance team flagged worn brake pads on EV-125.,Maintenance team flagged worn brake pads on EV-125.,Maintenance,Medium
947,Alert: General feedback submitted about the overall service experience.,General feedback submitted about the overall service experience.,Other,Medium
948,Alert: Pune Central Hub requires additional staff during the evening peak hours.,Pune Central Hub requires additional staff during the evening peak hours.,Hub Operations,Medium
949,Alert: EV-129 battery percentage is not increasing despite being connected at station 6.,EV-129 battery percentage is not increasing despite being connected at station 6.,Charging,Critical
950,Issue: Push notifications for ride status are not being delivered.,Push notifications for ride status are not being delivered.,Technical,High
951,Duplicate payment charged for a single ride.,Duplicate payment charged for a single ride.,Payment,Medium
952,Alert: Security gate at Bangalore South Hub is malfunctioning.,Security gate at Bangalore South Hub is malfunctioning.,Hub Operations,High
953,Payment gateway timeout occurred during checkout.,Payment gateway timeout occurred during checkout.,Payment,High
954,Alert: Push notifications for ride status are not being delivered.,Push notifications for ride status are not being delivered.,Technical,Medium
955,Push notifications for ride status are not being delivered.,Push notifications for ride status are not being delivered.,Technical,Low
956,Issue: Battery percentage dropped unusually fast during the last trip for EV-112.,Battery percentage dropped unusually fast during the last trip for EV-112.,Battery,Low
957,Report: EV-108 battery temperature is unusually high during operation.,EV-108 battery temperature is unusually high during operation.,Battery,High
958,Customer payment was successful but booking was not confirmed.,Customer payment was successful but booking was not confirmed.,Payment,Medium
959,Report: Mobile app crashes when trying to book a ride from Pune Central Hub.,Mobile app crashes when trying to book a ride from Pune Central Hub.,Technical,Critical
960,Refund for a cancelled ride has not been processed.,Refund for a cancelled ride has not been processed.,Payment,Medium
961,Alert: Telematics unit on EV-118 stopped sending data.,Telematics unit on EV-118 stopped sending data.,Technical,High
962,Alert: Driver flagged a scheduling conflict for the upcoming shift at Pune Central Hub.,Driver flagged a scheduling conflict for the upcoming shift at Pune Central Hub.,Driver,High
963,Report: GPS tracking for EV-119 is showing an incorrect location.,GPS tracking for EV-119 is showing an incorrect location.,Technical,High
964,Alert: Suggestion received to add more charging stations near Pune Central Hub.,Suggestion received to add more charging stations near Pune Central Hub.,Other,Critical
965,Issue: Security gate at Bangalore South Hub is malfunctioning.,Security gate at Bangalore South Hub is malfunctioning.,Hub Operations,High
966,Report: Query raised about the loyalty rewards program.,Query raised about the loyalty rewards program.,Other,Medium
967,Report: Refund for a cancelled ride has not been processed.,Refund for a cancelled ride has not been processed.,Payment,Low
968,Alert: Telematics unit on EV-104 stopped sending data.,Telematics unit on EV-104 stopped sending data.,Technical,Medium
969,Issue: Telematics unit on EV-124 stopped sending data.,Telematics unit on EV-124 stopped sending data.,Technical,High
970,Report: Mobile app crashes when trying to book a ride from Bangalore South Hub.,Mobile app crashes when trying to book a ride from Bangalore South Hub.,Technical,Critical
971,Report: Telematics unit on EV-102 stopped sending data.,Telematics unit on EV-102 stopped sending data.,Technical,Medium
972,Mumbai East Hub requires additional staff during the evening peak hours.,Mumbai East Hub requires additional staff during the evening peak hours.,Hub Operations,Critical
973,Issue: General feedback submitted about the overall service experience.,General feedback submitted about the overall service experience.,Other,Medium
974,Alert: Query raised about the loyalty rewards program.,Query raised about the loyalty rewards program.,Other,Medium
975,Issue: EV-111 shows charging error code and will not start charging.,EV-111 shows charging error code and will not start charging.,Charging,Low
976,Driver flagged a scheduling conflict for the upcoming shift at Delhi North Hub.,Driver flagged a scheduling conflict for the upcoming shift at Delhi North Hub.,Driver,High
977,Maintenance team flagged worn brake pads on EV-126.,Maintenance team flagged worn brake pads on EV-126.,Maintenance,High
978,Alert: Refund for a cancelled ride has not been processed.,Refund for a cancelled ride has not been processed.,Payment,Critical
979,Maintenance team flagged worn brake pads on EV-117.,Maintenance team flagged worn brake pads on EV-117.,Maintenance,High
980,Alert: Customer waited significantly longer than the estimated arrival time.,Customer waited significantly longer than the estimated arrival time.,Ride,Low
981,Issue: Push notifications for ride status are not being delivered.,Push notifications for ride status are not being delivered.,Technical,Critical
982,Alert: EV-109 is making unusual noise from the motor.,EV-109 is making unusual noise from the motor.,Vehicle,Medium
983,Alert: Maintenance team flagged worn brake pads on EV-115.,Maintenance team flagged worn brake pads on EV-115.,Maintenance,Critical
984,Alert: Mobile app crashes when trying to book a ride from Delhi North Hub.,Mobile app crashes when trying to book a ride from Delhi North Hub.,Technical,Medium
985,Issue: Miscellaneous request that does not fit an existing category.,Miscellaneous request that does not fit an existing category.,Other,Medium
986,Report: Customer reported a long detour during the ride.,Customer reported a long detour during the ride.,Ride,Medium
987,Alert: Customer complained about driver behavior during the ride.,Customer complained about driver behavior during the ride.,Customer,Medium
988,Report: EV-109 shows charging error code and will not start charging.,EV-109 shows charging error code and will not start charging.,Charging,Medium
989,"Alert: EV-124 shuts down unexpectedly, suspected battery fault.","EV-124 shuts down unexpectedly, suspected battery fault.",Battery,Medium
990,Alert: Ride pickup location did not match the app location.,Ride pickup location did not match the app location.,Ride,Critical
991,Report: Customer reported the vehicle was not clean on pickup.,Customer reported the vehicle was not clean on pickup.,Customer,High
992,Issue: Duplicate payment charged for a single ride.,Duplicate payment charged for a single ride.,Payment,Medium
993,Alert: EV-129 battery temperature is unusually high during operation.,EV-129 battery temperature is unusually high during operation.,Battery,High
994,Issue: EV-128 brakes feel soft and need inspection.,EV-128 brakes feel soft and need inspection.,Vehicle,Medium
995,Report: EV-104 battery temperature is unusually high during operation.,EV-104 battery temperature is unusually high during operation.,Battery,High
996,EV-113 broke down during operation near Pune Central Hub.,EV-113 broke down during operation near Pune Central Hub.,Vehicle,Critical
997,Issue: EV-106 is due for scheduled maintenance and has not been serviced.,EV-106 is due for scheduled maintenance and has not been serviced.,Maintenance,Medium
998,Issue: Mobile app crashes when trying to book a ride from Pune Central Hub.,Mobile app crashes when trying to book a ride from Pune Central Hub.,Technical,Critical
999,Alert: Battery percentage dropped unusually fast during the last trip for EV-129.,Battery percentage dropped unusually fast during the last trip for EV-129.,Battery,Critical
1000,Report: EV-104 is not charging at station 5.,EV-104 is not charging at station 5.,Charging,High
1001,Report: Driver payout for last week's shifts is showing as pending.,Driver payout for last week's shifts is showing as pending.,Payment,Medium
1002,Customer reported a long detour during the ride.,Customer reported a long detour during the ride.,Ride,Low
1003,Alert: Customer support ticket unresolved for more than 3 days.,Customer support ticket unresolved for more than 3 days.,Customer,High
1004,Alert: Routine inspection revealed a coolant leak in EV-106.,Routine inspection revealed a coolant leak in EV-106.,Maintenance,Critical
1005,Alert: Battery health indicator for EV-103 has degraded significantly this month.,Battery health indicator for EV-103 has degraded significantly this month.,Battery,Medium
1006,Alert: Customer payment was successful but booking was not confirmed.,Customer payment was successful but booking was not confirmed.,Payment,High
1007,Push notifications for ride status are not being delivered.,Push notifications for ride status are not being delivered.,Technical,High
1008,Alert: Ride fare shown at the end did not match the estimate.,Ride fare shown at the end did not match the estimate.,Ride,Low
1009,Issue: EV-121 broke down during operation near Pune Central Hub.,EV-121 broke down during operation near Pune Central Hub.,Vehicle,High
1010,Report: EV-112 battery temperature is unusually high during operation.,EV-112 battery temperature is unusually high during operation.,Battery,Medium
1011,EV-106 shows sudden battery drain even when parked.,EV-106 shows sudden battery drain even when parked.,Battery,Medium
1012,Alert: EV-126 battery temperature is unusually high during operation.,EV-126 battery temperature is unusually high during operation.,Battery,High
1013,Alert: Miscellaneous request that does not fit an existing category.,Miscellaneous request that does not fit an existing category.,Other,Low
1014,Report: EV-103 brakes feel soft and need inspection.,EV-103 brakes feel soft and need inspection.,Vehicle,High
1015,Suggestion received to add more charging stations near Pune Central Hub.,Suggestion received to add more charging stations near Pune Central Hub.,Other,Low
1016,Issue: General feedback submitted about the overall service experience.,General feedback submitted about the overall service experience.,Other,High
1017,"EV-124 shuts down unexpectedly, suspected battery fault.","EV-124 shuts down unexpectedly, suspected battery fault.",Battery,High
1018,Issue: Push notifications for ride status are not being delivered.,Push notifications for ride status are not being delivered.,Technical,Low
1019,EV-112 is due for scheduled maintenance and has not been serviced.,EV-112 is due for scheduled maintenance and has not been serviced.,Maintenance,Low
1020,Report: Mobile app crashes when trying to book a ride from Bangalore South Hub.,Mobile app crashes when trying to book a ride from Bangalore South Hub.,Technical,Low
1021,Issue: Backend sync issue causing duplicate ride records at Delhi North Hub.,Backend sync issue causing duplicate ride records at Delhi North Hub.,Technical,Medium
1022,Report: Vehicle count mismatch found during the shift-change audit at Delhi North Hub.,Vehicle count mismatch found during the shift-change audit at Delhi North Hub.,Hub Operations,Medium
1023,Customer payment was successful but booking was not confirmed.,Customer payment was successful but booking was not confirmed.,Payment,Medium
1024,Issue: Bangalore South Hub reported a power outage affecting charging operations.,Bangalore South Hub reported a power outage affecting charging operations.,Hub Operations,Critical
1025,EV-111 is making unusual noise from the motor.,EV-111 is making unusual noise from the motor.,Vehicle,High
1026,Report: Customer requested a refund for a cancelled ride.,Customer requested a refund for a cancelled ride.,Customer,Medium
1027,Issue: Driver was unreachable during the scheduled pickup window.,Driver was unreachable during the scheduled pickup window.,Driver,Low
1028,Customer complained about driver behavior during the ride.,Customer complained about driver behavior during the ride.,Customer,Medium
1029,Bangalore South Hub requires additional staff during the evening peak hours.,Bangalore South Hub requires additional staff during the evening peak hours.,Hub Operations,Critical
1030,Issue: Delhi North Hub is operating near full capacity with no available parking.,Delhi North Hub is operating near full capacity with no available parking.,Hub Operations,High
1031,Alert: Mobile app crashes when trying to book a ride from Bangalore South Hub.,Mobile app crashes when trying to book a ride from Bangalore South Hub.,Technical,Medium
1032,Issue: EV-109 tyre pressure warning light is on.,EV-109 tyre pressure warning light is on.,Vehicle,Critical
1033,Duplicate payment charged for a single ride.,Duplicate payment charged for a single ride.,Payment,High
1034,Alert: Driver requested additional training on the new vehicle model.,Driver requested additional training on the new vehicle model.,Driver,Medium
1035,"Issue: EV-125 shuts down unexpectedly, suspected battery fault.","EV-125 shuts down unexpectedly, suspected battery fault.",Battery,High
1036,Alert: Query raised about the loyalty rewards program.,Query raised about the loyalty rewards program.,Other,Low
1037,Report: Driver flagged a scheduling conflict for the upcoming shift at Delhi North Hub.,Driver flagged a scheduling conflict for the upcoming shift at Delhi North Hub.,Driver,Medium
1038,Charging session for EV-122 keeps disconnecting randomly.,Charging session for EV-122 keeps disconnecting randomly.,Charging,High
1039,Alert: Customer waited significantly longer than the estimated arrival time.,Customer waited significantly longer than the estimated arrival time.,Ride,Medium
1040,GPS tracking for EV-107 is showing an incorrect location.,GPS tracking for EV-107 is showing an incorrect location.,Technical,Low
1041,Alert: Customer was charged but booking was not confirmed.,Customer was charged but booking was not confirmed.,Customer,High
1042,Report: Suggestion received to add more charging stations near Delhi North Hub.,Suggestion received to add more charging stations near Delhi North Hub.,Other,Medium
1043,Driver has not arrived for the assigned shift at Delhi North Hub.,Driver has not arrived for the assigned shift at Delhi North Hub.,Driver,Medium
1044,Alert: EV-106 is due for scheduled maintenance and has not been serviced.,EV-106 is due for scheduled maintenance and has not been serviced.,Maintenance,Critical
1045,Issue: Customer waited significantly longer than the estimated arrival time.,Customer waited significantly longer than the estimated arrival time.,Ride,Low
1046,EV-119 shows sudden battery drain even when parked.,EV-119 shows sudden battery drain even when parked.,Battery,Low
1047,Issue: Customer was charged but booking was not confirmed.,Customer was charged but booking was not confirmed.,Customer,High
1048,Report: Driver payout for last week's shifts is showing as pending.,Driver payout for last week's shifts is showing as pending.,Payment,Low
1049,Bangalore South Hub is operating near full capacity with no available parking.,Bangalore South Hub is operating near full capacity with no available parking.,Hub Operations,Low
1050,Alert: Driver flagged a scheduling conflict for the upcoming shift at Pune Central Hub.,Driver flagged a scheduling conflict for the upcoming shift at Pune Central Hub.,Driver,High
1051,Issue: Backend sync issue causing duplicate ride records at Delhi North Hub.,Backend sync issue causing duplicate ride records at Delhi North Hub.,Technical,Medium
1052,Report: Customer support ticket unresolved for more than 3 days.,Customer support ticket unresolved for more than 3 days.,Customer,Low
1053,Issue: Customer reported the vehicle was not clean on pickup.,Customer reported the vehicle was not clean on pickup.,Customer,Critical
1054,Alert: General feedback submitted about the overall service experience.,General feedback submitted about the overall service experience.,Other,Medium
1055,Query raised about the loyalty rewards program.,Query raised about the loyalty rewards program.,Other,Low
1056,Report: Charging cable at station 5 appears damaged and vehicle is not accepting charge.,Charging cable at station 5 appears damaged and vehicle is not accepting charge.,Charging,Critical
1057,Customer reported a long detour during the ride.,Customer reported a long detour during the ride.,Ride,Medium
1058,EV-127 shows charging error code and will not start charging.,EV-127 shows charging error code and will not start charging.,Charging,High
1059,Issue: Customer reported the vehicle was not clean on pickup.,Customer reported the vehicle was not clean on pickup.,Customer,Medium
1060,Issue: Customer reported the vehicle was not clean on pickup.,Customer reported the vehicle was not clean on pickup.,Customer,Medium
1061,Report: Suggestion received to add more charging stations near Mumbai East Hub.,Suggestion received to add more charging stations near Mumbai East Hub.,Other,Critical
1062,Report: Query raised about the loyalty rewards program.,Query raised about the loyalty rewards program.,Other,High
1063,Report: Vehicle count mismatch found during the shift-change audit at Delhi North Hub.,Vehicle count mismatch found during the shift-change audit at Delhi North Hub.,Hub Operations,Medium
1064,Customer reported a long detour during the ride.,Customer reported a long detour during the ride.,Ride,High
1065,Issue: Customer complained about driver behavior during the ride.,Customer complained about driver behavior during the ride.,Customer,Critical
1066,Report: Driver payout for last week's shifts is showing as pending.,Driver payout for last week's shifts is showing as pending.,Payment,Low
1067,Report: Customer reported a long detour during the ride.,Customer reported a long detour during the ride.,Ride,Medium
1068,EV-105 shows sudden battery drain even when parked.,EV-105 shows sudden battery drain even when parked.,Battery,Medium
1069,Alert: Backend sync issue causing duplicate ride records at Mumbai East Hub.,Backend sync issue causing duplicate ride records at Mumbai East Hub.,Technical,High
1070,Report: Ride fare shown at the end did not match the estimate.,Ride fare shown at the end did not match the estimate.,Ride,Low
1071,Issue: Customer reported a long detour during the ride.,Customer reported a long detour during the ride.,Ride,Low
1072,Ride pickup location did not match the app location.,Ride pickup location did not match the app location.,Ride,Medium
1073,Battery percentage dropped unusually fast during the last trip for EV-115.,Battery percentage dropped unusually fast during the last trip for EV-115.,Battery,Low
1074,Alert: Suggestion received to add more charging stations near Delhi North Hub.,Suggestion received to add more charging stations near Delhi North Hub.,Other,Low
1075,Report: Battery percentage dropped unusually fast during the last trip for EV-117.,Battery percentage dropped unusually fast during the last trip for EV-117.,Battery,High
1076,Telematics unit on EV-119 stopped sending data.,Telematics unit on EV-119 stopped sending data.,Technical,High
1077,Issue: Ride fare shown at the end did not match the estimate.,Ride fare shown at the end did not match the estimate.,Ride,Low
1078,Security gate at Delhi North Hub is malfunctioning.,Security gate at Delhi North Hub is malfunctioning.,Hub Operations,Low
1079,Alert: EV-110 broke down during operation near Mumbai East Hub.,EV-110 broke down during operation near Mumbai East Hub.,Vehicle,High
1080,Alert: Charging stops after a few minutes for EV-115 at station 5.,Charging stops after a few minutes for EV-115 at station 5.,Charging,Low
1081,Report: Customer waited significantly longer than the estimated arrival time.,Customer waited significantly longer than the estimated arrival time.,Ride,Medium
1082,Report: Customer reported the vehicle was not clean on pickup.,Customer reported the vehicle was not clean on pickup.,Customer,Critical
1083,Charging stops after a few minutes for EV-105 at station 1.,Charging stops after a few minutes for EV-105 at station 1.,Charging,High
1084,EV-128 is due for scheduled maintenance and has not been serviced.,EV-128 is due for scheduled maintenance and has not been serviced.,Maintenance,High
1085,Report: Backend sync issue causing duplicate ride records at Pune Central Hub.,Backend sync issue causing duplicate ride records at Pune Central Hub.,Technical,High
1086,Report: Customer reported a long detour during the ride.,Customer reported a long detour during the ride.,Ride,Medium
1087,Report: Delhi North Hub is operating near full capacity with no available parking.,Delhi North Hub is operating near full capacity with no available parking.,Hub Operations,Low
1088,Issue: Mobile app crashes when trying to book a ride from Pune Central Hub.,Mobile app crashes when trying to book a ride from Pune Central Hub.,Technical,High
1089,Issue: EV-118 requires software update for the onboard diagnostics system.,EV-118 requires software update for the onboard diagnostics system.,Maintenance,High
1090,Issue: Backend sync issue causing duplicate ride records at Pune Central Hub.,Backend sync issue causing duplicate ride records at Pune Central Hub.,Technical,High
1091,Alert: Miscellaneous request that does not fit an existing category.,Miscellaneous request that does not fit an existing category.,Other,Low
1092,Alert: Customer was charged but booking was not confirmed.,Customer was charged but booking was not confirmed.,Customer,Critical
1093,Report: EV-124 AC is not working properly.,EV-124 AC is not working properly.,Vehicle,Critical
1094,Report: EV-124 brakes feel soft and need inspection.,EV-124 brakes feel soft and need inspection.,Vehicle,Medium
1095,Report: EV-115 shows sudden battery drain even when parked.,EV-115 shows sudden battery drain even when parked.,Battery,Low
1096,Customer was charged but booking was not confirmed.,Customer was charged but booking was not confirmed.,Customer,Medium
1097,Alert: Telematics unit on EV-118 stopped sending data.,Telematics unit on EV-118 stopped sending data.,Technical,Medium
1098,Alert: Security gate at Pune Central Hub is malfunctioning.,Security gate at Pune Central Hub is malfunctioning.,Hub Operations,Critical
1099,Issue: GPS tracking for EV-120 is showing an incorrect location.,GPS tracking for EV-120 is showing an incorrect location.,Technical,Medium
1100,Report: Ride fare shown at the end did not match the estimate.,Ride fare shown at the end did not match the estimate.,Ride,Medium
1101,Issue: Query raised about the loyalty rewards program.,Query raised about the loyalty rewards program.,Other,Medium
1102,Customer payment was successful but booking was not confirmed.,Customer payment was successful but booking was not confirmed.,Payment,Medium
1103,Issue: Battery health indicator for EV-121 has degraded significantly this month.,Battery health indicator for EV-121 has degraded significantly this month.,Battery,High
1104,Customer payment was successful but booking was not confirmed.,Customer payment was successful but booking was not confirmed.,Payment,Medium
1105,EV-113 is not charging at station 5.,EV-113 is not charging at station 5.,Charging,Medium
1106,Report: Miscellaneous request that does not fit an existing category.,Miscellaneous request that does not fit an existing category.,Other,Low
1107,Issue: Driver reported feeling unwell and requested a shift change.,Driver reported feeling unwell and requested a shift change.,Driver,Medium
1108,Charging cable at station 1 appears damaged and vehicle is not accepting charge.,Charging cable at station 1 appears damaged and vehicle is not accepting charge.,Charging,Medium
1109,Alert: EV-123 maintenance was delayed due to parts unavailability.,EV-123 maintenance was delayed due to parts unavailability.,Maintenance,Medium
1110,Issue: Miscellaneous request that does not fit an existing category.,Miscellaneous request that does not fit an existing category.,Other,High
1111,Report: Driver has not arrived for the assigned shift at Mumbai East Hub.,Driver has not arrived for the assigned shift at Mumbai East Hub.,Driver,Low
1112,Report: GPS tracking for EV-120 is showing an incorrect location.,GPS tracking for EV-120 is showing an incorrect location.,Technical,Low
1113,Issue: EV-124 shows sudden battery drain even when parked.,EV-124 shows sudden battery drain even when parked.,Battery,High
1114,EV-128 battery temperature is unusually high during operation.,EV-128 battery temperature is unusually high during operation.,Battery,Low
1115,Charging cable at station 4 appears damaged and vehicle is not accepting charge.,Charging cable at station 4 appears damaged and vehicle is not accepting charge.,Charging,High
1116,EV-100 shows charging error code and will not start charging.,EV-100 shows charging error code and will not start charging.,Charging,Low
1117,Pune Central Hub requires additional staff during the evening peak hours.,Pune Central Hub requires additional staff during the evening peak hours.,Hub Operations,Medium
1118,Issue: Driver payout for last week's shifts is showing as pending.,Driver payout for last week's shifts is showing as pending.,Payment,Medium
1119,EV-110 maintenance was delayed due to parts unavailability.,EV-110 maintenance was delayed due to parts unavailability.,Maintenance,Low
1120,Issue: Mobile app crashes when trying to book a ride from Delhi North Hub.,Mobile app crashes when trying to book a ride from Delhi North Hub.,Technical,Medium
1121,Report: EV-123 is making unusual noise from the motor.,EV-123 is making unusual noise from the motor.,Vehicle,High
1122,Alert: Duplicate payment charged for a single ride.,Duplicate payment charged for a single ride.,Payment,High
1123,Report: Routine inspection revealed a coolant leak in EV-126.,Routine inspection revealed a coolant leak in EV-126.,Maintenance,Medium
1124,Report: Security gate at Delhi North Hub is malfunctioning.,Security gate at Delhi North Hub is malfunctioning.,Hub Operations,Critical
1125,EV-115 tyre pressure warning light is on.,EV-115 tyre pressure warning light is on.,Vehicle,Low
1126,Alert: Customer reported a long detour during the ride.,Customer reported a long detour during the ride.,Ride,Medium
1127,Issue: Customer complained about driver behavior during the ride.,Customer complained about driver behavior during the ride.,Customer,High
1128,Alert: Security gate at Delhi North Hub is malfunctioning.,Security gate at Delhi North Hub is malfunctioning.,Hub Operations,High
1129,Issue: Customer was charged but booking was not confirmed.,Customer was charged but booking was not confirmed.,Customer,Low
1130,Issue: Charging cable at station 8 appears damaged and vehicle is not accepting charge.,Charging cable at station 8 appears damaged and vehicle is not accepting charge.,Charging,Low
1131,Report: Customer payment was successful but booking was not confirmed.,Customer payment was successful but booking was not confirmed.,Payment,Medium
1132,Customer complained about driver behavior during the ride.,Customer complained about driver behavior during the ride.,Customer,Medium
1133,Issue: EV-120 battery temperature is unusually high during operation.,EV-120 battery temperature is unusually high during operation.,Battery,Medium
1134,Driver flagged a scheduling conflict for the upcoming shift at Mumbai East Hub.,Driver flagged a scheduling conflict for the upcoming shift at Mumbai East Hub.,Driver,Low
1135,Customer requested a refund for a cancelled ride.,Customer requested a refund for a cancelled ride.,Customer,High
1136,Customer complained about driver behavior during the ride.,Customer complained about driver behavior during the ride.,Customer,High
1137,Routine inspection revealed a coolant leak in EV-128.,Routine inspection revealed a coolant leak in EV-128.,Maintenance,Low
1138,EV-122 broke down during operation near Pune Central Hub.,EV-122 broke down during operation near Pune Central Hub.,Vehicle,High
1139,Report: EV-101 brakes feel soft and need inspection.,EV-101 brakes feel soft and need inspection.,Vehicle,Medium
1140,Alert: Delhi North Hub is operating near full capacity with no available parking.,Delhi North Hub is operating near full capacity with no available parking.,Hub Operations,High
1141,Customer requested a refund for a cancelled ride.,Customer requested a refund for a cancelled ride.,Customer,Medium
1142,Suggestion received to add more charging stations near Bangalore South Hub.,Suggestion received to add more charging stations near Bangalore South Hub.,Other,Low
1143,Report: Driver was unreachable during the scheduled pickup window.,Driver was unreachable during the scheduled pickup window.,Driver,High
1144,Alert: Driver payout for last week's shifts is showing as pending.,Driver payout for last week's shifts is showing as pending.,Payment,Medium
1145,Alert: Refund for a cancelled ride has not been processed.,Refund for a cancelled ride has not been processed.,Payment,Critical
1146,Alert: Driver was unreachable during the scheduled pickup window.,Driver was unreachable during the scheduled pickup window.,Driver,Medium
1147,Issue: Customer waited significantly longer than the estimated arrival time.,Customer waited significantly longer than the estimated arrival time.,Ride,Low
1148,Report: Telematics unit on EV-118 stopped sending data.,Telematics unit on EV-118 stopped sending data.,Technical,High
1149,Report: Bangalore South Hub requires additional staff during the evening peak hours.,Bangalore South Hub requires additional staff during the evening peak hours.,Hub Operations,High
1150,Report: EV-123 maintenance was delayed due to parts unavailability.,EV-123 maintenance was delayed due to parts unavailability.,Maintenance,High
1151,Issue: Customer reported the vehicle was not clean on pickup.,Customer reported the vehicle was not clean on pickup.,Customer,Low
1152,Issue: Battery percentage dropped unusually fast during the last trip for EV-113.,Battery percentage dropped unusually fast during the last trip for EV-113.,Battery,High
1153,Customer support ticket unresolved for more than 3 days.,Customer support ticket unresolved for more than 3 days.,Customer,Medium
1154,Report: Backend sync issue causing duplicate ride records at Mumbai East Hub.,Backend sync issue causing duplicate ride records at Mumbai East Hub.,Technical,Critical
1155,Issue: Backend sync issue causing duplicate ride records at Mumbai East Hub.,Backend sync issue causing duplicate ride records at Mumbai East Hub.,Technical,Medium
1156,Alert: EV-111 tyre pressure warning light is on.,EV-111 tyre pressure warning light is on.,Vehicle,Critical
1157,Alert: Pune Central Hub reported a power outage affecting charging operations.,Pune Central Hub reported a power outage affecting charging operations.,Hub Operations,High
1158,Ride pickup location did not match the app location.,Ride pickup location did not match the app location.,Ride,High
1159,EV-128 shows charging error code and will not start charging.,EV-128 shows charging error code and will not start charging.,Charging,High
1160,EV-117 is not charging at station 6.,EV-117 is not charging at station 6.,Charging,Medium
1161,Push notifications for ride status are not being delivered.,Push notifications for ride status are not being delivered.,Technical,Medium
1162,Security gate at Delhi North Hub is malfunctioning.,Security gate at Delhi North Hub is malfunctioning.,Hub Operations,Medium
1163,EV-110 dashboard display is flickering intermittently.,EV-110 dashboard display is flickering intermittently.,Vehicle,High
1164,Report: Customer support ticket unresolved for more than 3 days.,Customer support ticket unresolved for more than 3 days.,Customer,Medium
1165,Issue: EV-120 battery percentage is not increasing despite being connected at station 5.,EV-120 battery percentage is not increasing despite being connected at station 5.,Charging,Medium
1166,Issue: Driver requested additional training on the new vehicle model.,Driver requested additional training on the new vehicle model.,Driver,Medium
1167,"Report: EV-105 shuts down unexpectedly, suspected battery fault.","EV-105 shuts down unexpectedly, suspected battery fault.",Battery,Medium
1168,Vehicle count mismatch found during the shift-change audit at Delhi North Hub.,Vehicle count mismatch found during the shift-change audit at Delhi North Hub.,Hub Operations,Medium
1169,Alert: EV-113 shows charging error code and will not start charging.,EV-113 shows charging error code and will not start charging.,Charging,Critical
1170,Alert: EV-102 requires software update for the onboard diagnostics system.,EV-102 requires software update for the onboard diagnostics system.,Maintenance,Medium
1171,EV-108 AC is not working properly.,EV-108 AC is not working properly.,Vehicle,High
1172,Issue: Suggestion received to add more charging stations near Mumbai East Hub.,Suggestion received to add more charging stations near Mumbai East Hub.,Other,Critical
1173,Alert: Ride fare shown at the end did not match the estimate.,Ride fare shown at the end did not match the estimate.,Ride,Medium
1174,Report: Ride fare shown at the end did not match the estimate.,Ride fare shown at the end did not match the estimate.,Ride,High
1175,Alert: Push notifications for ride status are not being delivered.,Push notifications for ride status are not being delivered.,Technical,High
1176,Report: Push notifications for ride status are not being delivered.,Push notifications for ride status are not being delivered.,Technical,Critical
1177,Report: EV-117 shows charging error code and will not start charging.,EV-117 shows charging error code and will not start charging.,Charging,Medium
1178,Report: Customer waited significantly longer than the estimated arrival time.,Customer waited significantly longer than the estimated arrival time.,Ride,Low
1179,EV-117 is making unusual noise from the motor.,EV-117 is making unusual noise from the motor.,Vehicle,High
1180,Alert: Payment gateway timeout occurred during checkout.,Payment gateway timeout occurred during checkout.,Payment,Low
1181,Alert: Suggestion received to add more charging stations near Delhi North Hub.,Suggestion received to add more charging stations near Delhi North Hub.,Other,Medium
1182,Issue: Miscellaneous request that does not fit an existing category.,Miscellaneous request that does not fit an existing category.,Other,Critical
1183,Alert: Ride was cancelled midway without explanation for EV-112.,Ride was cancelled midway without explanation for EV-112.,Ride,Medium
1184,Maintenance team flagged worn brake pads on EV-119.,Maintenance team flagged worn brake pads on EV-119.,Maintenance,Medium
1185,Alert: Customer reported a long detour during the ride.,Customer reported a long detour during the ride.,Ride,High
1186,Issue: Charging session for EV-104 keeps disconnecting randomly.,Charging session for EV-104 keeps disconnecting randomly.,Charging,Critical
1187,Issue: Suggestion received to add more charging stations near Delhi North Hub.,Suggestion received to add more charging stations near Delhi North Hub.,Other,Medium
1188,Customer payment was successful but booking was not confirmed.,Customer payment was successful but booking was not confirmed.,Payment,High
1189,Alert: Pune Central Hub reported a power outage affecting charging operations.,Pune Central Hub reported a power outage affecting charging operations.,Hub Operations,Critical
1190,Alert: Driver flagged a scheduling conflict for the upcoming shift at Pune Central Hub.,Driver flagged a scheduling conflict for the upcoming shift at Pune Central Hub.,Driver,Medium
1191,Driver has not arrived for the assigned shift at Mumbai East Hub.,Driver has not arrived for the assigned shift at Mumbai East Hub.,Driver,High
1192,Customer was charged but booking was not confirmed.,Customer was charged but booking was not confirmed.,Customer,Critical
1193,Report: EV-118 shows sudden battery drain even when parked.,EV-118 shows sudden battery drain even when parked.,Battery,Medium
1194,"Report: EV-104 shuts down unexpectedly, suspected battery fault.","EV-104 shuts down unexpectedly, suspected battery fault.",Battery,High
1195,Refund for a cancelled ride has not been processed.,Refund for a cancelled ride has not been processed.,Payment,Medium
1196,Charging cable at station 1 appears damaged and vehicle is not accepting charge.,Charging cable at station 1 appears damaged and vehicle is not accepting charge.,Charging,High
1197,Issue: Ride was cancelled midway without explanation for EV-121.,Ride was cancelled midway without explanation for EV-121.,Ride,Medium
1198,Driver has not arrived for the assigned shift at Delhi North Hub.,Driver has not arrived for the assigned shift at Delhi North Hub.,Driver,High
1199,Driver was unreachable during the scheduled pickup window.,Driver was unreachable during the scheduled pickup window.,Driver,Low
1200,Issue: EV-106 battery temperature is unusually high during operation.,EV-106 battery temperature is unusually high during operation.,Battery,High
1201,Report: Charging cable at station 1 appears damaged and vehicle is not accepting charge.,Charging cable at station 1 appears damaged and vehicle is not accepting charge.,Charging,Medium
1202,Report: Battery health indicator for EV-107 has degraded significantly this month.,Battery health indicator for EV-107 has degraded significantly this month.,Battery,Medium
1203,"Issue: EV-119 shuts down unexpectedly, suspected battery fault.","EV-119 shuts down unexpectedly, suspected battery fault.",Battery,Medium
1204,Issue: Battery percentage dropped unusually fast during the last trip for EV-129.,Battery percentage dropped unusually fast during the last trip for EV-129.,Battery,High
1205,EV-129 broke down during operation near Pune Central Hub.,EV-129 broke down during operation near Pune Central Hub.,Vehicle,High
1206,Battery percentage dropped unusually fast during the last trip for EV-121.,Battery percentage dropped unusually fast during the last trip for EV-121.,Battery,High
1207,Issue: EV-119 is due for scheduled maintenance and has not been serviced.,EV-119 is due for scheduled maintenance and has not been serviced.,Maintenance,Low
1208,Issue: Backend sync issue causing duplicate ride records at Pune Central Hub.,Backend sync issue causing duplicate ride records at Pune Central Hub.,Technical,High
1209,Issue: Push notifications for ride status are not being delivered.,Push notifications for ride status are not being delivered.,Technical,Critical
1210,Security gate at Bangalore South Hub is malfunctioning.,Security gate at Bangalore South Hub is malfunctioning.,Hub Operations,High
1211,Issue: Vehicle count mismatch found during the shift-change audit at Mumbai East Hub.,Vehicle count mismatch found during the shift-change audit at Mumbai East Hub.,Hub Operations,Medium
1212,Report: EV-118 is making unusual noise from the motor.,EV-118 is making unusual noise from the motor.,Vehicle,High
1213,Issue: EV-109 brakes feel soft and need inspection.,EV-109 brakes feel soft and need inspection.,Vehicle,High
1214,Issue: Driver payout for last week's shifts is showing as pending.,Driver payout for last week's shifts is showing as pending.,Payment,High
1215,Alert: EV-106 requires software update for the onboard diagnostics system.,EV-106 requires software update for the onboard diagnostics system.,Maintenance,Medium
1216,Alert: Driver flagged a scheduling conflict for the upcoming shift at Bangalore South Hub.,Driver flagged a scheduling conflict for the upcoming shift at Bangalore South Hub.,Driver,Low
1217,Issue: Mumbai East Hub reported a power outage affecting charging operations.,Mumbai East Hub reported a power outage affecting charging operations.,Hub Operations,Critical
1218,GPS tracking for EV-129 is showing an incorrect location.,GPS tracking for EV-129 is showing an incorrect location.,Technical,Medium
1219,Security gate at Bangalore South Hub is malfunctioning.,Security gate at Bangalore South Hub is malfunctioning.,Hub Operations,Low
1220,Alert: Driver flagged a scheduling conflict for the upcoming shift at Bangalore South Hub.,Driver flagged a scheduling conflict for the upcoming shift at Bangalore South Hub.,Driver,Critical
1221,Alert: EV-103 battery percentage is not increasing despite being connected at station 3.,EV-103 battery percentage is not increasing despite being connected at station 3.,Charging,High
1222,Alert: EV-106 is not charging at station 4.,EV-106 is not charging at station 4.,Charging,High
1223,Report: EV-127 is making unusual noise from the motor.,EV-127 is making unusual noise from the motor.,Vehicle,Critical
1224,Issue: Ride was cancelled midway without explanation for EV-100.,Ride was cancelled midway without explanation for EV-100.,Ride,Medium
1225,Alert: Customer complained about driver behavior during the ride.,Customer complained about driver behavior during the ride.,Customer,High
1226,Report: Suggestion received to add more charging stations near Pune Central Hub.,Suggestion received to add more charging stations near Pune Central Hub.,Other,High
1227,Driver reported feeling unwell and requested a shift change.,Driver reported feeling unwell and requested a shift change.,Driver,High
1228,Alert: Suggestion received to add more charging stations near Mumbai East Hub.,Suggestion received to add more charging stations near Mumbai East Hub.,Other,Low
1229,EV-107 is making unusual noise from the motor.,EV-107 is making unusual noise from the motor.,Vehicle,Medium
1230,Driver has not arrived for the assigned shift at Pune Central Hub.,Driver has not arrived for the assigned shift at Pune Central Hub.,Driver,High
1231,Alert: Query raised about the loyalty rewards program.,Query raised about the loyalty rewards program.,Other,Medium
1232,Payment gateway timeout occurred during checkout.,Payment gateway timeout occurred during checkout.,Payment,High
1233,Report: General feedback submitted about the overall service experience.,General feedback submitted about the overall service experience.,Other,Medium
1234,Alert: Maintenance team flagged worn brake pads on EV-109.,Maintenance team flagged worn brake pads on EV-109.,Maintenance,Medium
1235,Alert: Customer waited significantly longer than the estimated arrival time.,Customer waited significantly longer than the estimated arrival time.,Ride,High
1236,Driver requested additional training on the new vehicle model.,Driver requested additional training on the new vehicle model.,Driver,Medium
1237,Issue: Routine inspection revealed a coolant leak in EV-111.,Routine inspection revealed a coolant leak in EV-111.,Maintenance,High
1238,Issue: EV-107 brakes feel soft and need inspection.,EV-107 brakes feel soft and need inspection.,Vehicle,High
1239,Issue: Customer waited significantly longer than the estimated arrival time.,Customer waited significantly longer than the estimated arrival time.,Ride,Low
1240,Alert: Battery percentage dropped unusually fast during the last trip for EV-111.,Battery percentage dropped unusually fast during the last trip for EV-111.,Battery,High
1241,Report: Ride pickup location did not match the app location.,Ride pickup location did not match the app location.,Ride,Medium
1242,Refund for a cancelled ride has not been processed.,Refund for a cancelled ride has not been processed.,Payment,Low
1243,Report: EV-124 maintenance was delayed due to parts unavailability.,EV-124 maintenance was delayed due to parts unavailability.,Maintenance,Medium
1244,Maintenance team flagged worn brake pads on EV-107.,Maintenance team flagged worn brake pads on EV-107.,Maintenance,High
1245,Telematics unit on EV-125 stopped sending data.,Telematics unit on EV-125 stopped sending data.,Technical,Low
1246,Report: Maintenance team flagged worn brake pads on EV-114.,Maintenance team flagged worn brake pads on EV-114.,Maintenance,High
1247,Ride was cancelled midway without explanation for EV-115.,Ride was cancelled midway without explanation for EV-115.,Ride,High
1248,Issue: Miscellaneous request that does not fit an existing category.,Miscellaneous request that does not fit an existing category.,Other,Medium
1249,EV-110 AC is not working properly.,EV-110 AC is not working properly.,Vehicle,Critical
1250,"EV-112 shuts down unexpectedly, suspected battery fault.","EV-112 shuts down unexpectedly, suspected battery fault.",Battery,Critical
1251,Report: Query raised about the loyalty rewards program.,Query raised about the loyalty rewards program.,Other,Low
1252,Issue: Charging session for EV-119 keeps disconnecting randomly.,Charging session for EV-119 keeps disconnecting randomly.,Charging,High
1253,Issue: EV-106 requires software update for the onboard diagnostics system.,EV-106 requires software update for the onboard diagnostics system.,Maintenance,Medium
1254,Mobile app crashes when trying to book a ride from Mumbai East Hub.,Mobile app crashes when trying to book a ride from Mumbai East Hub.,Technical,High
1255,Issue: Maintenance team flagged worn brake pads on EV-103.,Maintenance team flagged worn brake pads on EV-103.,Maintenance,High
1256,Maintenance team flagged worn brake pads on EV-104.,Maintenance team flagged worn brake pads on EV-104.,Maintenance,High
1257,EV-118 tyre pressure warning light is on.,EV-118 tyre pressure warning light is on.,Vehicle,High
1258,Customer reported a long detour during the ride.,Customer reported a long detour during the ride.,Ride,High
1259,Issue: Security gate at Delhi North Hub is malfunctioning.,Security gate at Delhi North Hub is malfunctioning.,Hub Operations,Medium
1260,Alert: EV-120 shows sudden battery drain even when parked.,EV-120 shows sudden battery drain even when parked.,Battery,Medium
1261,EV-126 maintenance was delayed due to parts unavailability.,EV-126 maintenance was delayed due to parts unavailability.,Maintenance,High
1262,Issue: Backend sync issue causing duplicate ride records at Pune Central Hub.,Backend sync issue causing duplicate ride records at Pune Central Hub.,Technical,High
1263,Report: Driver reported feeling unwell and requested a shift change.,Driver reported feeling unwell and requested a shift change.,Driver,Medium
1264,Issue: Backend sync issue causing duplicate ride records at Bangalore South Hub.,Backend sync issue causing duplicate ride records at Bangalore South Hub.,Technical,Critical
1265,Issue: Refund for a cancelled ride has not been processed.,Refund for a cancelled ride has not been processed.,Payment,High
1266,Mobile app crashes when trying to book a ride from Delhi North Hub.,Mobile app crashes when trying to book a ride from Delhi North Hub.,Technical,High
1267,Report: Driver flagged a scheduling conflict for the upcoming shift at Bangalore South ...,Driver flagged a scheduling conflict for the upcoming shift at Bangalore South Hub.,Driver,High
1268,Report: Customer reported the vehicle was not clean on pickup.,Customer reported the vehicle was not clean on pickup.,Customer,Critical
1269,Issue: GPS tracking for EV-115 is showing an incorrect location.,GPS tracking for EV-115 is showing an incorrect location.,Technical,High
1270,Pune Central Hub is operating near full capacity with no available parking.,Pune Central Hub is operating near full capacity with no available parking.,Hub Operations,Medium
1271,Alert: EV-121 broke down during operation near Bangalore South Hub.,EV-121 broke down during operation near Bangalore South Hub.,Vehicle,Critical
1272,Issue: EV-122 AC is not working properly.,EV-122 AC is not working properly.,Vehicle,High
1273,Issue: General feedback submitted about the overall service experience.,General feedback submitted about the overall service experience.,Other,High
1274,Report: Charging cable at station 4 appears damaged and vehicle is not accepting charge.,Charging cable at station 4 appears damaged and vehicle is not accepting charge.,Charging,High
1275,Alert: Driver has not arrived for the assigned shift at Pune Central Hub.,Driver has not arrived for the assigned shift at Pune Central Hub.,Driver,Low
1276,Issue: Driver has not arrived for the assigned shift at Mumbai East Hub.,Driver has not arrived for the assigned shift at Mumbai East Hub.,Driver,Medium
1277,Report: EV-103 maintenance was delayed due to parts unavailability.,EV-103 maintenance was delayed due to parts unavailability.,Maintenance,Medium
1278,Report: Security gate at Delhi North Hub is malfunctioning.,Security gate at Delhi North Hub is malfunctioning.,Hub Operations,Critical
1279,Alert: EV-110 shows sudden battery drain even when parked.,EV-110 shows sudden battery drain even when parked.,Battery,High
1280,Alert: Charging cable at station 8 appears damaged and vehicle is not accepting charge.,Charging cable at station 8 appears damaged and vehicle is not accepting charge.,Charging,Critical
1281,Query raised about the loyalty rewards program.,Query raised about the loyalty rewards program.,Other,Medium
1282,"Alert: EV-125 shuts down unexpectedly, suspected battery fault.","EV-125 shuts down unexpectedly, suspected battery fault.",Battery,Low
1283,Alert: Miscellaneous request that does not fit an existing category.,Miscellaneous request that does not fit an existing category.,Other,High
1284,Miscellaneous request that does not fit an existing category.,Miscellaneous request that does not fit an existing category.,Other,Low
1285,Issue: EV-120 maintenance was delayed due to parts unavailability.,EV-120 maintenance was delayed due to parts unavailability.,Maintenance,High
1286,Issue: Customer reported a long detour during the ride.,Customer reported a long detour during the ride.,Ride,Medium
1287,Report: EV-115 is making unusual noise from the motor.,EV-115 is making unusual noise from the motor.,Vehicle,Critical
1288,Alert: General feedback submitted about the overall service experience.,General feedback submitted about the overall service experience.,Other,High
1289,Report: General feedback submitted about the overall service experience.,General feedback submitted about the overall service experience.,Other,Low
1290,Report: Customer requested a refund for a cancelled ride.,Customer requested a refund for a cancelled ride.,Customer,Low
1291,Issue: Suggestion received to add more charging stations near Bangalore South Hub.,Suggestion received to add more charging stations near Bangalore South Hub.,Other,High
1292,Report: Battery health indicator for EV-102 has degraded significantly this month.,Battery health indicator for EV-102 has degraded significantly this month.,Battery,Medium
1293,Issue: Driver reported feeling unwell and requested a shift change.,Driver reported feeling unwell and requested a shift change.,Driver,High
1294,Report: Routine inspection revealed a coolant leak in EV-109.,Routine inspection revealed a coolant leak in EV-109.,Maintenance,High
1295,Report: Security gate at Delhi North Hub is malfunctioning.,Security gate at Delhi North Hub is malfunctioning.,Hub Operations,Low
1296,Ride fare shown at the end did not match the estimate.,Ride fare shown at the end did not match the estimate.,Ride,Medium
1297,Backend sync issue causing duplicate ride records at Mumbai East Hub.,Backend sync issue causing duplicate ride records at Mumbai East Hub.,Technical,Low
1298,Report: Charging cable at station 2 appears damaged and vehicle is not accepting charge.,Charging cable at station 2 appears damaged and vehicle is not accepting charge.,Charging,Medium
1299,Alert: Duplicate payment charged for a single ride.,Duplicate payment charged for a single ride.,Payment,High
1300,EV-119 maintenance was delayed due to parts unavailability.,EV-119 maintenance was delayed due to parts unavailability.,Maintenance,High
1301,Alert: Driver reported feeling unwell and requested a shift change.,Driver reported feeling unwell and requested a shift change.,Driver,Critical
1302,Alert: Backend sync issue causing duplicate ride records at Delhi North Hub.,Backend sync issue causing duplicate ride records at Delhi North Hub.,Technical,Low
1303,Issue: Routine inspection revealed a coolant leak in EV-109.,Routine inspection revealed a coolant leak in EV-109.,Maintenance,Low
1304,Alert: EV-105 maintenance was delayed due to parts unavailability.,EV-105 maintenance was delayed due to parts unavailability.,Maintenance,Low
1305,Payment gateway timeout occurred during checkout.,Payment gateway timeout occurred during checkout.,Payment,Medium
1306,Issue: Driver reported feeling unwell and requested a shift change.,Driver reported feeling unwell and requested a shift change.,Driver,Medium
1307,Report: Suggestion received to add more charging stations near Mumbai East Hub.,Suggestion received to add more charging stations near Mumbai East Hub.,Other,Medium
1308,Issue: EV-124 is not charging at station 2.,EV-124 is not charging at station 2.,Charging,High
1309,Alert: Duplicate payment charged for a single ride.,Duplicate payment charged for a single ride.,Payment,Low
1310,Issue: Customer waited significantly longer than the estimated arrival time.,Customer waited significantly longer than the estimated arrival time.,Ride,Medium
1311,"Report: EV-124 shuts down unexpectedly, suspected battery fault.","EV-124 shuts down unexpectedly, suspected battery fault.",Battery,High
1312,Issue: EV-100 requires software update for the onboard diagnostics system.,EV-100 requires software update for the onboard diagnostics system.,Maintenance,Critical
1313,Alert: EV-113 maintenance was delayed due to parts unavailability.,EV-113 maintenance was delayed due to parts unavailability.,Maintenance,High
1314,Issue: EV-104 dashboard display is flickering intermittently.,EV-104 dashboard display is flickering intermittently.,Vehicle,Critical
1315,Report: Push notifications for ride status are not being delivered.,Push notifications for ride status are not being delivered.,Technical,High
1316,Issue: Driver was unreachable during the scheduled pickup window.,Driver was unreachable during the scheduled pickup window.,Driver,Medium
1317,Alert: Suggestion received to add more charging stations near Pune Central Hub.,Suggestion received to add more charging stations near Pune Central Hub.,Other,Medium
1318,Issue: EV-100 shows sudden battery drain even when parked.,EV-100 shows sudden battery drain even when parked.,Battery,High
1319,Issue: EV-108 is not charging at station 1.,EV-108 is not charging at station 1.,Charging,Critical
1320,Alert: EV-116 maintenance was delayed due to parts unavailability.,EV-116 maintenance was delayed due to parts unavailability.,Maintenance,High
1321,Report: Vehicle count mismatch found during the shift-change audit at Bangalore South Hub.,Vehicle count mismatch found during the shift-change audit at Bangalore South Hub.,Hub Operations,Low
1322,Issue: Customer reported the vehicle was not clean on pickup.,Customer reported the vehicle was not clean on pickup.,Customer,Low
1323,Issue: Charging cable at station 7 appears damaged and vehicle is not accepting charge.,Charging cable at station 7 appears damaged and vehicle is not accepting charge.,Charging,Critical
1324,Refund for a cancelled ride has not been processed.,Refund for a cancelled ride has not been processed.,Payment,Medium
1325,Alert: Payment gateway timeout occurred during checkout.,Payment gateway timeout occurred during checkout.,Payment,Low
1326,Report: Charging session for EV-111 keeps disconnecting randomly.,Charging session for EV-111 keeps disconnecting randomly.,Charging,Medium
1327,Vehicle count mismatch found during the shift-change audit at Bangalore South Hub.,Vehicle count mismatch found during the shift-change audit at Bangalore South Hub.,Hub Operations,High
1328,Report: General feedback submitted about the overall service experience.,General feedback submitted about the overall service experience.,Other,Low
1329,Issue: Driver payout for last week's shifts is showing as pending.,Driver payout for last week's shifts is showing as pending.,Payment,Medium
1330,Issue: Customer waited significantly longer than the estimated arrival time.,Customer waited significantly longer than the estimated arrival time.,Ride,Low
1331,Issue: Push notifications for ride status are not being delivered.,Push notifications for ride status are not being delivered.,Technical,High
1332,Alert: Battery health indicator for EV-122 has degraded significantly this month.,Battery health indicator for EV-122 has degraded significantly this month.,Battery,Low
1333,Issue: EV-107 requires software update for the onboard diagnostics system.,EV-107 requires software update for the onboard diagnostics system.,Maintenance,Low
1334,Alert: Suggestion received to add more charging stations near Pune Central Hub.,Suggestion received to add more charging stations near Pune Central Hub.,Other,Low
1335,Driver requested additional training on the new vehicle model.,Driver requested additional training on the new vehicle model.,Driver,High
1336,Alert: Miscellaneous request that does not fit an existing category.,Miscellaneous request that does not fit an existing category.,Other,Medium
1337,Issue: Battery percentage dropped unusually fast during the last trip for EV-102.,Battery percentage dropped unusually fast during the last trip for EV-102.,Battery,Medium
1338,Issue: Delhi North Hub reported a power outage affecting charging operations.,Delhi North Hub reported a power outage affecting charging operations.,Hub Operations,Medium
1339,Alert: Ride was cancelled midway without explanation for EV-118.,Ride was cancelled midway without explanation for EV-118.,Ride,Low
1340,Customer complained about driver behavior during the ride.,Customer complained about driver behavior during the ride.,Customer,High
1341,Customer complained about driver behavior during the ride.,Customer complained about driver behavior during the ride.,Customer,Medium
1342,Alert: EV-109 tyre pressure warning light is on.,EV-109 tyre pressure warning light is on.,Vehicle,High
1343,Customer payment was successful but booking was not confirmed.,Customer payment was successful but booking was not confirmed.,Payment,Medium
1344,Issue: EV-104 shows charging error code and will not start charging.,EV-104 shows charging error code and will not start charging.,Charging,Medium
1345,Report: EV-123 brakes feel soft and need inspection.,EV-123 brakes feel soft and need inspection.,Vehicle,Low
1346,Alert: EV-112 battery percentage is not increasing despite being connected at station 6.,EV-112 battery percentage is not increasing despite being connected at station 6.,Charging,Medium
1347,Report: Routine inspection revealed a coolant leak in EV-102.,Routine inspection revealed a coolant leak in EV-102.,Maintenance,Medium
1348,Issue: Payment gateway timeout occurred during checkout.,Payment gateway timeout occurred during checkout.,Payment,Medium
1349,Ride fare shown at the end did not match the estimate.,Ride fare shown at the end did not match the estimate.,Ride,Medium
1350,Issue: Customer reported a long detour during the ride.,Customer reported a long detour during the ride.,Ride,Medium
1351,Customer support ticket unresolved for more than 3 days.,Customer support ticket unresolved for more than 3 days.,Customer,Low
1352,Suggestion received to add more charging stations near Pune Central Hub.,Suggestion received to add more charging stations near Pune Central Hub.,Other,Medium
1353,EV-103 broke down during operation near Delhi North Hub.,EV-103 broke down during operation near Delhi North Hub.,Vehicle,Low
1354,Report: Driver has not arrived for the assigned shift at Delhi North Hub.,Driver has not arrived for the assigned shift at Delhi North Hub.,Driver,Medium
1355,Miscellaneous request that does not fit an existing category.,Miscellaneous request that does not fit an existing category.,Other,Low
1356,Issue: Ride fare shown at the end did not match the estimate.,Ride fare shown at the end did not match the estimate.,Ride,High
1357,Issue: Push notifications for ride status are not being delivered.,Push notifications for ride status are not being delivered.,Technical,High
1358,Report: Security gate at Delhi North Hub is malfunctioning.,Security gate at Delhi North Hub is malfunctioning.,Hub Operations,High
1359,Issue: EV-102 shows sudden battery drain even when parked.,EV-102 shows sudden battery drain even when parked.,Battery,Medium
1360,Issue: EV-126 maintenance was delayed due to parts unavailability.,EV-126 maintenance was delayed due to parts unavailability.,Maintenance,Medium
1361,Alert: Driver has not arrived for the assigned shift at Pune Central Hub.,Driver has not arrived for the assigned shift at Pune Central Hub.,Driver,Medium
1362,Alert: Battery percentage dropped unusually fast during the last trip for EV-104.,Battery percentage dropped unusually fast during the last trip for EV-104.,Battery,Critical
1363,Report: EV-103 is not charging at station 5.,EV-103 is not charging at station 5.,Charging,Low
1364,Alert: EV-107 is due for scheduled maintenance and has not been serviced.,EV-107 is due for scheduled maintenance and has not been serviced.,Maintenance,Low
1365,Alert: Miscellaneous request that does not fit an existing category.,Miscellaneous request that does not fit an existing category.,Other,Medium
1366,Issue: Pune Central Hub requires additional staff during the evening peak hours.,Pune Central Hub requires additional staff during the evening peak hours.,Hub Operations,Medium
1367,Report: Driver has not arrived for the assigned shift at Bangalore South Hub.,Driver has not arrived for the assigned shift at Bangalore South Hub.,Driver,Low
1368,EV-117 tyre pressure warning light is on.,EV-117 tyre pressure warning light is on.,Vehicle,High
1369,"Report: EV-108 shuts down unexpectedly, suspected battery fault.","EV-108 shuts down unexpectedly, suspected battery fault.",Battery,Medium
1370,Report: Routine inspection revealed a coolant leak in EV-102.,Routine inspection revealed a coolant leak in EV-102.,Maintenance,Low
1371,Report: Duplicate payment charged for a single ride.,Duplicate payment charged for a single ride.,Payment,Medium
1372,Report: Maintenance team flagged worn brake pads on EV-110.,Maintenance team flagged worn brake pads on EV-110.,Maintenance,Critical
1373,Issue: EV-103 shows sudden battery drain even when parked.,EV-103 shows sudden battery drain even when parked.,Battery,Critical
1374,Report: Customer requested a refund for a cancelled ride.,Customer requested a refund for a cancelled ride.,Customer,Low
1375,Issue: Ride was cancelled midway without explanation for EV-103.,Ride was cancelled midway without explanation for EV-103.,Ride,Medium
1376,Alert: EV-116 battery temperature is unusually high during operation.,EV-116 battery temperature is unusually high during operation.,Battery,Critical
1377,Report: Pune Central Hub reported a power outage affecting charging operations.,Pune Central Hub reported a power outage affecting charging operations.,Hub Operations,Low
1378,Report: Customer reported the vehicle was not clean on pickup.,Customer reported the vehicle was not clean on pickup.,Customer,Medium
1379,Alert: Ride was cancelled midway without explanation for EV-121.,Ride was cancelled midway without explanation for EV-121.,Ride,High
1380,Charging session for EV-120 keeps disconnecting randomly.,Charging session for EV-120 keeps disconnecting randomly.,Charging,Medium
1381,Alert: GPS tracking for EV-114 is showing an incorrect location.,GPS tracking for EV-114 is showing an incorrect location.,Technical,Medium
1382,Issue: EV-122 maintenance was delayed due to parts unavailability.,EV-122 maintenance was delayed due to parts unavailability.,Maintenance,Medium
1383,Issue: Ride fare shown at the end did not match the estimate.,Ride fare shown at the end did not match the estimate.,Ride,Medium
1384,Driver has not arrived for the assigned shift at Pune Central Hub.,Driver has not arrived for the assigned shift at Pune Central Hub.,Driver,Medium
1385,Issue: Charging cable at station 3 appears damaged and vehicle is not accepting charge.,Charging cable at station 3 appears damaged and vehicle is not accepting charge.,Charging,High
1386,Alert: EV-119 is due for scheduled maintenance and has not been serviced.,EV-119 is due for scheduled maintenance and has not been serviced.,Maintenance,Medium
1387,Report: Driver requested additional training on the new vehicle model.,Driver requested additional training on the new vehicle model.,Driver,Low
1388,EV-111 broke down during operation near Bangalore South Hub.,EV-111 broke down during operation near Bangalore South Hub.,Vehicle,Low
1389,Report: Backend sync issue causing duplicate ride records at Pune Central Hub.,Backend sync issue causing duplicate ride records at Pune Central Hub.,Technical,High
1390,Report: Customer payment was successful but booking was not confirmed.,Customer payment was successful but booking was not confirmed.,Payment,High
1391,Issue: Charging session for EV-120 keeps disconnecting randomly.,Charging session for EV-120 keeps disconnecting randomly.,Charging,Low
1392,Push notifications for ride status are not being delivered.,Push notifications for ride status are not being delivered.,Technical,High
1393,Report: Customer requested a refund for a cancelled ride.,Customer requested a refund for a cancelled ride.,Customer,High
1394,Issue: EV-100 requires software update for the onboard diagnostics system.,EV-100 requires software update for the onboard diagnostics system.,Maintenance,High
1395,Driver payout for last week's shifts is showing as pending.,Driver payout for last week's shifts is showing as pending.,Payment,High
1396,Alert: Charging stops after a few minutes for EV-124 at station 5.,Charging stops after a few minutes for EV-124 at station 5.,Charging,High
1397,Ride pickup location did not match the app location.,Ride pickup location did not match the app location.,Ride,High
1398,Issue: Miscellaneous request that does not fit an existing category.,Miscellaneous request that does not fit an existing category.,Other,Low
1399,Customer complained about driver behavior during the ride.,Customer complained about driver behavior during the ride.,Customer,Critical
1400,EV-128 requires software update for the onboard diagnostics system.,EV-128 requires software update for the onboard diagnostics system.,Maintenance,Medium
1401,Report: Query raised about the loyalty rewards program.,Query raised about the loyalty rewards program.,Other,Medium
1402,Issue: Customer reported the vehicle was not clean on pickup.,Customer reported the vehicle was not clean on pickup.,Customer,High
1403,Report: Charging stops after a few minutes for EV-104 at station 6.,Charging stops after a few minutes for EV-104 at station 6.,Charging,Medium
1404,Issue: Charging session for EV-126 keeps disconnecting randomly.,Charging session for EV-126 keeps disconnecting randomly.,Charging,Low
1405,Routine inspection revealed a coolant leak in EV-109.,Routine inspection revealed a coolant leak in EV-109.,Maintenance,Critical
1406,Issue: Driver requested additional training on the new vehicle model.,Driver requested additional training on the new vehicle model.,Driver,High
1407,Issue: Customer reported a long detour during the ride.,Customer reported a long detour during the ride.,Ride,Medium
1408,Report: Driver payout for last week's shifts is showing as pending.,Driver payout for last week's shifts is showing as pending.,Payment,High
1409,Report: EV-108 is due for scheduled maintenance and has not been serviced.,EV-108 is due for scheduled maintenance and has not been serviced.,Maintenance,High
1410,Report: Battery percentage dropped unusually fast during the last trip for EV-112.,Battery percentage dropped unusually fast during the last trip for EV-112.,Battery,Medium
1411,Issue: Driver was unreachable during the scheduled pickup window.,Driver was unreachable during the scheduled pickup window.,Driver,Medium
1412,Ride was cancelled midway without explanation for EV-108.,Ride was cancelled midway without explanation for EV-108.,Ride,Low
1413,Issue: Driver was unreachable during the scheduled pickup window.,Driver was unreachable during the scheduled pickup window.,Driver,Critical
1414,Issue: Query raised about the loyalty rewards program.,Query raised about the loyalty rewards program.,Other,Medium
1415,Issue: Maintenance team flagged worn brake pads on EV-108.,Maintenance team flagged worn brake pads on EV-108.,Maintenance,High
1416,Alert: Battery percentage dropped unusually fast during the last trip for EV-121.,Battery percentage dropped unusually fast during the last trip for EV-121.,Battery,High
1417,Report: Mumbai East Hub requires additional staff during the evening peak hours.,Mumbai East Hub requires additional staff during the evening peak hours.,Hub Operations,Medium
1418,Issue: Vehicle count mismatch found during the shift-change audit at Mumbai East Hub.,Vehicle count mismatch found during the shift-change audit at Mumbai East Hub.,Hub Operations,Medium
1419,Issue: EV-129 battery percentage is not increasing despite being connected at station 4.,EV-129 battery percentage is not increasing despite being connected at station 4.,Charging,Medium
1420,"Report: EV-119 shuts down unexpectedly, suspected battery fault.","EV-119 shuts down unexpectedly, suspected battery fault.",Battery,Medium
1421,Alert: Duplicate payment charged for a single ride.,Duplicate payment charged for a single ride.,Payment,Medium
1422,Issue: Refund for a cancelled ride has not been processed.,Refund for a cancelled ride has not been processed.,Payment,Medium
1423,Alert: EV-115 is due for scheduled maintenance and has not been serviced.,EV-115 is due for scheduled maintenance and has not been serviced.,Maintenance,High
1424,EV-101 is making unusual noise from the motor.,EV-101 is making unusual noise from the motor.,Vehicle,Medium
1425,Push notifications for ride status are not being delivered.,Push notifications for ride status are not being delivered.,Technical,High
1426,Report: Payment gateway timeout occurred during checkout.,Payment gateway timeout occurred during checkout.,Payment,High
1427,Alert: Security gate at Delhi North Hub is malfunctioning.,Security gate at Delhi North Hub is malfunctioning.,Hub Operations,Medium
1428,Issue: Customer reported a long detour during the ride.,Customer reported a long detour during the ride.,Ride,High
1429,Alert: Duplicate payment charged for a single ride.,Duplicate payment charged for a single ride.,Payment,Low
1430,Report: EV-127 is making unusual noise from the motor.,EV-127 is making unusual noise from the motor.,Vehicle,Low
1431,Alert: Customer payment was successful but booking was not confirmed.,Customer payment was successful but booking was not confirmed.,Payment,High
1432,Issue: EV-128 brakes feel soft and need inspection.,EV-128 brakes feel soft and need inspection.,Vehicle,Low
1433,Issue: Customer complained about driver behavior during the ride.,Customer complained about driver behavior during the ride.,Customer,High
1434,Report: Driver payout for last week's shifts is showing as pending.,Driver payout for last week's shifts is showing as pending.,Payment,Low
1435,GPS tracking for EV-110 is showing an incorrect location.,GPS tracking for EV-110 is showing an incorrect location.,Technical,Medium
1436,EV-107 brakes feel soft and need inspection.,EV-107 brakes feel soft and need inspection.,Vehicle,Critical
1437,Report: Battery health indicator for EV-105 has degraded significantly this month.,Battery health indicator for EV-105 has degraded significantly this month.,Battery,Medium
1438,Report: Driver requested additional training on the new vehicle model.,Driver requested additional training on the new vehicle model.,Driver,Critical
1439,EV-121 brakes feel soft and need inspection.,EV-121 brakes feel soft and need inspection.,Vehicle,Critical
1440,Report: Driver flagged a scheduling conflict for the upcoming shift at Pune Central Hub.,Driver flagged a scheduling conflict for the upcoming shift at Pune Central Hub.,Driver,Medium
1441,Issue: EV-103 battery percentage is not increasing despite being connected at station 7.,EV-103 battery percentage is not increasing despite being connected at station 7.,Charging,Critical
1442,Issue: General feedback submitted about the overall service experience.,General feedback submitted about the overall service experience.,Other,Medium
1443,EV-117 is not charging at station 6.,EV-117 is not charging at station 6.,Charging,High
1444,Report: Vehicle count mismatch found during the shift-change audit at Bangalore South Hub.,Vehicle count mismatch found during the shift-change audit at Bangalore South Hub.,Hub Operations,High
1445,Issue: Driver has not arrived for the assigned shift at Pune Central Hub.,Driver has not arrived for the assigned shift at Pune Central Hub.,Driver,Critical
1446,"Report: EV-109 shuts down unexpectedly, suspected battery fault.","EV-109 shuts down unexpectedly, suspected battery fault.",Battery,Critical
1447,Alert: Charging stops after a few minutes for EV-113 at station 7.,Charging stops after a few minutes for EV-113 at station 7.,Charging,High
1448,Issue: Driver flagged a scheduling conflict for the upcoming shift at Delhi North Hub.,Driver flagged a scheduling conflict for the upcoming shift at Delhi North Hub.,Driver,High
1449,Issue: Driver has not arrived for the assigned shift at Pune Central Hub.,Driver has not arrived for the assigned shift at Pune Central Hub.,Driver,Medium
1450,Alert: Customer was charged but booking was not confirmed.,Customer was charged but booking was not confirmed.,Customer,High
1451,Alert: Security gate at Mumbai East Hub is malfunctioning.,Security gate at Mumbai East Hub is malfunctioning.,Hub Operations,Low
1452,Alert: Bangalore South Hub reported a power outage affecting charging operations.,Bangalore South Hub reported a power outage affecting charging operations.,Hub Operations,Low
1453,Report: Ride was cancelled midway without explanation for EV-125.,Ride was cancelled midway without explanation for EV-125.,Ride,Low
1454,Issue: Customer complained about driver behavior during the ride.,Customer complained about driver behavior during the ride.,Customer,Low
1455,Report: Vehicle count mismatch found during the shift-change audit at Mumbai East Hub.,Vehicle count mismatch found during the shift-change audit at Mumbai East Hub.,Hub Operations,Critical
1456,EV-111 brakes feel soft and need inspection.,EV-111 brakes feel soft and need inspection.,Vehicle,High
1457,Delhi North Hub reported a power outage affecting charging operations.,Delhi North Hub reported a power outage affecting charging operations.,Hub Operations,High
1458,Driver payout for last week's shifts is showing as pending.,Driver payout for last week's shifts is showing as pending.,Payment,Critical
1459,Issue: Driver payout for last week's shifts is showing as pending.,Driver payout for last week's shifts is showing as pending.,Payment,High
1460,Issue: Driver has not arrived for the assigned shift at Mumbai East Hub.,Driver has not arrived for the assigned shift at Mumbai East Hub.,Driver,Low
1461,Customer requested a refund for a cancelled ride.,Customer requested a refund for a cancelled ride.,Customer,Medium
1462,Issue: Driver reported feeling unwell and requested a shift change.,Driver reported feeling unwell and requested a shift change.,Driver,Medium
1463,Issue: EV-123 brakes feel soft and need inspection.,EV-123 brakes feel soft and need inspection.,Vehicle,High
1464,Report: General feedback submitted about the overall service experience.,General feedback submitted about the overall service experience.,Other,High
1465,Report: EV-102 battery temperature is unusually high during operation.,EV-102 battery temperature is unusually high during operation.,Battery,Critical
1466,Alert: GPS tracking for EV-123 is showing an incorrect location.,GPS tracking for EV-123 is showing an incorrect location.,Technical,High
1467,Issue: Mobile app crashes when trying to book a ride from Mumbai East Hub.,Mobile app crashes when trying to book a ride from Mumbai East Hub.,Technical,Critical
1468,Security gate at Pune Central Hub is malfunctioning.,Security gate at Pune Central Hub is malfunctioning.,Hub Operations,High
1469,Miscellaneous request that does not fit an existing category.,Miscellaneous request that does not fit an existing category.,Other,Low
1470,EV-102 is making unusual noise from the motor.,EV-102 is making unusual noise from the motor.,Vehicle,Medium
1471,Issue: Mumbai East Hub is operating near full capacity with no available parking.,Mumbai East Hub is operating near full capacity with no available parking.,Hub Operations,Low
1472,Alert: Backend sync issue causing duplicate ride records at Delhi North Hub.,Backend sync issue causing duplicate ride records at Delhi North Hub.,Technical,High
1473,Alert: Miscellaneous request that does not fit an existing category.,Miscellaneous request that does not fit an existing category.,Other,High
1474,Issue: Bangalore South Hub reported a power outage affecting charging operations.,Bangalore South Hub reported a power outage affecting charging operations.,Hub Operations,High
1475,Report: EV-119 battery temperature is unusually high during operation.,EV-119 battery temperature is unusually high during operation.,Battery,Critical
1476,Issue: General feedback submitted about the overall service experience.,General feedback submitted about the overall service experience.,Other,Low
1477,Alert: Vehicle count mismatch found during the shift-change audit at Bangalore South Hub.,Vehicle count mismatch found during the shift-change audit at Bangalore South Hub.,Hub Operations,Critical
1478,Alert: EV-124 shows charging error code and will not start charging.,EV-124 shows charging error code and will not start charging.,Charging,High
1479,Issue: EV-104 requires software update for the onboard diagnostics system.,EV-104 requires software update for the onboard diagnostics system.,Maintenance,High
1480,Issue: Duplicate payment charged for a single ride.,Duplicate payment charged for a single ride.,Payment,Medium
1481,Issue: Customer reported a long detour during the ride.,Customer reported a long detour during the ride.,Ride,Low
1482,Alert: Driver reported feeling unwell and requested a shift change.,Driver reported feeling unwell and requested a shift change.,Driver,Low
1483,GPS tracking for EV-110 is showing an incorrect location.,GPS tracking for EV-110 is showing an incorrect location.,Technical,Medium
1484,Issue: Charging session for EV-124 keeps disconnecting randomly.,Charging session for EV-124 keeps disconnecting randomly.,Charging,High
1485,Report: EV-120 tyre pressure warning light is on.,EV-120 tyre pressure warning light is on.,Vehicle,Medium
1486,Alert: Customer waited significantly longer than the estimated arrival time.,Customer waited significantly longer than the estimated arrival time.,Ride,High
1487,Alert: EV-105 is making unusual noise from the motor.,EV-105 is making unusual noise from the motor.,Vehicle,High
1488,Alert: Battery percentage dropped unusually fast during the last trip for EV-105.,Battery percentage dropped unusually fast during the last trip for EV-105.,Battery,Low
1489,Alert: GPS tracking for EV-103 is showing an incorrect location.,GPS tracking for EV-103 is showing an incorrect location.,Technical,High
1490,Alert: Routine inspection revealed a coolant leak in EV-127.,Routine inspection revealed a coolant leak in EV-127.,Maintenance,High
1491,Issue: Customer was charged but booking was not confirmed.,Customer was charged but booking was not confirmed.,Customer,High
1492,Issue: Pune Central Hub is operating near full capacity with no available parking.,Pune Central Hub is operating near full capacity with no available parking.,Hub Operations,High
1493,Ride fare shown at the end did not match the estimate.,Ride fare shown at the end did not match the estimate.,Ride,High
1494,General feedback submitted about the overall service experience.,General feedback submitted about the overall service experience.,Other,Low
1495,Report: Battery percentage dropped unusually fast during the last trip for EV-105.,Battery percentage dropped unusually fast during the last trip for EV-105.,Battery,Medium
1496,EV-102 requires software update for the onboard diagnostics system.,EV-102 requires software update for the onboard diagnostics system.,Maintenance,Low
1497,Report: Driver flagged a scheduling conflict for the upcoming shift at Delhi North Hub.,Driver flagged a scheduling conflict for the upcoming shift at Delhi North Hub.,Driver,Critical
1498,GPS tracking for EV-120 is showing an incorrect location.,GPS tracking for EV-120 is showing an incorrect location.,Technical,Medium
1499,Report: EV-125 shows charging error code and will not start charging.,EV-125 shows charging error code and will not start charging.,Charging,High
1500,Issue: Charging session for EV-113 keeps disconnecting randomly.,Charging session for EV-113 keeps disconnecting randomly.,Charging,Medium
1501,EV-108 broke down during operation near Pune Central Hub.,EV-108 broke down during operation near Pune Central Hub.,Vehicle,High
1502,Issue: EV-106 maintenance was delayed due to parts unavailability.,EV-106 maintenance was delayed due to parts unavailability.,Maintenance,Medium
1503,EV-124 requires software update for the onboard diagnostics system.,EV-124 requires software update for the onboard diagnostics system.,Maintenance,High
1504,Backend sync issue causing duplicate ride records at Delhi North Hub.,Backend sync issue causing duplicate ride records at Delhi North Hub.,Technical,High
1505,Report: EV-125 battery percentage is not increasing despite being connected at station 4.,EV-125 battery percentage is not increasing despite being connected at station 4.,Charging,Medium
1506,Customer requested a refund for a cancelled ride.,Customer requested a refund for a cancelled ride.,Customer,Low
1507,Issue: Customer was charged but booking was not confirmed.,Customer was charged but booking was not confirmed.,Customer,Medium
1508,Report: GPS tracking for EV-120 is showing an incorrect location.,GPS tracking for EV-120 is showing an incorrect location.,Technical,Critical
1509,Report: EV-124 maintenance was delayed due to parts unavailability.,EV-124 maintenance was delayed due to parts unavailability.,Maintenance,High
1510,Alert: Driver requested additional training on the new vehicle model.,Driver requested additional training on the new vehicle model.,Driver,Critical
1511,Alert: Customer payment was successful but booking was not confirmed.,Customer payment was successful but booking was not confirmed.,Payment,Medium
1512,Customer support ticket unresolved for more than 3 days.,Customer support ticket unresolved for more than 3 days.,Customer,Low
1513,EV-105 requires software update for the onboard diagnostics system.,EV-105 requires software update for the onboard diagnostics system.,Maintenance,High
1514,Issue: Query raised about the loyalty rewards program.,Query raised about the loyalty rewards program.,Other,Low
1515,Issue: Battery percentage dropped unusually fast during the last trip for EV-119.,Battery percentage dropped unusually fast during the last trip for EV-119.,Battery,High
1516,Report: Miscellaneous request that does not fit an existing category.,Miscellaneous request that does not fit an existing category.,Other,Low
1517,Driver flagged a scheduling conflict for the upcoming shift at Pune Central Hub.,Driver flagged a scheduling conflict for the upcoming shift at Pune Central Hub.,Driver,High
1518,EV-125 shows sudden battery drain even when parked.,EV-125 shows sudden battery drain even when parked.,Battery,Low
1519,Alert: EV-125 shows charging error code and will not start charging.,EV-125 shows charging error code and will not start charging.,Charging,High
1520,Ride fare shown at the end did not match the estimate.,Ride fare shown at the end did not match the estimate.,Ride,Low
1521,Alert: EV-100 is not charging at station 3.,EV-100 is not charging at station 3.,Charging,Medium
1522,Customer complained about driver behavior during the ride.,Customer complained about driver behavior during the ride.,Customer,Medium
1523,Driver requested additional training on the new vehicle model.,Driver requested additional training on the new vehicle model.,Driver,Low
1524,Report: EV-112 dashboard display is flickering intermittently.,EV-112 dashboard display is flickering intermittently.,Vehicle,Low
1525,Maintenance team flagged worn brake pads on EV-103.,Maintenance team flagged worn brake pads on EV-103.,Maintenance,Medium
1526,Issue: Query raised about the loyalty rewards program.,Query raised about the loyalty rewards program.,Other,Medium
1527,Issue: Charging cable at station 3 appears damaged and vehicle is not accepting charge.,Charging cable at station 3 appears damaged and vehicle is not accepting charge.,Charging,Medium
1528,Alert: Vehicle count mismatch found during the shift-change audit at Delhi North Hub.,Vehicle count mismatch found during the shift-change audit at Delhi North Hub.,Hub Operations,Medium
1529,Report: EV-120 AC is not working properly.,EV-120 AC is not working properly.,Vehicle,Critical
1530,Report: EV-121 requires software update for the onboard diagnostics system.,EV-121 requires software update for the onboard diagnostics system.,Maintenance,Critical
1531,Issue: General feedback submitted about the overall service experience.,General feedback submitted about the overall service experience.,Other,Medium
1532,EV-109 battery temperature is unusually high during operation.,EV-109 battery temperature is unusually high during operation.,Battery,Critical
1533,Customer complained about driver behavior during the ride.,Customer complained about driver behavior during the ride.,Customer,Medium
1534,Battery health indicator for EV-120 has degraded significantly this month.,Battery health indicator for EV-120 has degraded significantly this month.,Battery,Medium
1535,Report: Customer reported the vehicle was not clean on pickup.,Customer reported the vehicle was not clean on pickup.,Customer,High
1536,Issue: General feedback submitted about the overall service experience.,General feedback submitted about the overall service experience.,Other,Medium
1537,Issue: EV-123 tyre pressure warning light is on.,EV-123 tyre pressure warning light is on.,Vehicle,Critical
1538,Issue: Customer payment was successful but booking was not confirmed.,Customer payment was successful but booking was not confirmed.,Payment,Low
1539,Report: Driver has not arrived for the assigned shift at Mumbai East Hub.,Driver has not arrived for the assigned shift at Mumbai East Hub.,Driver,Critical
1540,Alert: Ride pickup location did not match the app location.,Ride pickup location did not match the app location.,Ride,Medium
1541,Report: Backend sync issue causing duplicate ride records at Mumbai East Hub.,Backend sync issue causing duplicate ride records at Mumbai East Hub.,Technical,High
1542,Report: Query raised about the loyalty rewards program.,Query raised about the loyalty rewards program.,Other,High
1543,Alert: Backend sync issue causing duplicate ride records at Delhi North Hub.,Backend sync issue causing duplicate ride records at Delhi North Hub.,Technical,Medium
1544,Alert: Customer support ticket unresolved for more than 3 days.,Customer support ticket unresolved for more than 3 days.,Customer,High
1545,Alert: Customer was charged but booking was not confirmed.,Customer was charged but booking was not confirmed.,Customer,Low
1546,Report: Vehicle count mismatch found during the shift-change audit at Delhi North Hub.,Vehicle count mismatch found during the shift-change audit at Delhi North Hub.,Hub Operations,Critical
1547,Report: Customer reported the vehicle was not clean on pickup.,Customer reported the vehicle was not clean on pickup.,Customer,High
1548,Alert: Query raised about the loyalty rewards program.,Query raised about the loyalty rewards program.,Other,High
1549,Alert: Charging session for EV-110 keeps disconnecting randomly.,Charging session for EV-110 keeps disconnecting randomly.,Charging,Medium
1550,Report: Driver requested additional training on the new vehicle model.,Driver requested additional training on the new vehicle model.,Driver,Medium
1551,"EV-108 shuts down unexpectedly, suspected battery fault.","EV-108 shuts down unexpectedly, suspected battery fault.",Battery,Medium
1552,Customer requested a refund for a cancelled ride.,Customer requested a refund for a cancelled ride.,Customer,Low
1553,Alert: EV-113 shows charging error code and will not start charging.,EV-113 shows charging error code and will not start charging.,Charging,High
1554,Issue: Vehicle count mismatch found during the shift-change audit at Bangalore South Hub.,Vehicle count mismatch found during the shift-change audit at Bangalore South Hub.,Hub Operations,Critical
1555,Issue: Telematics unit on EV-104 stopped sending data.,Telematics unit on EV-104 stopped sending data.,Technical,Low
1556,Customer was charged but booking was not confirmed.,Customer was charged but booking was not confirmed.,Customer,Low
1557,Alert: Ride pickup location did not match the app location.,Ride pickup location did not match the app location.,Ride,High
1558,Push notifications for ride status are not being delivered.,Push notifications for ride status are not being delivered.,Technical,Medium
1559,Issue: Mobile app crashes when trying to book a ride from Pune Central Hub.,Mobile app crashes when trying to book a ride from Pune Central Hub.,Technical,Critical
1560,Issue: Charging stops after a few minutes for EV-103 at station 6.,Charging stops after a few minutes for EV-103 at station 6.,Charging,High
1561,Issue: Driver was unreachable during the scheduled pickup window.,Driver was unreachable during the scheduled pickup window.,Driver,High
1562,Battery percentage dropped unusually fast during the last trip for EV-109.,Battery percentage dropped unusually fast during the last trip for EV-109.,Battery,High
1563,Alert: Customer reported a long detour during the ride.,Customer reported a long detour during the ride.,Ride,High
1564,Report: EV-128 tyre pressure warning light is on.,EV-128 tyre pressure warning light is on.,Vehicle,Medium
1565,Vehicle count mismatch found during the shift-change audit at Bangalore South Hub.,Vehicle count mismatch found during the shift-change audit at Bangalore South Hub.,Hub Operations,High
1566,Report: Driver has not arrived for the assigned shift at Pune Central Hub.,Driver has not arrived for the assigned shift at Pune Central Hub.,Driver,High
1567,Issue: Suggestion received to add more charging stations near Pune Central Hub.,Suggestion received to add more charging stations near Pune Central Hub.,Other,Low
1568,Report: Driver has not arrived for the assigned shift at Delhi North Hub.,Driver has not arrived for the assigned shift at Delhi North Hub.,Driver,Low
1569,Alert: Mobile app crashes when trying to book a ride from Bangalore South Hub.,Mobile app crashes when trying to book a ride from Bangalore South Hub.,Technical,Medium
1570,Alert: GPS tracking for EV-127 is showing an incorrect location.,GPS tracking for EV-127 is showing an incorrect location.,Technical,High
1571,Alert: Routine inspection revealed a coolant leak in EV-127.,Routine inspection revealed a coolant leak in EV-127.,Maintenance,High
1572,Issue: Maintenance team flagged worn brake pads on EV-121.,Maintenance team flagged worn brake pads on EV-121.,Maintenance,Critical
1573,EV-100 battery temperature is unusually high during operation.,EV-100 battery temperature is unusually high during operation.,Battery,High
1574,Issue: Miscellaneous request that does not fit an existing category.,Miscellaneous request that does not fit an existing category.,Other,Low
1575,Alert: Customer reported the vehicle was not clean on pickup.,Customer reported the vehicle was not clean on pickup.,Customer,Medium
1576,Charging cable at station 6 appears damaged and vehicle is not accepting charge.,Charging cable at station 6 appears damaged and vehicle is not accepting charge.,Charging,Critical
1577,Alert: Maintenance team flagged worn brake pads on EV-109.,Maintenance team flagged worn brake pads on EV-109.,Maintenance,High
1578,Report: Driver payout for last week's shifts is showing as pending.,Driver payout for last week's shifts is showing as pending.,Payment,Medium
1579,Report: EV-103 battery temperature is unusually high during operation.,EV-103 battery temperature is unusually high during operation.,Battery,Medium
1580,"EV-103 shuts down unexpectedly, suspected battery fault.","EV-103 shuts down unexpectedly, suspected battery fault.",Battery,Medium
1581,Report: Routine inspection revealed a coolant leak in EV-103.,Routine inspection revealed a coolant leak in EV-103.,Maintenance,High
1582,Issue: Driver was unreachable during the scheduled pickup window.,Driver was unreachable during the scheduled pickup window.,Driver,Medium
1583,Report: EV-129 tyre pressure warning light is on.,EV-129 tyre pressure warning light is on.,Vehicle,Medium
1584,EV-121 is making unusual noise from the motor.,EV-121 is making unusual noise from the motor.,Vehicle,Critical
1585,Report: EV-121 broke down during operation near Delhi North Hub.,EV-121 broke down during operation near Delhi North Hub.,Vehicle,High
1586,Issue: Ride was cancelled midway without explanation for EV-105.,Ride was cancelled midway without explanation for EV-105.,Ride,Low
1587,Alert: GPS tracking for EV-115 is showing an incorrect location.,GPS tracking for EV-115 is showing an incorrect location.,Technical,Low
1588,Issue: Driver requested additional training on the new vehicle model.,Driver requested additional training on the new vehicle model.,Driver,Medium
1589,Alert: Ride pickup location did not match the app location.,Ride pickup location did not match the app location.,Ride,Low
1590,Alert: Miscellaneous request that does not fit an existing category.,Miscellaneous request that does not fit an existing category.,Other,Critical
1591,Issue: Ride pickup location did not match the app location.,Ride pickup location did not match the app location.,Ride,High
1592,Issue: EV-127 brakes feel soft and need inspection.,EV-127 brakes feel soft and need inspection.,Vehicle,High
1593,Issue: Driver requested additional training on the new vehicle model.,Driver requested additional training on the new vehicle model.,Driver,High
1594,Driver flagged a scheduling conflict for the upcoming shift at Bangalore South Hub.,Driver flagged a scheduling conflict for the upcoming shift at Bangalore South Hub.,Driver,Low
1595,Duplicate payment charged for a single ride.,Duplicate payment charged for a single ride.,Payment,High
1596,Issue: Ride pickup location did not match the app location.,Ride pickup location did not match the app location.,Ride,Low
1597,Issue: Routine inspection revealed a coolant leak in EV-118.,Routine inspection revealed a coolant leak in EV-118.,Maintenance,Critical
1598,Report: GPS tracking for EV-114 is showing an incorrect location.,GPS tracking for EV-114 is showing an incorrect location.,Technical,Medium
1599,Issue: Ride fare shown at the end did not match the estimate.,Ride fare shown at the end did not match the estimate.,Ride,Critical
1600,Issue: Driver was unreachable during the scheduled pickup window.,Driver was unreachable during the scheduled pickup window.,Driver,Medium
1601,Alert: EV-121 requires software update for the onboard diagnostics system.,EV-121 requires software update for the onboard diagnostics system.,Maintenance,High
1602,Report: Customer waited significantly longer than the estimated arrival time.,Customer waited significantly longer than the estimated arrival time.,Ride,Medium
1603,Driver flagged a scheduling conflict for the upcoming shift at Bangalore South Hub.,Driver flagged a scheduling conflict for the upcoming shift at Bangalore South Hub.,Driver,High
1604,Issue: Customer complained about driver behavior during the ride.,Customer complained about driver behavior during the ride.,Customer,High
1605,Alert: Ride pickup location did not match the app location.,Ride pickup location did not match the app location.,Ride,Medium
1606,Report: Security gate at Bangalore South Hub is malfunctioning.,Security gate at Bangalore South Hub is malfunctioning.,Hub Operations,Critical
1607,Ride pickup location did not match the app location.,Ride pickup location did not match the app location.,Ride,Medium
1608,Alert: EV-104 is due for scheduled maintenance and has not been serviced.,EV-104 is due for scheduled maintenance and has not been serviced.,Maintenance,Medium
1609,Telematics unit on EV-113 stopped sending data.,Telematics unit on EV-113 stopped sending data.,Technical,Low
1610,Alert: EV-100 battery percentage is not increasing despite being connected at station 7.,EV-100 battery percentage is not increasing despite being connected at station 7.,Charging,Medium
1611,Alert: Driver requested additional training on the new vehicle model.,Driver requested additional training on the new vehicle model.,Driver,Medium
1612,Charging cable at station 7 appears damaged and vehicle is not accepting charge.,Charging cable at station 7 appears damaged and vehicle is not accepting charge.,Charging,High
1613,Issue: EV-101 is not charging at station 5.,EV-101 is not charging at station 5.,Charging,High
1614,Issue: Customer waited significantly longer than the estimated arrival time.,Customer waited significantly longer than the estimated arrival time.,Ride,High
1615,Report: Driver requested additional training on the new vehicle model.,Driver requested additional training on the new vehicle model.,Driver,High
1616,Report: Ride pickup location did not match the app location.,Ride pickup location did not match the app location.,Ride,Medium
1617,Report: Battery percentage dropped unusually fast during the last trip for EV-100.,Battery percentage dropped unusually fast during the last trip for EV-100.,Battery,High
1618,Issue: Driver has not arrived for the assigned shift at Delhi North Hub.,Driver has not arrived for the assigned shift at Delhi North Hub.,Driver,High
1619,Alert: Ride fare shown at the end did not match the estimate.,Ride fare shown at the end did not match the estimate.,Ride,Low
1620,Issue: Vehicle count mismatch found during the shift-change audit at Delhi North Hub.,Vehicle count mismatch found during the shift-change audit at Delhi North Hub.,Hub Operations,Critical
1621,Report: EV-126 AC is not working properly.,EV-126 AC is not working properly.,Vehicle,High
1622,Backend sync issue causing duplicate ride records at Pune Central Hub.,Backend sync issue causing duplicate ride records at Pune Central Hub.,Technical,Low
1623,Customer requested a refund for a cancelled ride.,Customer requested a refund for a cancelled ride.,Customer,Medium
1624,Issue: EV-109 broke down during operation near Pune Central Hub.,EV-109 broke down during operation near Pune Central Hub.,Vehicle,High
1625,Alert: Pune Central Hub reported a power outage affecting charging operations.,Pune Central Hub reported a power outage affecting charging operations.,Hub Operations,Low
1626,Report: EV-128 brakes feel soft and need inspection.,EV-128 brakes feel soft and need inspection.,Vehicle,Critical
1627,Customer support ticket unresolved for more than 3 days.,Customer support ticket unresolved for more than 3 days.,Customer,Low
1628,Alert: Customer payment was successful but booking was not confirmed.,Customer payment was successful but booking was not confirmed.,Payment,Medium
1629,GPS tracking for EV-108 is showing an incorrect location.,GPS tracking for EV-108 is showing an incorrect location.,Technical,Critical
1630,Alert: Routine inspection revealed a coolant leak in EV-119.,Routine inspection revealed a coolant leak in EV-119.,Maintenance,Critical
1631,Report: Pune Central Hub requires additional staff during the evening peak hours.,Pune Central Hub requires additional staff during the evening peak hours.,Hub Operations,Critical
1632,Driver has not arrived for the assigned shift at Delhi North Hub.,Driver has not arrived for the assigned shift at Delhi North Hub.,Driver,Low
1633,Report: Customer complained about driver behavior during the ride.,Customer complained about driver behavior during the ride.,Customer,Low
1634,Issue: Routine inspection revealed a coolant leak in EV-129.,Routine inspection revealed a coolant leak in EV-129.,Maintenance,Medium
1635,Issue: Charging session for EV-102 keeps disconnecting randomly.,Charging session for EV-102 keeps disconnecting randomly.,Charging,Medium
1636,Report: EV-103 is making unusual noise from the motor.,EV-103 is making unusual noise from the motor.,Vehicle,Critical
1637,Report: Driver was unreachable during the scheduled pickup window.,Driver was unreachable during the scheduled pickup window.,Driver,High
1638,Issue: EV-125 maintenance was delayed due to parts unavailability.,EV-125 maintenance was delayed due to parts unavailability.,Maintenance,Medium
1639,Driver has not arrived for the assigned shift at Pune Central Hub.,Driver has not arrived for the assigned shift at Pune Central Hub.,Driver,High
1640,Bangalore South Hub requires additional staff during the evening peak hours.,Bangalore South Hub requires additional staff during the evening peak hours.,Hub Operations,High
1641,Report: Driver reported feeling unwell and requested a shift change.,Driver reported feeling unwell and requested a shift change.,Driver,High
1642,Report: Battery health indicator for EV-113 has degraded significantly this month.,Battery health indicator for EV-113 has degraded significantly this month.,Battery,Medium
1643,Alert: Refund for a cancelled ride has not been processed.,Refund for a cancelled ride has not been processed.,Payment,High
1644,Alert: Charging stops after a few minutes for EV-126 at station 5.,Charging stops after a few minutes for EV-126 at station 5.,Charging,High
1645,Alert: EV-109 battery temperature is unusually high during operation.,EV-109 battery temperature is unusually high during operation.,Battery,Medium
1646,Alert: EV-101 maintenance was delayed due to parts unavailability.,EV-101 maintenance was delayed due to parts unavailability.,Maintenance,Low
1647,Alert: General feedback submitted about the overall service experience.,General feedback submitted about the overall service experience.,Other,Medium
1648,Issue: Charging stops after a few minutes for EV-106 at station 6.,Charging stops after a few minutes for EV-106 at station 6.,Charging,High
1649,Bangalore South Hub requires additional staff during the evening peak hours.,Bangalore South Hub requires additional staff during the evening peak hours.,Hub Operations,Low
1650,Alert: Delhi North Hub requires additional staff during the evening peak hours.,Delhi North Hub requires additional staff during the evening peak hours.,Hub Operations,Low
1651,EV-101 is not charging at station 8.,EV-101 is not charging at station 8.,Charging,Medium
1652,Issue: Telematics unit on EV-125 stopped sending data.,Telematics unit on EV-125 stopped sending data.,Technical,Low
1653,Issue: Driver requested additional training on the new vehicle model.,Driver requested additional training on the new vehicle model.,Driver,Medium
1654,Report: Routine inspection revealed a coolant leak in EV-122.,Routine inspection revealed a coolant leak in EV-122.,Maintenance,Medium
1655,Battery health indicator for EV-103 has degraded significantly this month.,Battery health indicator for EV-103 has degraded significantly this month.,Battery,Critical
1656,Issue: Charging stops after a few minutes for EV-107 at station 2.,Charging stops after a few minutes for EV-107 at station 2.,Charging,High
1657,Charging session for EV-107 keeps disconnecting randomly.,Charging session for EV-107 keeps disconnecting randomly.,Charging,Critical
1658,Report: EV-101 is making unusual noise from the motor.,EV-101 is making unusual noise from the motor.,Vehicle,Medium
1659,Issue: Customer reported a long detour during the ride.,Customer reported a long detour during the ride.,Ride,Medium
1660,Alert: EV-117 shows sudden battery drain even when parked.,EV-117 shows sudden battery drain even when parked.,Battery,Medium
1661,Alert: Driver flagged a scheduling conflict for the upcoming shift at Bangalore South Hub.,Driver flagged a scheduling conflict for the upcoming shift at Bangalore South Hub.,Driver,Medium
1662,Issue: Suggestion received to add more charging stations near Bangalore South Hub.,Suggestion received to add more charging stations near Bangalore South Hub.,Other,Low
1663,Report: EV-128 shows charging error code and will not start charging.,EV-128 shows charging error code and will not start charging.,Charging,High
1664,Report: EV-107 tyre pressure warning light is on.,EV-107 tyre pressure warning light is on.,Vehicle,Critical
1665,Issue: Charging stops after a few minutes for EV-122 at station 8.,Charging stops after a few minutes for EV-122 at station 8.,Charging,Low
1666,Issue: Mobile app crashes when trying to book a ride from Delhi North Hub.,Mobile app crashes when trying to book a ride from Delhi North Hub.,Technical,High
1667,EV-127 shows charging error code and will not start charging.,EV-127 shows charging error code and will not start charging.,Charging,Critical
1668,Routine inspection revealed a coolant leak in EV-101.,Routine inspection revealed a coolant leak in EV-101.,Maintenance,High
1669,Alert: Customer payment was successful but booking was not confirmed.,Customer payment was successful but booking was not confirmed.,Payment,Medium
1670,Report: EV-124 battery percentage is not increasing despite being connected at station 6.,EV-124 battery percentage is not increasing despite being connected at station 6.,Charging,Medium
1671,Issue: EV-123 shows charging error code and will not start charging.,EV-123 shows charging error code and will not start charging.,Charging,Medium
1672,"Alert: EV-112 shuts down unexpectedly, suspected battery fault.","EV-112 shuts down unexpectedly, suspected battery fault.",Battery,High
1673,Alert: EV-114 brakes feel soft and need inspection.,EV-114 brakes feel soft and need inspection.,Vehicle,Low
1674,Query raised about the loyalty rewards program.,Query raised about the loyalty rewards program.,Other,Medium
1675,Issue: EV-108 battery percentage is not increasing despite being connected at station 6.,EV-108 battery percentage is not increasing despite being connected at station 6.,Charging,Medium
1676,EV-118 shows sudden battery drain even when parked.,EV-118 shows sudden battery drain even when parked.,Battery,Medium
1677,Alert: Mobile app crashes when trying to book a ride from Delhi North Hub.,Mobile app crashes when trying to book a ride from Delhi North Hub.,Technical,Critical
1678,Issue: Push notifications for ride status are not being delivered.,Push notifications for ride status are not being delivered.,Technical,Medium
1679,Alert: Customer waited significantly longer than the estimated arrival time.,Customer waited significantly longer than the estimated arrival time.,Ride,Medium
1680,Report: Ride pickup location did not match the app location.,Ride pickup location did not match the app location.,Ride,High
1681,Issue: EV-120 tyre pressure warning light is on.,EV-120 tyre pressure warning light is on.,Vehicle,Critical
1682,Report: EV-116 dashboard display is flickering intermittently.,EV-116 dashboard display is flickering intermittently.,Vehicle,Critical
1683,Alert: Charging session for EV-108 keeps disconnecting randomly.,Charging session for EV-108 keeps disconnecting randomly.,Charging,Medium
1684,Customer payment was successful but booking was not confirmed.,Customer payment was successful but booking was not confirmed.,Payment,High
1685,"Alert: EV-102 shuts down unexpectedly, suspected battery fault.","EV-102 shuts down unexpectedly, suspected battery fault.",Battery,High
1686,Alert: Miscellaneous request that does not fit an existing category.,Miscellaneous request that does not fit an existing category.,Other,High
1687,Alert: Bangalore South Hub reported a power outage affecting charging operations.,Bangalore South Hub reported a power outage affecting charging operations.,Hub Operations,Medium
1688,Report: Pune Central Hub is operating near full capacity with no available parking.,Pune Central Hub is operating near full capacity with no available parking.,Hub Operations,High
1689,Alert: Bangalore South Hub is operating near full capacity with no available parking.,Bangalore South Hub is operating near full capacity with no available parking.,Hub Operations,Medium
1690,Issue: Driver flagged a scheduling conflict for the upcoming shift at Mumbai East Hub.,Driver flagged a scheduling conflict for the upcoming shift at Mumbai East Hub.,Driver,High
1691,Issue: EV-118 battery temperature is unusually high during operation.,EV-118 battery temperature is unusually high during operation.,Battery,Medium
1692,Alert: Vehicle count mismatch found during the shift-change audit at Bangalore South Hub.,Vehicle count mismatch found during the shift-change audit at Bangalore South Hub.,Hub Operations,High
1693,Issue: Driver was unreachable during the scheduled pickup window.,Driver was unreachable during the scheduled pickup window.,Driver,Medium
1694,Issue: Driver flagged a scheduling conflict for the upcoming shift at Bangalore South Hub.,Driver flagged a scheduling conflict for the upcoming shift at Bangalore South Hub.,Driver,Critical
1695,Report: Customer reported the vehicle was not clean on pickup.,Customer reported the vehicle was not clean on pickup.,Customer,Medium
1696,Report: Security gate at Delhi North Hub is malfunctioning.,Security gate at Delhi North Hub is malfunctioning.,Hub Operations,Medium
1697,Issue: Bangalore South Hub reported a power outage affecting charging operations.,Bangalore South Hub reported a power outage affecting charging operations.,Hub Operations,High
1698,Report: Routine inspection revealed a coolant leak in EV-116.,Routine inspection revealed a coolant leak in EV-116.,Maintenance,Medium
1699,EV-100 brakes feel soft and need inspection.,EV-100 brakes feel soft and need inspection.,Vehicle,High
1700,Report: EV-127 battery temperature is unusually high during operation.,EV-127 battery temperature is unusually high during operation.,Battery,Critical
1701,EV-116 battery temperature is unusually high during operation.,EV-116 battery temperature is unusually high during operation.,Battery,High
1702,Alert: Duplicate payment charged for a single ride.,Duplicate payment charged for a single ride.,Payment,High
1703,Alert: Pune Central Hub requires additional staff during the evening peak hours.,Pune Central Hub requires additional staff during the evening peak hours.,Hub Operations,Critical
1704,Backend sync issue causing duplicate ride records at Delhi North Hub.,Backend sync issue causing duplicate ride records at Delhi North Hub.,Technical,High
1705,Alert: EV-105 dashboard display is flickering intermittently.,EV-105 dashboard display is flickering intermittently.,Vehicle,Medium
1706,Alert: Miscellaneous request that does not fit an existing category.,Miscellaneous request that does not fit an existing category.,Other,High
1707,EV-109 battery temperature is unusually high during operation.,EV-109 battery temperature is unusually high during operation.,Battery,Critical
1708,Issue: Ride pickup location did not match the app location.,Ride pickup location did not match the app location.,Ride,Low
1709,Alert: Driver flagged a scheduling conflict for the upcoming shift at Bangalore South Hub.,Driver flagged a scheduling conflict for the upcoming shift at Bangalore South Hub.,Driver,Critical
1710,Report: EV-109 broke down during operation near Delhi North Hub.,EV-109 broke down during operation near Delhi North Hub.,Vehicle,High
1711,Report: Ride pickup location did not match the app location.,Ride pickup location did not match the app location.,Ride,Medium
1712,Issue: EV-117 battery temperature is unusually high during operation.,EV-117 battery temperature is unusually high during operation.,Battery,Medium
1713,Issue: Driver payout for last week's shifts is showing as pending.,Driver payout for last week's shifts is showing as pending.,Payment,Medium
1714,Customer complained about driver behavior during the ride.,Customer complained about driver behavior during the ride.,Customer,Medium
1715,Ride was cancelled midway without explanation for EV-122.,Ride was cancelled midway without explanation for EV-122.,Ride,Low
1716,Issue: Ride was cancelled midway without explanation for EV-127.,Ride was cancelled midway without explanation for EV-127.,Ride,Medium
1717,Alert: Customer was charged but booking was not confirmed.,Customer was charged but booking was not confirmed.,Customer,High
1718,Issue: Ride fare shown at the end did not match the estimate.,Ride fare shown at the end did not match the estimate.,Ride,Low
1719,Issue: EV-129 is due for scheduled maintenance and has not been serviced.,EV-129 is due for scheduled maintenance and has not been serviced.,Maintenance,Medium
1720,Report: General feedback submitted about the overall service experience.,General feedback submitted about the overall service experience.,Other,Low
1721,Report: Suggestion received to add more charging stations near Mumbai East Hub.,Suggestion received to add more charging stations near Mumbai East Hub.,Other,Medium
1722,Report: Telematics unit on EV-104 stopped sending data.,Telematics unit on EV-104 stopped sending data.,Technical,Low
1723,Issue: Charging cable at station 8 appears damaged and vehicle is not accepting charge.,Charging cable at station 8 appears damaged and vehicle is not accepting charge.,Charging,Medium
1724,EV-119 requires software update for the onboard diagnostics system.,EV-119 requires software update for the onboard diagnostics system.,Maintenance,Medium
1725,Duplicate payment charged for a single ride.,Duplicate payment charged for a single ride.,Payment,Low
1726,Report: Backend sync issue causing duplicate ride records at Delhi North Hub.,Backend sync issue causing duplicate ride records at Delhi North Hub.,Technical,High
1727,EV-113 shows sudden battery drain even when parked.,EV-113 shows sudden battery drain even when parked.,Battery,High
1728,EV-114 battery temperature is unusually high during operation.,EV-114 battery temperature is unusually high during operation.,Battery,High
1729,Issue: EV-126 brakes feel soft and need inspection.,EV-126 brakes feel soft and need inspection.,Vehicle,Medium
1730,Alert: Ride pickup location did not match the app location.,Ride pickup location did not match the app location.,Ride,High
1731,Alert: Ride pickup location did not match the app location.,Ride pickup location did not match the app location.,Ride,Medium
1732,Issue: EV-115 shows charging error code and will not start charging.,EV-115 shows charging error code and will not start charging.,Charging,Medium
1733,Issue: Ride fare shown at the end did not match the estimate.,Ride fare shown at the end did not match the estimate.,Ride,Medium
1734,Issue: Pune Central Hub requires additional staff during the evening peak hours.,Pune Central Hub requires additional staff during the evening peak hours.,Hub Operations,Low
1735,Issue: EV-124 is due for scheduled maintenance and has not been serviced.,EV-124 is due for scheduled maintenance and has not been serviced.,Maintenance,Medium
1736,Report: General feedback submitted about the overall service experience.,General feedback submitted about the overall service experience.,Other,Medium
1737,Alert: Payment gateway timeout occurred during checkout.,Payment gateway timeout occurred during checkout.,Payment,Low
1738,Issue: Customer reported the vehicle was not clean on pickup.,Customer reported the vehicle was not clean on pickup.,Customer,Critical
1739,Alert: Customer payment was successful but booking was not confirmed.,Customer payment was successful but booking was not confirmed.,Payment,Critical
1740,Issue: Ride was cancelled midway without explanation for EV-107.,Ride was cancelled midway without explanation for EV-107.,Ride,High
1741,Routine inspection revealed a coolant leak in EV-104.,Routine inspection revealed a coolant leak in EV-104.,Maintenance,Critical
1742,EV-123 is not charging at station 3.,EV-123 is not charging at station 3.,Charging,Medium
1743,Issue: Driver requested additional training on the new vehicle model.,Driver requested additional training on the new vehicle model.,Driver,Medium
1744,Ride pickup location did not match the app location.,Ride pickup location did not match the app location.,Ride,High
1745,Alert: EV-113 requires software update for the onboard diagnostics system.,EV-113 requires software update for the onboard diagnostics system.,Maintenance,Low
1746,Telematics unit on EV-129 stopped sending data.,Telematics unit on EV-129 stopped sending data.,Technical,Critical
1747,Issue: EV-124 requires software update for the onboard diagnostics system.,EV-124 requires software update for the onboard diagnostics system.,Maintenance,High
1748,Alert: Maintenance team flagged worn brake pads on EV-114.,Maintenance team flagged worn brake pads on EV-114.,Maintenance,Medium
1749,Report: Customer complained about driver behavior during the ride.,Customer complained about driver behavior during the ride.,Customer,Medium
1750,Push notifications for ride status are not being delivered.,Push notifications for ride status are not being delivered.,Technical,High
1751,Alert: Driver payout for last week's shifts is showing as pending.,Driver payout for last week's shifts is showing as pending.,Payment,Medium
1752,EV-123 requires software update for the onboard diagnostics system.,EV-123 requires software update for the onboard diagnostics system.,Maintenance,Critical
1753,Alert: EV-122 shows charging error code and will not start charging.,EV-122 shows charging error code and will not start charging.,Charging,High
1754,Issue: Suggestion received to add more charging stations near Delhi North Hub.,Suggestion received to add more charging stations near Delhi North Hub.,Other,Medium
1755,Issue: Battery health indicator for EV-122 has degraded significantly this month.,Battery health indicator for EV-122 has degraded significantly this month.,Battery,Critical
1756,Issue: EV-123 tyre pressure warning light is on.,EV-123 tyre pressure warning light is on.,Vehicle,Critical
1757,Charging cable at station 3 appears damaged and vehicle is not accepting charge.,Charging cable at station 3 appears damaged and vehicle is not accepting charge.,Charging,Critical
1758,Alert: EV-109 is due for scheduled maintenance and has not been serviced.,EV-109 is due for scheduled maintenance and has not been serviced.,Maintenance,Low
1759,Report: Refund for a cancelled ride has not been processed.,Refund for a cancelled ride has not been processed.,Payment,High
1760,Alert: Delhi North Hub reported a power outage affecting charging operations.,Delhi North Hub reported a power outage affecting charging operations.,Hub Operations,Medium
1761,Report: EV-116 AC is not working properly.,EV-116 AC is not working properly.,Vehicle,High
1762,Report: EV-102 brakes feel soft and need inspection.,EV-102 brakes feel soft and need inspection.,Vehicle,Medium
1763,"EV-114 shuts down unexpectedly, suspected battery fault.","EV-114 shuts down unexpectedly, suspected battery fault.",Battery,Critical
1764,Issue: Security gate at Mumbai East Hub is malfunctioning.,Security gate at Mumbai East Hub is malfunctioning.,Hub Operations,High
1765,Driver was unreachable during the scheduled pickup window.,Driver was unreachable during the scheduled pickup window.,Driver,High
1766,Issue: Customer waited significantly longer than the estimated arrival time.,Customer waited significantly longer than the estimated arrival time.,Ride,Medium
1767,Driver was unreachable during the scheduled pickup window.,Driver was unreachable during the scheduled pickup window.,Driver,High
1768,Issue: Customer support ticket unresolved for more than 3 days.,Customer support ticket unresolved for more than 3 days.,Customer,High
1769,Issue: Driver reported feeling unwell and requested a shift change.,Driver reported feeling unwell and requested a shift change.,Driver,High
1770,Customer was charged but booking was not confirmed.,Customer was charged but booking was not confirmed.,Customer,Medium
1771,Routine inspection revealed a coolant leak in EV-110.,Routine inspection revealed a coolant leak in EV-110.,Maintenance,High
1772,Alert: Routine inspection revealed a coolant leak in EV-122.,Routine inspection revealed a coolant leak in EV-122.,Maintenance,High
1773,Alert: Customer payment was successful but booking was not confirmed.,Customer payment was successful but booking was not confirmed.,Payment,Low
1774,Alert: EV-117 brakes feel soft and need inspection.,EV-117 brakes feel soft and need inspection.,Vehicle,Medium
1775,Alert: General feedback submitted about the overall service experience.,General feedback submitted about the overall service experience.,Other,High
1776,Report: Telematics unit on EV-123 stopped sending data.,Telematics unit on EV-123 stopped sending data.,Technical,Medium
1777,Report: EV-105 requires software update for the onboard diagnostics system.,EV-105 requires software update for the onboard diagnostics system.,Maintenance,High
1778,Alert: EV-109 battery percentage is not increasing despite being connected at station 6.,EV-109 battery percentage is not increasing despite being connected at station 6.,Charging,Low
1779,Customer payment was successful but booking was not confirmed.,Customer payment was successful but booking was not confirmed.,Payment,Medium
1780,Issue: EV-122 is due for scheduled maintenance and has not been serviced.,EV-122 is due for scheduled maintenance and has not been serviced.,Maintenance,Medium
1781,Issue: Push notifications for ride status are not being delivered.,Push notifications for ride status are not being delivered.,Technical,High
1782,Report: EV-100 shows charging error code and will not start charging.,EV-100 shows charging error code and will not start charging.,Charging,Medium
1783,Issue: Battery health indicator for EV-126 has degraded significantly this month.,Battery health indicator for EV-126 has degraded significantly this month.,Battery,High
1784,Issue: Customer was charged but booking was not confirmed.,Customer was charged but booking was not confirmed.,Customer,Medium
1785,Customer requested a refund for a cancelled ride.,Customer requested a refund for a cancelled ride.,Customer,Medium
1786,Issue: EV-102 is due for scheduled maintenance and has not been serviced.,EV-102 is due for scheduled maintenance and has not been serviced.,Maintenance,Medium
1787,EV-101 brakes feel soft and need inspection.,EV-101 brakes feel soft and need inspection.,Vehicle,Medium
1788,Alert: EV-123 dashboard display is flickering intermittently.,EV-123 dashboard display is flickering intermittently.,Vehicle,High
1789,Issue: EV-114 shows sudden battery drain even when parked.,EV-114 shows sudden battery drain even when parked.,Battery,Critical
1790,Issue: EV-102 dashboard display is flickering intermittently.,EV-102 dashboard display is flickering intermittently.,Vehicle,High
1791,Report: EV-106 broke down during operation near Delhi North Hub.,EV-106 broke down during operation near Delhi North Hub.,Vehicle,Critical
1792,Alert: Customer reported a long detour during the ride.,Customer reported a long detour during the ride.,Ride,High
1793,Report: EV-104 is making unusual noise from the motor.,EV-104 is making unusual noise from the motor.,Vehicle,Critical
1794,Alert: Customer reported a long detour during the ride.,Customer reported a long detour during the ride.,Ride,Medium
1795,Battery health indicator for EV-111 has degraded significantly this month.,Battery health indicator for EV-111 has degraded significantly this month.,Battery,Medium
1796,Report: Suggestion received to add more charging stations near Mumbai East Hub.,Suggestion received to add more charging stations near Mumbai East Hub.,Other,Medium
1797,Alert: EV-120 requires software update for the onboard diagnostics system.,EV-120 requires software update for the onboard diagnostics system.,Maintenance,High
1798,"Alert: EV-124 shuts down unexpectedly, suspected battery fault.","EV-124 shuts down unexpectedly, suspected battery fault.",Battery,High
1799,Alert: EV-116 is not charging at station 3.,EV-116 is not charging at station 3.,Charging,Critical
1800,Alert: Customer support ticket unresolved for more than 3 days.,Customer support ticket unresolved for more than 3 days.,Customer,Medium
1801,Issue: Charging stops after a few minutes for EV-113 at station 8.,Charging stops after a few minutes for EV-113 at station 8.,Charging,High
1802,Issue: EV-109 is making unusual noise from the motor.,EV-109 is making unusual noise from the motor.,Vehicle,High
1803,Report: Push notifications for ride status are not being delivered.,Push notifications for ride status are not being delivered.,Technical,Medium
1804,Alert: Ride pickup location did not match the app location.,Ride pickup location did not match the app location.,Ride,Medium
1805,Alert: Charging stops after a few minutes for EV-124 at station 2.,Charging stops after a few minutes for EV-124 at station 2.,Charging,High
1806,Alert: Vehicle count mismatch found during the shift-change audit at Mumbai East Hub.,Vehicle count mismatch found during the shift-change audit at Mumbai East Hub.,Hub Operations,Medium
1807,Issue: Mumbai East Hub requires additional staff during the evening peak hours.,Mumbai East Hub requires additional staff during the evening peak hours.,Hub Operations,Medium
1808,Report: EV-125 shows sudden battery drain even when parked.,EV-125 shows sudden battery drain even when parked.,Battery,High
1809,Alert: Mobile app crashes when trying to book a ride from Mumbai East Hub.,Mobile app crashes when trying to book a ride from Mumbai East Hub.,Technical,Low
1810,Report: Ride was cancelled midway without explanation for EV-105.,Ride was cancelled midway without explanation for EV-105.,Ride,Medium
1811,Alert: EV-117 dashboard display is flickering intermittently.,EV-117 dashboard display is flickering intermittently.,Vehicle,High
1812,Battery health indicator for EV-117 has degraded significantly this month.,Battery health indicator for EV-117 has degraded significantly this month.,Battery,Low
1813,Report: GPS tracking for EV-124 is showing an incorrect location.,GPS tracking for EV-124 is showing an incorrect location.,Technical,Critical
1814,Issue: EV-128 requires software update for the onboard diagnostics system.,EV-128 requires software update for the onboard diagnostics system.,Maintenance,Medium
1815,Report: Customer reported the vehicle was not clean on pickup.,Customer reported the vehicle was not clean on pickup.,Customer,Low
1816,Driver was unreachable during the scheduled pickup window.,Driver was unreachable during the scheduled pickup window.,Driver,Medium
1817,Alert: EV-104 battery temperature is unusually high during operation.,EV-104 battery temperature is unusually high during operation.,Battery,Critical
1818,Alert: EV-110 is due for scheduled maintenance and has not been serviced.,EV-110 is due for scheduled maintenance and has not been serviced.,Maintenance,High
1819,Ride fare shown at the end did not match the estimate.,Ride fare shown at the end did not match the estimate.,Ride,High
1820,Alert: EV-112 AC is not working properly.,EV-112 AC is not working properly.,Vehicle,Medium
1821,Report: General feedback submitted about the overall service experience.,General feedback submitted about the overall service experience.,Other,High
1822,Pune Central Hub requires additional staff during the evening peak hours.,Pune Central Hub requires additional staff during the evening peak hours.,Hub Operations,Medium
1823,Issue: EV-109 is due for scheduled maintenance and has not been serviced.,EV-109 is due for scheduled maintenance and has not been serviced.,Maintenance,Medium
1824,Alert: Vehicle count mismatch found during the shift-change audit at Delhi North Hub.,Vehicle count mismatch found during the shift-change audit at Delhi North Hub.,Hub Operations,Medium
1825,Alert: EV-113 battery temperature is unusually high during operation.,EV-113 battery temperature is unusually high during operation.,Battery,Critical
1826,Alert: Delhi North Hub reported a power outage affecting charging operations.,Delhi North Hub reported a power outage affecting charging operations.,Hub Operations,Critical
1827,Alert: EV-127 is not charging at station 8.,EV-127 is not charging at station 8.,Charging,High
1828,Report: Ride fare shown at the end did not match the estimate.,Ride fare shown at the end did not match the estimate.,Ride,Medium
1829,Issue: Ride pickup location did not match the app location.,Ride pickup location did not match the app location.,Ride,Medium
1830,Issue: Delhi North Hub is operating near full capacity with no available parking.,Delhi North Hub is operating near full capacity with no available parking.,Hub Operations,High
1831,Alert: Customer payment was successful but booking was not confirmed.,Customer payment was successful but booking was not confirmed.,Payment,Medium
1832,Alert: Customer reported the vehicle was not clean on pickup.,Customer reported the vehicle was not clean on pickup.,Customer,Critical
1833,Issue: Customer was charged but booking was not confirmed.,Customer was charged but booking was not confirmed.,Customer,Medium
1834,Alert: Customer requested a refund for a cancelled ride.,Customer requested a refund for a cancelled ride.,Customer,High
1835,Alert: General feedback submitted about the overall service experience.,General feedback submitted about the overall service experience.,Other,Low
1836,Customer waited significantly longer than the estimated arrival time.,Customer waited significantly longer than the estimated arrival time.,Ride,Medium
1837,Issue: Driver flagged a scheduling conflict for the upcoming shift at Bangalore South Hub.,Driver flagged a scheduling conflict for the upcoming shift at Bangalore South Hub.,Driver,Medium
1838,Vehicle count mismatch found during the shift-change audit at Bangalore South Hub.,Vehicle count mismatch found during the shift-change audit at Bangalore South Hub.,Hub Operations,High
1839,Driver has not arrived for the assigned shift at Mumbai East Hub.,Driver has not arrived for the assigned shift at Mumbai East Hub.,Driver,High
1840,Alert: Mumbai East Hub reported a power outage affecting charging operations.,Mumbai East Hub reported a power outage affecting charging operations.,Hub Operations,Critical
1841,Alert: Driver has not arrived for the assigned shift at Delhi North Hub.,Driver has not arrived for the assigned shift at Delhi North Hub.,Driver,Medium
1842,Alert: Payment gateway timeout occurred during checkout.,Payment gateway timeout occurred during checkout.,Payment,High
1843,Report: GPS tracking for EV-114 is showing an incorrect location.,GPS tracking for EV-114 is showing an incorrect location.,Technical,Medium
1844,Issue: Miscellaneous request that does not fit an existing category.,Miscellaneous request that does not fit an existing category.,Other,Low
1845,Alert: Miscellaneous request that does not fit an existing category.,Miscellaneous request that does not fit an existing category.,Other,Medium
1846,Issue: Ride pickup location did not match the app location.,Ride pickup location did not match the app location.,Ride,Medium
1847,EV-118 tyre pressure warning light is on.,EV-118 tyre pressure warning light is on.,Vehicle,High
1848,Report: EV-117 shows charging error code and will not start charging.,EV-117 shows charging error code and will not start charging.,Charging,High
1849,Report: EV-127 maintenance was delayed due to parts unavailability.,EV-127 maintenance was delayed due to parts unavailability.,Maintenance,High
1850,"EV-109 shuts down unexpectedly, suspected battery fault.","EV-109 shuts down unexpectedly, suspected battery fault.",Battery,Medium
1851,Alert: Payment gateway timeout occurred during checkout.,Payment gateway timeout occurred during checkout.,Payment,Low
1852,Customer requested a refund for a cancelled ride.,Customer requested a refund for a cancelled ride.,Customer,Medium
1853,Driver flagged a scheduling conflict for the upcoming shift at Bangalore South Hub.,Driver flagged a scheduling conflict for the upcoming shift at Bangalore South Hub.,Driver,Low
1854,Alert: EV-112 AC is not working properly.,EV-112 AC is not working properly.,Vehicle,High
1855,GPS tracking for EV-121 is showing an incorrect location.,GPS tracking for EV-121 is showing an incorrect location.,Technical,Medium
1856,Issue: Routine inspection revealed a coolant leak in EV-106.,Routine inspection revealed a coolant leak in EV-106.,Maintenance,Critical
1857,Report: Pune Central Hub requires additional staff during the evening peak hours.,Pune Central Hub requires additional staff during the evening peak hours.,Hub Operations,High
1858,Issue: EV-120 tyre pressure warning light is on.,EV-120 tyre pressure warning light is on.,Vehicle,Low
1859,Report: Vehicle count mismatch found during the shift-change audit at Mumbai East Hub.,Vehicle count mismatch found during the shift-change audit at Mumbai East Hub.,Hub Operations,Medium
1860,Issue: EV-129 brakes feel soft and need inspection.,EV-129 brakes feel soft and need inspection.,Vehicle,Critical
1861,Charging stops after a few minutes for EV-118 at station 8.,Charging stops after a few minutes for EV-118 at station 8.,Charging,High
1862,Report: Driver reported feeling unwell and requested a shift change.,Driver reported feeling unwell and requested a shift change.,Driver,Low
1863,Driver flagged a scheduling conflict for the upcoming shift at Pune Central Hub.,Driver flagged a scheduling conflict for the upcoming shift at Pune Central Hub.,Driver,Medium
1864,Alert: Payment gateway timeout occurred during checkout.,Payment gateway timeout occurred during checkout.,Payment,Medium
1865,Issue: Customer payment was successful but booking was not confirmed.,Customer payment was successful but booking was not confirmed.,Payment,Medium
1866,Ride fare shown at the end did not match the estimate.,Ride fare shown at the end did not match the estimate.,Ride,Medium
1867,Issue: EV-103 is due for scheduled maintenance and has not been serviced.,EV-103 is due for scheduled maintenance and has not been serviced.,Maintenance,Medium
1868,EV-113 is making unusual noise from the motor.,EV-113 is making unusual noise from the motor.,Vehicle,Low
1869,Driver was unreachable during the scheduled pickup window.,Driver was unreachable during the scheduled pickup window.,Driver,Medium
1870,Driver was unreachable during the scheduled pickup window.,Driver was unreachable during the scheduled pickup window.,Driver,High
1871,Alert: Customer waited significantly longer than the estimated arrival time.,Customer waited significantly longer than the estimated arrival time.,Ride,High
1872,Alert: Charging stops after a few minutes for EV-128 at station 6.,Charging stops after a few minutes for EV-128 at station 6.,Charging,Medium
1873,Alert: EV-120 tyre pressure warning light is on.,EV-120 tyre pressure warning light is on.,Vehicle,Medium
1874,EV-125 dashboard display is flickering intermittently.,EV-125 dashboard display is flickering intermittently.,Vehicle,Medium
1875,Issue: Customer reported a long detour during the ride.,Customer reported a long detour during the ride.,Ride,High
1876,Report: Ride pickup location did not match the app location.,Ride pickup location did not match the app location.,Ride,Medium
1877,Customer complained about driver behavior during the ride.,Customer complained about driver behavior during the ride.,Customer,High
1878,Suggestion received to add more charging stations near Mumbai East Hub.,Suggestion received to add more charging stations near Mumbai East Hub.,Other,Medium
1879,Report: Charging session for EV-102 keeps disconnecting randomly.,Charging session for EV-102 keeps disconnecting randomly.,Charging,High
1880,EV-119 is making unusual noise from the motor.,EV-119 is making unusual noise from the motor.,Vehicle,High
1881,Issue: Mumbai East Hub is operating near full capacity with no available parking.,Mumbai East Hub is operating near full capacity with no available parking.,Hub Operations,High
1882,Issue: EV-110 is due for scheduled maintenance and has not been serviced.,EV-110 is due for scheduled maintenance and has not been serviced.,Maintenance,Medium
1883,Report: Charging cable at station 4 appears damaged and vehicle is not accepting charge.,Charging cable at station 4 appears damaged and vehicle is not accepting charge.,Charging,High
1884,Alert: Suggestion received to add more charging stations near Mumbai East Hub.,Suggestion received to add more charging stations near Mumbai East Hub.,Other,Critical
1885,Report: Refund for a cancelled ride has not been processed.,Refund for a cancelled ride has not been processed.,Payment,Low
1886,Refund for a cancelled ride has not been processed.,Refund for a cancelled ride has not been processed.,Payment,High
1887,Issue: Mobile app crashes when trying to book a ride from Bangalore South Hub.,Mobile app crashes when trying to book a ride from Bangalore South Hub.,Technical,Medium
1888,Issue: Driver flagged a scheduling conflict for the upcoming shift at Pune Central Hub.,Driver flagged a scheduling conflict for the upcoming shift at Pune Central Hub.,Driver,Medium
1889,Driver payout for last week's shifts is showing as pending.,Driver payout for last week's shifts is showing as pending.,Payment,Medium
1890,Alert: Battery health indicator for EV-124 has degraded significantly this month.,Battery health indicator for EV-124 has degraded significantly this month.,Battery,Low
1891,EV-108 maintenance was delayed due to parts unavailability.,EV-108 maintenance was delayed due to parts unavailability.,Maintenance,High
1892,Report: Refund for a cancelled ride has not been processed.,Refund for a cancelled ride has not been processed.,Payment,Low
1893,Report: Customer requested a refund for a cancelled ride.,Customer requested a refund for a cancelled ride.,Customer,High
1894,Issue: Mobile app crashes when trying to book a ride from Delhi North Hub.,Mobile app crashes when trying to book a ride from Delhi North Hub.,Technical,High
1895,Report: EV-103 requires software update for the onboard diagnostics system.,EV-103 requires software update for the onboard diagnostics system.,Maintenance,Medium
1896,Alert: Driver has not arrived for the assigned shift at Mumbai East Hub.,Driver has not arrived for the assigned shift at Mumbai East Hub.,Driver,High
1897,Report: Customer support ticket unresolved for more than 3 days.,Customer support ticket unresolved for more than 3 days.,Customer,Low
1898,Report: Security gate at Mumbai East Hub is malfunctioning.,Security gate at Mumbai East Hub is malfunctioning.,Hub Operations,Medium
1899,EV-121 tyre pressure warning light is on.,EV-121 tyre pressure warning light is on.,Vehicle,Low
1900,Miscellaneous request that does not fit an existing category.,Miscellaneous request that does not fit an existing category.,Other,Low
1901,Alert: Ride pickup location did not match the app location.,Ride pickup location did not match the app location.,Ride,Medium
1902,Telematics unit on EV-113 stopped sending data.,Telematics unit on EV-113 stopped sending data.,Technical,Critical
1903,Issue: Charging cable at station 3 appears damaged and vehicle is not accepting charge.,Charging cable at station 3 appears damaged and vehicle is not accepting charge.,Charging,Medium
1904,Issue: Driver reported feeling unwell and requested a shift change.,Driver reported feeling unwell and requested a shift change.,Driver,Low
1905,Report: Customer reported the vehicle was not clean on pickup.,Customer reported the vehicle was not clean on pickup.,Customer,Medium
1906,Report: Driver requested additional training on the new vehicle model.,Driver requested additional training on the new vehicle model.,Driver,High
1907,Issue: EV-123 is making unusual noise from the motor.,EV-123 is making unusual noise from the motor.,Vehicle,Low
1908,Miscellaneous request that does not fit an existing category.,Miscellaneous request that does not fit an existing category.,Other,Medium
1909,EV-101 is not charging at station 6.,EV-101 is not charging at station 6.,Charging,High
1910,Ride was cancelled midway without explanation for EV-115.,Ride was cancelled midway without explanation for EV-115.,Ride,Medium
1911,EV-118 AC is not working properly.,EV-118 AC is not working properly.,Vehicle,High
1912,Report: Driver was unreachable during the scheduled pickup window.,Driver was unreachable during the scheduled pickup window.,Driver,Medium
1913,Report: EV-127 shows sudden battery drain even when parked.,EV-127 shows sudden battery drain even when parked.,Battery,Medium
1914,Report: EV-114 is making unusual noise from the motor.,EV-114 is making unusual noise from the motor.,Vehicle,High
1915,Query raised about the loyalty rewards program.,Query raised about the loyalty rewards program.,Other,High
1916,Issue: Routine inspection revealed a coolant leak in EV-125.,Routine inspection revealed a coolant leak in EV-125.,Maintenance,Medium
1917,Alert: Refund for a cancelled ride has not been processed.,Refund for a cancelled ride has not been processed.,Payment,Low
1918,Issue: Payment gateway timeout occurred during checkout.,Payment gateway timeout occurred during checkout.,Payment,Medium
1919,Customer payment was successful but booking was not confirmed.,Customer payment was successful but booking was not confirmed.,Payment,Medium
1920,Security gate at Delhi North Hub is malfunctioning.,Security gate at Delhi North Hub is malfunctioning.,Hub Operations,Low
1921,Alert: GPS tracking for EV-120 is showing an incorrect location.,GPS tracking for EV-120 is showing an incorrect location.,Technical,High
1922,Alert: Push notifications for ride status are not being delivered.,Push notifications for ride status are not being delivered.,Technical,High
1923,Alert: EV-126 battery percentage is not increasing despite being connected at station 7.,EV-126 battery percentage is not increasing despite being connected at station 7.,Charging,Critical
1924,Report: Maintenance team flagged worn brake pads on EV-108.,Maintenance team flagged worn brake pads on EV-108.,Maintenance,Medium
1925,Report: Mumbai East Hub reported a power outage affecting charging operations.,Mumbai East Hub reported a power outage affecting charging operations.,Hub Operations,Medium
1926,Alert: Customer reported a long detour during the ride.,Customer reported a long detour during the ride.,Ride,Low
1927,Report: EV-127 shows sudden battery drain even when parked.,EV-127 shows sudden battery drain even when parked.,Battery,Medium
1928,Report: Customer reported a long detour during the ride.,Customer reported a long detour during the ride.,Ride,Low
1929,Customer was charged but booking was not confirmed.,Customer was charged but booking was not confirmed.,Customer,Low
1930,Charging cable at station 4 appears damaged and vehicle is not accepting charge.,Charging cable at station 4 appears damaged and vehicle is not accepting charge.,Charging,Critical
1931,Report: Maintenance team flagged worn brake pads on EV-106.,Maintenance team flagged worn brake pads on EV-106.,Maintenance,Critical
1932,Issue: Driver payout for last week's shifts is showing as pending.,Driver payout for last week's shifts is showing as pending.,Payment,Medium
1933,Issue: Push notifications for ride status are not being delivered.,Push notifications for ride status are not being delivered.,Technical,High
1934,Issue: Refund for a cancelled ride has not been processed.,Refund for a cancelled ride has not been processed.,Payment,Low
1935,Issue: Charging cable at station 7 appears damaged and vehicle is not accepting charge.,Charging cable at station 7 appears damaged and vehicle is not accepting charge.,Charging,Low
1936,Alert: Customer requested a refund for a cancelled ride.,Customer requested a refund for a cancelled ride.,Customer,Low
1937,Alert: Driver has not arrived for the assigned shift at Delhi North Hub.,Driver has not arrived for the assigned shift at Delhi North Hub.,Driver,Critical
1938,Issue: Query raised about the loyalty rewards program.,Query raised about the loyalty rewards program.,Other,High
1939,Issue: EV-104 tyre pressure warning light is on.,EV-104 tyre pressure warning light is on.,Vehicle,Medium
1940,Report: Security gate at Bangalore South Hub is malfunctioning.,Security gate at Bangalore South Hub is malfunctioning.,Hub Operations,Medium
1941,Issue: Maintenance team flagged worn brake pads on EV-105.,Maintenance team flagged worn brake pads on EV-105.,Maintenance,High
1942,Alert: EV-115 broke down during operation near Bangalore South Hub.,EV-115 broke down during operation near Bangalore South Hub.,Vehicle,High
1943,Customer waited significantly longer than the estimated arrival time.,Customer waited significantly longer than the estimated arrival time.,Ride,Medium
1944,Charging session for EV-127 keeps disconnecting randomly.,Charging session for EV-127 keeps disconnecting randomly.,Charging,Critical
1945,Report: Pune Central Hub requires additional staff during the evening peak hours.,Pune Central Hub requires additional staff during the evening peak hours.,Hub Operations,Critical
1946,Battery health indicator for EV-102 has degraded significantly this month.,Battery health indicator for EV-102 has degraded significantly this month.,Battery,High
1947,Alert: Payment gateway timeout occurred during checkout.,Payment gateway timeout occurred during checkout.,Payment,Medium
1948,Report: EV-121 is making unusual noise from the motor.,EV-121 is making unusual noise from the motor.,Vehicle,High
1949,Issue: EV-116 AC is not working properly.,EV-116 AC is not working properly.,Vehicle,Critical
1950,Report: Battery health indicator for EV-109 has degraded significantly this month.,Battery health indicator for EV-109 has degraded significantly this month.,Battery,High
1951,Report: Query raised about the loyalty rewards program.,Query raised about the loyalty rewards program.,Other,Low
1952,Customer reported the vehicle was not clean on pickup.,Customer reported the vehicle was not clean on pickup.,Customer,Medium
1953,Issue: General feedback submitted about the overall service experience.,General feedback submitted about the overall service experience.,Other,Critical
1954,Driver reported feeling unwell and requested a shift change.,Driver reported feeling unwell and requested a shift change.,Driver,Medium
1955,Customer complained about driver behavior during the ride.,Customer complained about driver behavior during the ride.,Customer,Low
1956,Alert: Pune Central Hub reported a power outage affecting charging operations.,Pune Central Hub reported a power outage affecting charging operations.,Hub Operations,Medium
1957,Customer complained about driver behavior during the ride.,Customer complained about driver behavior during the ride.,Customer,Medium
1958,Alert: General feedback submitted about the overall service experience.,General feedback submitted about the overall service experience.,Other,High
1959,EV-117 is due for scheduled maintenance and has not been serviced.,EV-117 is due for scheduled maintenance and has not been serviced.,Maintenance,High
1960,Alert: Battery percentage dropped unusually fast during the last trip for EV-117.,Battery percentage dropped unusually fast during the last trip for EV-117.,Battery,Medium
1961,Report: Backend sync issue causing duplicate ride records at Mumbai East Hub.,Backend sync issue causing duplicate ride records at Mumbai East Hub.,Technical,High
1962,Alert: EV-107 dashboard display is flickering intermittently.,EV-107 dashboard display is flickering intermittently.,Vehicle,Medium
1963,Alert: Driver payout for last week's shifts is showing as pending.,Driver payout for last week's shifts is showing as pending.,Payment,Low
1964,Report: Duplicate payment charged for a single ride.,Duplicate payment charged for a single ride.,Payment,High
1965,Alert: Suggestion received to add more charging stations near Delhi North Hub.,Suggestion received to add more charging stations near Delhi North Hub.,Other,Low
1966,Charging cable at station 7 appears damaged and vehicle is not accepting charge.,Charging cable at station 7 appears damaged and vehicle is not accepting charge.,Charging,Medium
1967,Alert: Customer complained about driver behavior during the ride.,Customer complained about driver behavior during the ride.,Customer,Critical
1968,Report: Driver requested additional training on the new vehicle model.,Driver requested additional training on the new vehicle model.,Driver,Medium
1969,Report: EV-126 brakes feel soft and need inspection.,EV-126 brakes feel soft and need inspection.,Vehicle,High
1970,Issue: Miscellaneous request that does not fit an existing category.,Miscellaneous request that does not fit an existing category.,Other,Low
1971,Report: Driver was unreachable during the scheduled pickup window.,Driver was unreachable during the scheduled pickup window.,Driver,Medium
1972,Issue: Driver flagged a scheduling conflict for the upcoming shift at Bangalore South Hub.,Driver flagged a scheduling conflict for the upcoming shift at Bangalore South Hub.,Driver,Critical
1973,Refund for a cancelled ride has not been processed.,Refund for a cancelled ride has not been processed.,Payment,High
1974,Alert: Ride was cancelled midway without explanation for EV-117.,Ride was cancelled midway without explanation for EV-117.,Ride,High
1975,Ride was cancelled midway without explanation for EV-112.,Ride was cancelled midway without explanation for EV-112.,Ride,Medium
1976,Issue: Security gate at Bangalore South Hub is malfunctioning.,Security gate at Bangalore South Hub is malfunctioning.,Hub Operations,High
1977,"EV-119 shuts down unexpectedly, suspected battery fault.","EV-119 shuts down unexpectedly, suspected battery fault.",Battery,Medium
1978,Alert: Routine inspection revealed a coolant leak in EV-101.,Routine inspection revealed a coolant leak in EV-101.,Maintenance,Medium
1979,Issue: Customer waited significantly longer than the estimated arrival time.,Customer waited significantly longer than the estimated arrival time.,Ride,Low
1980,Report: EV-122 is not charging at station 8.,EV-122 is not charging at station 8.,Charging,Medium
1981,Vehicle count mismatch found during the shift-change audit at Pune Central Hub.,Vehicle count mismatch found during the shift-change audit at Pune Central Hub.,Hub Operations,Low
1982,Issue: Driver payout for last week's shifts is showing as pending.,Driver payout for last week's shifts is showing as pending.,Payment,Critical
1983,Report: Pune Central Hub is operating near full capacity with no available parking.,Pune Central Hub is operating near full capacity with no available parking.,Hub Operations,Low
1984,Issue: Customer support ticket unresolved for more than 3 days.,Customer support ticket unresolved for more than 3 days.,Customer,Medium
1985,Customer reported the vehicle was not clean on pickup.,Customer reported the vehicle was not clean on pickup.,Customer,Low
1986,Alert: General feedback submitted about the overall service experience.,General feedback submitted about the overall service experience.,Other,Low
1987,Alert: EV-129 shows sudden battery drain even when parked.,EV-129 shows sudden battery drain even when parked.,Battery,Medium
1988,Issue: Customer requested a refund for a cancelled ride.,Customer requested a refund for a cancelled ride.,Customer,Medium
1989,Alert: Customer reported the vehicle was not clean on pickup.,Customer reported the vehicle was not clean on pickup.,Customer,High
1990,Alert: EV-124 requires software update for the onboard diagnostics system.,EV-124 requires software update for the onboard diagnostics system.,Maintenance,Low
1991,Issue: Customer support ticket unresolved for more than 3 days.,Customer support ticket unresolved for more than 3 days.,Customer,Low
1992,Report: Battery health indicator for EV-110 has degraded significantly this month.,Battery health indicator for EV-110 has degraded significantly this month.,Battery,Medium
1993,Report: Ride fare shown at the end did not match the estimate.,Ride fare shown at the end did not match the estimate.,Ride,Low
1994,Alert: EV-100 is making unusual noise from the motor.,EV-100 is making unusual noise from the motor.,Vehicle,High
1995,Issue: Driver payout for last week's shifts is showing as pending.,Driver payout for last week's shifts is showing as pending.,Payment,High
1996,Alert: Vehicle count mismatch found during the shift-change audit at Mumbai East Hub.,Vehicle count mismatch found during the shift-change audit at Mumbai East Hub.,Hub Operations,Medium
1997,Alert: Maintenance team flagged worn brake pads on EV-129.,Maintenance team flagged worn brake pads on EV-129.,Maintenance,Medium
1998,Issue: Mumbai East Hub requires additional staff during the evening peak hours.,Mumbai East Hub requires additional staff during the evening peak hours.,Hub Operations,High
1999,Report: Driver requested additional training on the new vehicle model.,Driver requested additional training on the new vehicle model.,Driver,Medium
2000,Report: Driver reported feeling unwell and requested a shift change.,Driver reported feeling unwell and requested a shift change.,Driver,Critical
2001,Report: EV-115 battery percentage is not increasing despite being connected at station 8.,EV-115 battery percentage is not increasing despite being connected at station 8.,Charging,Medium
2002,Alert: Maintenance team flagged worn brake pads on EV-127.,Maintenance team flagged worn brake pads on EV-127.,Maintenance,Medium
2003,Alert: Ride fare shown at the end did not match the estimate.,Ride fare shown at the end did not match the estimate.,Ride,Medium
2004,EV-110 battery temperature is unusually high during operation.,EV-110 battery temperature is unusually high during operation.,Battery,Critical
2005,Report: Refund for a cancelled ride has not been processed.,Refund for a cancelled ride has not been processed.,Payment,Medium
2006,Telematics unit on EV-118 stopped sending data.,Telematics unit on EV-118 stopped sending data.,Technical,Medium
2007,Issue: Vehicle count mismatch found during the shift-change audit at Pune Central Hub.,Vehicle count mismatch found during the shift-change audit at Pune Central Hub.,Hub Operations,Medium
2008,Issue: Customer reported the vehicle was not clean on pickup.,Customer reported the vehicle was not clean on pickup.,Customer,Medium
2009,Report: Customer waited significantly longer than the estimated arrival time.,Customer waited significantly longer than the estimated arrival time.,Ride,Medium
2010,Alert: Maintenance team flagged worn brake pads on EV-121.,Maintenance team flagged worn brake pads on EV-121.,Maintenance,Medium
2011,Alert: Customer complained about driver behavior during the ride.,Customer complained about driver behavior during the ride.,Customer,Medium
2012,Issue: EV-101 battery percentage is not increasing despite being connected at station 6.,EV-101 battery percentage is not increasing despite being connected at station 6.,Charging,Medium
2013,Report: Mumbai East Hub is operating near full capacity with no available parking.,Mumbai East Hub is operating near full capacity with no available parking.,Hub Operations,Medium
2014,Security gate at Pune Central Hub is malfunctioning.,Security gate at Pune Central Hub is malfunctioning.,Hub Operations,Medium
2015,EV-102 shows sudden battery drain even when parked.,EV-102 shows sudden battery drain even when parked.,Battery,Medium
2016,Report: Routine inspection revealed a coolant leak in EV-122.,Routine inspection revealed a coolant leak in EV-122.,Maintenance,Medium
2017,EV-111 shows sudden battery drain even when parked.,EV-111 shows sudden battery drain even when parked.,Battery,Medium
2018,Issue: EV-108 battery temperature is unusually high during operation.,EV-108 battery temperature is unusually high during operation.,Battery,High
2019,Issue: Customer reported the vehicle was not clean on pickup.,Customer reported the vehicle was not clean on pickup.,Customer,Critical
2020,Issue: Customer payment was successful but booking was not confirmed.,Customer payment was successful but booking was not confirmed.,Payment,High
2021,Alert: EV-112 shows charging error code and will not start charging.,EV-112 shows charging error code and will not start charging.,Charging,Medium
2022,Alert: EV-106 battery temperature is unusually high during operation.,EV-106 battery temperature is unusually high during operation.,Battery,High
2023,Report: EV-119 battery temperature is unusually high during operation.,EV-119 battery temperature is unusually high during operation.,Battery,Medium
2024,Issue: Duplicate payment charged for a single ride.,Duplicate payment charged for a single ride.,Payment,Medium
2025,Report: Ride pickup location did not match the app location.,Ride pickup location did not match the app location.,Ride,Medium
2026,Battery health indicator for EV-106 has degraded significantly this month.,Battery health indicator for EV-106 has degraded significantly this month.,Battery,Low
2027,Report: Mobile app crashes when trying to book a ride from Bangalore South Hub.,Mobile app crashes when trying to book a ride from Bangalore South Hub.,Technical,High
2028,Driver flagged a scheduling conflict for the upcoming shift at Pune Central Hub.,Driver flagged a scheduling conflict for the upcoming shift at Pune Central Hub.,Driver,High
2029,General feedback submitted about the overall service experience.,General feedback submitted about the overall service experience.,Other,Low
2030,Report: Duplicate payment charged for a single ride.,Duplicate payment charged for a single ride.,Payment,Medium
2031,Issue: Ride fare shown at the end did not match the estimate.,Ride fare shown at the end did not match the estimate.,Ride,High
2032,Alert: Mobile app crashes when trying to book a ride from Delhi North Hub.,Mobile app crashes when trying to book a ride from Delhi North Hub.,Technical,High
2033,Alert: General feedback submitted about the overall service experience.,General feedback submitted about the overall service experience.,Other,Low
2034,Issue: Bangalore South Hub requires additional staff during the evening peak hours.,Bangalore South Hub requires additional staff during the evening peak hours.,Hub Operations,Medium
2035,Issue: EV-112 shows charging error code and will not start charging.,EV-112 shows charging error code and will not start charging.,Charging,Low
2036,Issue: Miscellaneous request that does not fit an existing category.,Miscellaneous request that does not fit an existing category.,Other,Low
2037,Issue: Driver has not arrived for the assigned shift at Mumbai East Hub.,Driver has not arrived for the assigned shift at Mumbai East Hub.,Driver,Medium
2038,Report: Driver flagged a scheduling conflict for the upcoming shift at Pune Central Hub.,Driver flagged a scheduling conflict for the upcoming shift at Pune Central Hub.,Driver,Low
2039,EV-100 shows sudden battery drain even when parked.,EV-100 shows sudden battery drain even when parked.,Battery,Low
2040,Report: Driver was unreachable during the scheduled pickup window.,Driver was unreachable during the scheduled pickup window.,Driver,High
2041,Alert: Bangalore South Hub reported a power outage affecting charging operations.,Bangalore South Hub reported a power outage affecting charging operations.,Hub Operations,High
2042,Report: EV-113 is due for scheduled maintenance and has not been serviced.,EV-113 is due for scheduled maintenance and has not been serviced.,Maintenance,High
2043,Telematics unit on EV-119 stopped sending data.,Telematics unit on EV-119 stopped sending data.,Technical,Critical
2044,Issue: EV-122 dashboard display is flickering intermittently.,EV-122 dashboard display is flickering intermittently.,Vehicle,Medium
2045,Alert: EV-102 brakes feel soft and need inspection.,EV-102 brakes feel soft and need inspection.,Vehicle,Critical
2046,Alert: Miscellaneous request that does not fit an existing category.,Miscellaneous request that does not fit an existing category.,Other,Low
2047,Battery percentage dropped unusually fast during the last trip for EV-112.,Battery percentage dropped unusually fast during the last trip for EV-112.,Battery,Medium
2048,Issue: Driver reported feeling unwell and requested a shift change.,Driver reported feeling unwell and requested a shift change.,Driver,Medium
2049,Issue: Driver has not arrived for the assigned shift at Mumbai East Hub.,Driver has not arrived for the assigned shift at Mumbai East Hub.,Driver,Critical
2050,Driver flagged a scheduling conflict for the upcoming shift at Delhi North Hub.,Driver flagged a scheduling conflict for the upcoming shift at Delhi North Hub.,Driver,Medium
2051,Issue: Mumbai East Hub is operating near full capacity with no available parking.,Mumbai East Hub is operating near full capacity with no available parking.,Hub Operations,Medium
2052,Alert: Bangalore South Hub is operating near full capacity with no available parking.,Bangalore South Hub is operating near full capacity with no available parking.,Hub Operations,Low
2053,Alert: GPS tracking for EV-128 is showing an incorrect location.,GPS tracking for EV-128 is showing an incorrect location.,Technical,High
2054,Customer payment was successful but booking was not confirmed.,Customer payment was successful but booking was not confirmed.,Payment,High
2055,Report: Charging cable at station 4 appears damaged and vehicle is not accepting charge.,Charging cable at station 4 appears damaged and vehicle is not accepting charge.,Charging,Medium
2056,Issue: Refund for a cancelled ride has not been processed.,Refund for a cancelled ride has not been processed.,Payment,Medium
2057,Issue: Security gate at Bangalore South Hub is malfunctioning.,Security gate at Bangalore South Hub is malfunctioning.,Hub Operations,Critical
2058,Suggestion received to add more charging stations near Pune Central Hub.,Suggestion received to add more charging stations near Pune Central Hub.,Other,Medium
2059,Issue: Pune Central Hub is operating near full capacity with no available parking.,Pune Central Hub is operating near full capacity with no available parking.,Hub Operations,Medium
2060,Charging session for EV-126 keeps disconnecting randomly.,Charging session for EV-126 keeps disconnecting randomly.,Charging,High
2061,GPS tracking for EV-121 is showing an incorrect location.,GPS tracking for EV-121 is showing an incorrect location.,Technical,High
2062,Report: GPS tracking for EV-114 is showing an incorrect location.,GPS tracking for EV-114 is showing an incorrect location.,Technical,Critical
2063,EV-128 requires software update for the onboard diagnostics system.,EV-128 requires software update for the onboard diagnostics system.,Maintenance,Medium
2064,Report: Customer reported a long detour during the ride.,Customer reported a long detour during the ride.,Ride,Medium
2065,Maintenance team flagged worn brake pads on EV-126.,Maintenance team flagged worn brake pads on EV-126.,Maintenance,Low
2066,Routine inspection revealed a coolant leak in EV-123.,Routine inspection revealed a coolant leak in EV-123.,Maintenance,Low
2067,Report: Customer requested a refund for a cancelled ride.,Customer requested a refund for a cancelled ride.,Customer,Medium
2068,Alert: Driver reported feeling unwell and requested a shift change.,Driver reported feeling unwell and requested a shift change.,Driver,Low
2069,Report: Push notifications for ride status are not being delivered.,Push notifications for ride status are not being delivered.,Technical,Medium
2070,Maintenance team flagged worn brake pads on EV-115.,Maintenance team flagged worn brake pads on EV-115.,Maintenance,High
2071,Charging stops after a few minutes for EV-106 at station 6.,Charging stops after a few minutes for EV-106 at station 6.,Charging,Medium
2072,Report: EV-100 brakes feel soft and need inspection.,EV-100 brakes feel soft and need inspection.,Vehicle,High
2073,Report: Customer waited significantly longer than the estimated arrival time.,Customer waited significantly longer than the estimated arrival time.,Ride,Medium
2074,Report: EV-110 brakes feel soft and need inspection.,EV-110 brakes feel soft and need inspection.,Vehicle,Medium
2075,Issue: Telematics unit on EV-119 stopped sending data.,Telematics unit on EV-119 stopped sending data.,Technical,Medium
2076,Alert: EV-129 is not charging at station 1.,EV-129 is not charging at station 1.,Charging,Medium
2077,Issue: Customer complained about driver behavior during the ride.,Customer complained about driver behavior during the ride.,Customer,High
2078,Report: Customer support ticket unresolved for more than 3 days.,Customer support ticket unresolved for more than 3 days.,Customer,Medium
2079,Issue: Ride pickup location did not match the app location.,Ride pickup location did not match the app location.,Ride,High
2080,Alert: Driver payout for last week's shifts is showing as pending.,Driver payout for last week's shifts is showing as pending.,Payment,Medium
2081,Issue: Driver has not arrived for the assigned shift at Delhi North Hub.,Driver has not arrived for the assigned shift at Delhi North Hub.,Driver,Critical
2082,Issue: EV-115 brakes feel soft and need inspection.,EV-115 brakes feel soft and need inspection.,Vehicle,Critical
2083,Issue: Mumbai East Hub reported a power outage affecting charging operations.,Mumbai East Hub reported a power outage affecting charging operations.,Hub Operations,High
2084,Issue: Push notifications for ride status are not being delivered.,Push notifications for ride status are not being delivered.,Technical,Low
2085,Issue: EV-119 AC is not working properly.,EV-119 AC is not working properly.,Vehicle,Low
2086,Issue: Suggestion received to add more charging stations near Bangalore South Hub.,Suggestion received to add more charging stations near Bangalore South Hub.,Other,Low
2087,Customer support ticket unresolved for more than 3 days.,Customer support ticket unresolved for more than 3 days.,Customer,Medium
2088,Issue: EV-127 is making unusual noise from the motor.,EV-127 is making unusual noise from the motor.,Vehicle,High
2089,Alert: Telematics unit on EV-128 stopped sending data.,Telematics unit on EV-128 stopped sending data.,Technical,Medium
2090,Ride fare shown at the end did not match the estimate.,Ride fare shown at the end did not match the estimate.,Ride,High
2091,Issue: General feedback submitted about the overall service experience.,General feedback submitted about the overall service experience.,Other,Low
2092,Mumbai East Hub is operating near full capacity with no available parking.,Mumbai East Hub is operating near full capacity with no available parking.,Hub Operations,Low
2093,EV-122 is due for scheduled maintenance and has not been serviced.,EV-122 is due for scheduled maintenance and has not been serviced.,Maintenance,High
2094,EV-104 requires software update for the onboard diagnostics system.,EV-104 requires software update for the onboard diagnostics system.,Maintenance,Medium
2095,Alert: Ride pickup location did not match the app location.,Ride pickup location did not match the app location.,Ride,Low
2096,Report: Customer payment was successful but booking was not confirmed.,Customer payment was successful but booking was not confirmed.,Payment,High
2097,Issue: Customer was charged but booking was not confirmed.,Customer was charged but booking was not confirmed.,Customer,Low
2098,Charging session for EV-125 keeps disconnecting randomly.,Charging session for EV-125 keeps disconnecting randomly.,Charging,High
2099,Report: Query raised about the loyalty rewards program.,Query raised about the loyalty rewards program.,Other,High
2100,Report: Driver has not arrived for the assigned shift at Pune Central Hub.,Driver has not arrived for the assigned shift at Pune Central Hub.,Driver,Critical
2101,Report: Driver has not arrived for the assigned shift at Delhi North Hub.,Driver has not arrived for the assigned shift at Delhi North Hub.,Driver,High
2102,Issue: GPS tracking for EV-122 is showing an incorrect location.,GPS tracking for EV-122 is showing an incorrect location.,Technical,Medium
2103,Report: GPS tracking for EV-116 is showing an incorrect location.,GPS tracking for EV-116 is showing an incorrect location.,Technical,High
2104,Issue: Customer reported a long detour during the ride.,Customer reported a long detour during the ride.,Ride,Medium
2105,Alert: Driver reported feeling unwell and requested a shift change.,Driver reported feeling unwell and requested a shift change.,Driver,High
2106,Alert: Vehicle count mismatch found during the shift-change audit at Mumbai East Hub.,Vehicle count mismatch found during the shift-change audit at Mumbai East Hub.,Hub Operations,High
2107,Issue: Driver requested additional training on the new vehicle model.,Driver requested additional training on the new vehicle model.,Driver,Medium
2108,EV-115 is not charging at station 6.,EV-115 is not charging at station 6.,Charging,Medium
2109,Alert: Battery health indicator for EV-100 has degraded significantly this month.,Battery health indicator for EV-100 has degraded significantly this month.,Battery,Medium
2110,General feedback submitted about the overall service experience.,General feedback submitted about the overall service experience.,Other,Medium
2111,Report: Customer reported the vehicle was not clean on pickup.,Customer reported the vehicle was not clean on pickup.,Customer,Medium
2112,Driver requested additional training on the new vehicle model.,Driver requested additional training on the new vehicle model.,Driver,Medium
2113,Customer reported the vehicle was not clean on pickup.,Customer reported the vehicle was not clean on pickup.,Customer,High
2114,Report: EV-127 is due for scheduled maintenance and has not been serviced.,EV-127 is due for scheduled maintenance and has not been serviced.,Maintenance,High
2115,Report: EV-100 requires software update for the onboard diagnostics system.,EV-100 requires software update for the onboard diagnostics system.,Maintenance,High
2116,Alert: Driver has not arrived for the assigned shift at Delhi North Hub.,Driver has not arrived for the assigned shift at Delhi North Hub.,Driver,High
2117,Alert: Driver has not arrived for the assigned shift at Mumbai East Hub.,Driver has not arrived for the assigned shift at Mumbai East Hub.,Driver,High
2118,Report: Driver reported feeling unwell and requested a shift change.,Driver reported feeling unwell and requested a shift change.,Driver,Medium
2119,Mobile app crashes when trying to book a ride from Pune Central Hub.,Mobile app crashes when trying to book a ride from Pune Central Hub.,Technical,Low
2120,Delhi North Hub reported a power outage affecting charging operations.,Delhi North Hub reported a power outage affecting charging operations.,Hub Operations,Low
2121,Mobile app crashes when trying to book a ride from Bangalore South Hub.,Mobile app crashes when trying to book a ride from Bangalore South Hub.,Technical,Medium
2122,Alert: Bangalore South Hub is operating near full capacity with no available parking.,Bangalore South Hub is operating near full capacity with no available parking.,Hub Operations,High
2123,Alert: EV-118 is making unusual noise from the motor.,EV-118 is making unusual noise from the motor.,Vehicle,Critical
2124,Alert: Maintenance team flagged worn brake pads on EV-106.,Maintenance team flagged worn brake pads on EV-106.,Maintenance,Low
2125,Alert: Miscellaneous request that does not fit an existing category.,Miscellaneous request that does not fit an existing category.,Other,Medium
2126,Report: Driver reported feeling unwell and requested a shift change.,Driver reported feeling unwell and requested a shift change.,Driver,Low
2127,Issue: Push notifications for ride status are not being delivered.,Push notifications for ride status are not being delivered.,Technical,Medium
2128,Maintenance team flagged worn brake pads on EV-119.,Maintenance team flagged worn brake pads on EV-119.,Maintenance,Medium
2129,Alert: Delhi North Hub reported a power outage affecting charging operations.,Delhi North Hub reported a power outage affecting charging operations.,Hub Operations,Medium
2130,Issue: EV-127 is making unusual noise from the motor.,EV-127 is making unusual noise from the motor.,Vehicle,Critical
2131,Alert: Customer requested a refund for a cancelled ride.,Customer requested a refund for a cancelled ride.,Customer,Medium
2132,Issue: Telematics unit on EV-119 stopped sending data.,Telematics unit on EV-119 stopped sending data.,Technical,Low
2133,Ride was cancelled midway without explanation for EV-123.,Ride was cancelled midway without explanation for EV-123.,Ride,High
2134,Issue: EV-109 is due for scheduled maintenance and has not been serviced.,EV-109 is due for scheduled maintenance and has not been serviced.,Maintenance,Critical
2135,Report: Charging session for EV-120 keeps disconnecting randomly.,Charging session for EV-120 keeps disconnecting randomly.,Charging,High
2136,Issue: Backend sync issue causing duplicate ride records at Delhi North Hub.,Backend sync issue causing duplicate ride records at Delhi North Hub.,Technical,Medium
2137,Report: Ride fare shown at the end did not match the estimate.,Ride fare shown at the end did not match the estimate.,Ride,High
2138,Alert: Customer was charged but booking was not confirmed.,Customer was charged but booking was not confirmed.,Customer,Medium
2139,Alert: EV-126 is making unusual noise from the motor.,EV-126 is making unusual noise from the motor.,Vehicle,Medium
2140,Issue: Maintenance team flagged worn brake pads on EV-110.,Maintenance team flagged worn brake pads on EV-110.,Maintenance,High
2141,Issue: Customer payment was successful but booking was not confirmed.,Customer payment was successful but booking was not confirmed.,Payment,Critical
2142,Alert: EV-103 AC is not working properly.,EV-103 AC is not working properly.,Vehicle,Critical
2143,Customer requested a refund for a cancelled ride.,Customer requested a refund for a cancelled ride.,Customer,Medium
2144,Issue: EV-101 maintenance was delayed due to parts unavailability.,EV-101 maintenance was delayed due to parts unavailability.,Maintenance,Medium
2145,Issue: Driver flagged a scheduling conflict for the upcoming shift at Bangalore South Hub.,Driver flagged a scheduling conflict for the upcoming shift at Bangalore South Hub.,Driver,High
2146,Report: General feedback submitted about the overall service experience.,General feedback submitted about the overall service experience.,Other,Critical
2147,Driver reported feeling unwell and requested a shift change.,Driver reported feeling unwell and requested a shift change.,Driver,High
2148,EV-124 battery percentage is not increasing despite being connected at station 5.,EV-124 battery percentage is not increasing despite being connected at station 5.,Charging,Critical
2149,Customer payment was successful but booking was not confirmed.,Customer payment was successful but booking was not confirmed.,Payment,High
2150,Report: EV-122 shows charging error code and will not start charging.,EV-122 shows charging error code and will not start charging.,Charging,High
2151,Alert: Maintenance team flagged worn brake pads on EV-104.,Maintenance team flagged worn brake pads on EV-104.,Maintenance,High
2152,Alert: Payment gateway timeout occurred during checkout.,Payment gateway timeout occurred during checkout.,Payment,High
2153,Ride fare shown at the end did not match the estimate.,Ride fare shown at the end did not match the estimate.,Ride,Critical
2154,Report: Driver reported feeling unwell and requested a shift change.,Driver reported feeling unwell and requested a shift change.,Driver,Low
2155,Alert: Driver requested additional training on the new vehicle model.,Driver requested additional training on the new vehicle model.,Driver,Low
2156,Issue: Customer reported the vehicle was not clean on pickup.,Customer reported the vehicle was not clean on pickup.,Customer,High
2157,Ride was cancelled midway without explanation for EV-106.,Ride was cancelled midway without explanation for EV-106.,Ride,High
2158,Alert: Customer reported the vehicle was not clean on pickup.,Customer reported the vehicle was not clean on pickup.,Customer,Medium
2159,Issue: Suggestion received to add more charging stations near Pune Central Hub.,Suggestion received to add more charging stations near Pune Central Hub.,Other,Low
2160,Report: EV-129 shows charging error code and will not start charging.,EV-129 shows charging error code and will not start charging.,Charging,High
2161,Alert: Battery percentage dropped unusually fast during the last trip for EV-111.,Battery percentage dropped unusually fast during the last trip for EV-111.,Battery,Low
2162,Issue: EV-113 shows sudden battery drain even when parked.,EV-113 shows sudden battery drain even when parked.,Battery,Medium
2163,Issue: Customer reported a long detour during the ride.,Customer reported a long detour during the ride.,Ride,High
2164,GPS tracking for EV-100 is showing an incorrect location.,GPS tracking for EV-100 is showing an incorrect location.,Technical,Medium
2165,Pune Central Hub requires additional staff during the evening peak hours.,Pune Central Hub requires additional staff during the evening peak hours.,Hub Operations,Medium
2166,Issue: EV-106 battery temperature is unusually high during operation.,EV-106 battery temperature is unusually high during operation.,Battery,Medium
2167,Issue: Charging cable at station 8 appears damaged and vehicle is not accepting charge.,Charging cable at station 8 appears damaged and vehicle is not accepting charge.,Charging,High
2168,Bangalore South Hub is operating near full capacity with no available parking.,Bangalore South Hub is operating near full capacity with no available parking.,Hub Operations,Medium
2169,Driver was unreachable during the scheduled pickup window.,Driver was unreachable during the scheduled pickup window.,Driver,High
2170,Issue: Charging session for EV-101 keeps disconnecting randomly.,Charging session for EV-101 keeps disconnecting randomly.,Charging,Medium
2171,Report: Ride pickup location did not match the app location.,Ride pickup location did not match the app location.,Ride,Low
2172,Alert: Customer requested a refund for a cancelled ride.,Customer requested a refund for a cancelled ride.,Customer,Medium
2173,Alert: Maintenance team flagged worn brake pads on EV-118.,Maintenance team flagged worn brake pads on EV-118.,Maintenance,High
2174,Customer reported a long detour during the ride.,Customer reported a long detour during the ride.,Ride,Medium
2175,"EV-108 shuts down unexpectedly, suspected battery fault.","EV-108 shuts down unexpectedly, suspected battery fault.",Battery,Low
2176,Report: Push notifications for ride status are not being delivered.,Push notifications for ride status are not being delivered.,Technical,High
2177,Report: Mumbai East Hub reported a power outage affecting charging operations.,Mumbai East Hub reported a power outage affecting charging operations.,Hub Operations,Low
2178,Issue: EV-126 is due for scheduled maintenance and has not been serviced.,EV-126 is due for scheduled maintenance and has not been serviced.,Maintenance,Low
2179,Report: Customer payment was successful but booking was not confirmed.,Customer payment was successful but booking was not confirmed.,Payment,Low
2180,Alert: Driver was unreachable during the scheduled pickup window.,Driver was unreachable during the scheduled pickup window.,Driver,Medium
2181,Payment gateway timeout occurred during checkout.,Payment gateway timeout occurred during checkout.,Payment,Medium
2182,Report: EV-120 battery temperature is unusually high during operation.,EV-120 battery temperature is unusually high during operation.,Battery,Medium
2183,Issue: EV-125 battery percentage is not increasing despite being connected at station 2.,EV-125 battery percentage is not increasing despite being connected at station 2.,Charging,Critical
2184,Issue: Customer reported a long detour during the ride.,Customer reported a long detour during the ride.,Ride,Low
2185,Report: Driver has not arrived for the assigned shift at Bangalore South Hub.,Driver has not arrived for the assigned shift at Bangalore South Hub.,Driver,High
2186,General feedback submitted about the overall service experience.,General feedback submitted about the overall service experience.,Other,Low
2187,Report: Customer reported the vehicle was not clean on pickup.,Customer reported the vehicle was not clean on pickup.,Customer,High
2188,Issue: Ride fare shown at the end did not match the estimate.,Ride fare shown at the end did not match the estimate.,Ride,Medium
2189,Telematics unit on EV-111 stopped sending data.,Telematics unit on EV-111 stopped sending data.,Technical,Medium
2190,Customer payment was successful but booking was not confirmed.,Customer payment was successful but booking was not confirmed.,Payment,Low
2191,Issue: Charging cable at station 2 appears damaged and vehicle is not accepting charge.,Charging cable at station 2 appears damaged and vehicle is not accepting charge.,Charging,High
2192,Alert: EV-123 battery temperature is unusually high during operation.,EV-123 battery temperature is unusually high during operation.,Battery,High
2193,Driver requested additional training on the new vehicle model.,Driver requested additional training on the new vehicle model.,Driver,High
2194,Issue: Driver requested additional training on the new vehicle model.,Driver requested additional training on the new vehicle model.,Driver,Medium
2195,Payment gateway timeout occurred during checkout.,Payment gateway timeout occurred during checkout.,Payment,High
2196,Customer payment was successful but booking was not confirmed.,Customer payment was successful but booking was not confirmed.,Payment,High
2197,Report: Customer reported a long detour during the ride.,Customer reported a long detour during the ride.,Ride,Medium
2198,Report: EV-115 battery temperature is unusually high during operation.,EV-115 battery temperature is unusually high during operation.,Battery,Critical
2199,EV-109 is due for scheduled maintenance and has not been serviced.,EV-109 is due for scheduled maintenance and has not been serviced.,Maintenance,High
2200,Report: Driver flagged a scheduling conflict for the upcoming shift at Pune Central Hub.,Driver flagged a scheduling conflict for the upcoming shift at Pune Central Hub.,Driver,High
2201,Delhi North Hub requires additional staff during the evening peak hours.,Delhi North Hub requires additional staff during the evening peak hours.,Hub Operations,High
2202,Issue: Charging session for EV-116 keeps disconnecting randomly.,Charging session for EV-116 keeps disconnecting randomly.,Charging,High
2203,Alert: Ride fare shown at the end did not match the estimate.,Ride fare shown at the end did not match the estimate.,Ride,High
2204,Report: Query raised about the loyalty rewards program.,Query raised about the loyalty rewards program.,Other,Low
2205,Battery percentage dropped unusually fast during the last trip for EV-105.,Battery percentage dropped unusually fast during the last trip for EV-105.,Battery,Medium
2206,Report: Query raised about the loyalty rewards program.,Query raised about the loyalty rewards program.,Other,High
2207,Alert: Vehicle count mismatch found during the shift-change audit at Mumbai East Hub.,Vehicle count mismatch found during the shift-change audit at Mumbai East Hub.,Hub Operations,High
2208,Issue: EV-122 dashboard display is flickering intermittently.,EV-122 dashboard display is flickering intermittently.,Vehicle,High
2209,"Report: EV-121 shuts down unexpectedly, suspected battery fault.","EV-121 shuts down unexpectedly, suspected battery fault.",Battery,High
2210,Customer complained about driver behavior during the ride.,Customer complained about driver behavior during the ride.,Customer,High
2211,Issue: Backend sync issue causing duplicate ride records at Mumbai East Hub.,Backend sync issue causing duplicate ride records at Mumbai East Hub.,Technical,High
2212,Issue: EV-104 dashboard display is flickering intermittently.,EV-104 dashboard display is flickering intermittently.,Vehicle,High
2213,Alert: Security gate at Bangalore South Hub is malfunctioning.,Security gate at Bangalore South Hub is malfunctioning.,Hub Operations,Low
2214,EV-124 is due for scheduled maintenance and has not been serviced.,EV-124 is due for scheduled maintenance and has not been serviced.,Maintenance,Low
2215,Report: Charging stops after a few minutes for EV-121 at station 6.,Charging stops after a few minutes for EV-121 at station 6.,Charging,High
2216,Alert: EV-119 brakes feel soft and need inspection.,EV-119 brakes feel soft and need inspection.,Vehicle,Critical
2217,Issue: Mobile app crashes when trying to book a ride from Delhi North Hub.,Mobile app crashes when trying to book a ride from Delhi North Hub.,Technical,Critical
2218,EV-101 dashboard display is flickering intermittently.,EV-101 dashboard display is flickering intermittently.,Vehicle,High
2219,Query raised about the loyalty rewards program.,Query raised about the loyalty rewards program.,Other,Low
2220,Payment gateway timeout occurred during checkout.,Payment gateway timeout occurred during checkout.,Payment,High
2221,Alert: Customer support ticket unresolved for more than 3 days.,Customer support ticket unresolved for more than 3 days.,Customer,Medium
2222,Alert: Customer waited significantly longer than the estimated arrival time.,Customer waited significantly longer than the estimated arrival time.,Ride,Low
2223,Alert: Driver requested additional training on the new vehicle model.,Driver requested additional training on the new vehicle model.,Driver,High
2224,Report: Payment gateway timeout occurred during checkout.,Payment gateway timeout occurred during checkout.,Payment,Medium
2225,Alert: Security gate at Mumbai East Hub is malfunctioning.,Security gate at Mumbai East Hub is malfunctioning.,Hub Operations,Medium
2226,Report: Driver payout for last week's shifts is showing as pending.,Driver payout for last week's shifts is showing as pending.,Payment,Medium
2227,Alert: EV-120 shows sudden battery drain even when parked.,EV-120 shows sudden battery drain even when parked.,Battery,Medium
2228,EV-125 dashboard display is flickering intermittently.,EV-125 dashboard display is flickering intermittently.,Vehicle,Critical
2229,Issue: Customer waited significantly longer than the estimated arrival time.,Customer waited significantly longer than the estimated arrival time.,Ride,High
2230,Alert: Ride was cancelled midway without explanation for EV-112.,Ride was cancelled midway without explanation for EV-112.,Ride,High
2231,Issue: Backend sync issue causing duplicate ride records at Delhi North Hub.,Backend sync issue causing duplicate ride records at Delhi North Hub.,Technical,High
2232,Alert: Routine inspection revealed a coolant leak in EV-119.,Routine inspection revealed a coolant leak in EV-119.,Maintenance,High
2233,Issue: EV-105 battery temperature is unusually high during operation.,EV-105 battery temperature is unusually high during operation.,Battery,Medium
2234,Issue: EV-108 is not charging at station 2.,EV-108 is not charging at station 2.,Charging,Critical
2235,Alert: Miscellaneous request that does not fit an existing category.,Miscellaneous request that does not fit an existing category.,Other,Critical
2236,Alert: Mumbai East Hub reported a power outage affecting charging operations.,Mumbai East Hub reported a power outage affecting charging operations.,Hub Operations,High
2237,Alert: Refund for a cancelled ride has not been processed.,Refund for a cancelled ride has not been processed.,Payment,Critical
2238,Issue: Driver reported feeling unwell and requested a shift change.,Driver reported feeling unwell and requested a shift change.,Driver,Medium
2239,Report: EV-118 broke down during operation near Delhi North Hub.,EV-118 broke down during operation near Delhi North Hub.,Vehicle,Critical
2240,Report: Maintenance team flagged worn brake pads on EV-107.,Maintenance team flagged worn brake pads on EV-107.,Maintenance,Low
2241,Ride was cancelled midway without explanation for EV-100.,Ride was cancelled midway without explanation for EV-100.,Ride,Medium
2242,GPS tracking for EV-107 is showing an incorrect location.,GPS tracking for EV-107 is showing an incorrect location.,Technical,High
2243,Alert: GPS tracking for EV-123 is showing an incorrect location.,GPS tracking for EV-123 is showing an incorrect location.,Technical,Critical
2244,Driver flagged a scheduling conflict for the upcoming shift at Bangalore South Hub.,Driver flagged a scheduling conflict for the upcoming shift at Bangalore South Hub.,Driver,Critical
2245,Push notifications for ride status are not being delivered.,Push notifications for ride status are not being delivered.,Technical,Medium
2246,Alert: EV-106 brakes feel soft and need inspection.,EV-106 brakes feel soft and need inspection.,Vehicle,High
2247,Driver was unreachable during the scheduled pickup window.,Driver was unreachable during the scheduled pickup window.,Driver,Medium
2248,Issue: Charging session for EV-129 keeps disconnecting randomly.,Charging session for EV-129 keeps disconnecting randomly.,Charging,High
2249,EV-111 maintenance was delayed due to parts unavailability.,EV-111 maintenance was delayed due to parts unavailability.,Maintenance,Critical
2250,Alert: Backend sync issue causing duplicate ride records at Bangalore South Hub.,Backend sync issue causing duplicate ride records at Bangalore South Hub.,Technical,High
2251,Report: Customer requested a refund for a cancelled ride.,Customer requested a refund for a cancelled ride.,Customer,High
2252,Report: Charging cable at station 1 appears damaged and vehicle is not accepting charge.,Charging cable at station 1 appears damaged and vehicle is not accepting charge.,Charging,Critical
2253,"Alert: EV-122 shuts down unexpectedly, suspected battery fault.","EV-122 shuts down unexpectedly, suspected battery fault.",Battery,Critical
2254,Report: GPS tracking for EV-109 is showing an incorrect location.,GPS tracking for EV-109 is showing an incorrect location.,Technical,High
2255,Issue: Driver flagged a scheduling conflict for the upcoming shift at Pune Central Hub.,Driver flagged a scheduling conflict for the upcoming shift at Pune Central Hub.,Driver,High
2256,Bangalore South Hub is operating near full capacity with no available parking.,Bangalore South Hub is operating near full capacity with no available parking.,Hub Operations,Medium
2257,Issue: EV-100 AC is not working properly.,EV-100 AC is not working properly.,Vehicle,Critical
2258,Alert: Customer reported a long detour during the ride.,Customer reported a long detour during the ride.,Ride,Medium
2259,Alert: EV-117 AC is not working properly.,EV-117 AC is not working properly.,Vehicle,Medium
2260,Report: EV-116 is making unusual noise from the motor.,EV-116 is making unusual noise from the motor.,Vehicle,High
2261,Alert: Charging cable at station 3 appears damaged and vehicle is not accepting charge.,Charging cable at station 3 appears damaged and vehicle is not accepting charge.,Charging,Medium
2262,Issue: Delhi North Hub reported a power outage affecting charging operations.,Delhi North Hub reported a power outage affecting charging operations.,Hub Operations,High
2263,Report: Driver reported feeling unwell and requested a shift change.,Driver reported feeling unwell and requested a shift change.,Driver,Low
2264,EV-114 shows charging error code and will not start charging.,EV-114 shows charging error code and will not start charging.,Charging,Medium
2265,Payment gateway timeout occurred during checkout.,Payment gateway timeout occurred during checkout.,Payment,Medium
2266,Report: EV-127 tyre pressure warning light is on.,EV-127 tyre pressure warning light is on.,Vehicle,Medium
2267,"EV-111 shuts down unexpectedly, suspected battery fault.","EV-111 shuts down unexpectedly, suspected battery fault.",Battery,Medium
2268,Report: Routine inspection revealed a coolant leak in EV-109.,Routine inspection revealed a coolant leak in EV-109.,Maintenance,High
2269,Report: Charging stops after a few minutes for EV-113 at station 3.,Charging stops after a few minutes for EV-113 at station 3.,Charging,Medium
2270,Report: Query raised about the loyalty rewards program.,Query raised about the loyalty rewards program.,Other,Critical
2271,Alert: Telematics unit on EV-115 stopped sending data.,Telematics unit on EV-115 stopped sending data.,Technical,Medium
2272,Report: Driver flagged a scheduling conflict for the upcoming shift at Pune Central Hub.,Driver flagged a scheduling conflict for the upcoming shift at Pune Central Hub.,Driver,High
2273,General feedback submitted about the overall service experience.,General feedback submitted about the overall service experience.,Other,Medium
2274,Miscellaneous request that does not fit an existing category.,Miscellaneous request that does not fit an existing category.,Other,Low
2275,Report: Charging cable at station 6 appears damaged and vehicle is not accepting charge.,Charging cable at station 6 appears damaged and vehicle is not accepting charge.,Charging,High
2276,Report: EV-104 is not charging at station 5.,EV-104 is not charging at station 5.,Charging,Critical
2277,Query raised about the loyalty rewards program.,Query raised about the loyalty rewards program.,Other,Medium
2278,Issue: Customer support ticket unresolved for more than 3 days.,Customer support ticket unresolved for more than 3 days.,Customer,Critical
2279,Report: Backend sync issue causing duplicate ride records at Pune Central Hub.,Backend sync issue causing duplicate ride records at Pune Central Hub.,Technical,Low
2280,Report: EV-121 requires software update for the onboard diagnostics system.,EV-121 requires software update for the onboard diagnostics system.,Maintenance,Critical
2281,"Issue: EV-112 shuts down unexpectedly, suspected battery fault.","EV-112 shuts down unexpectedly, suspected battery fault.",Battery,High
2282,Ride was cancelled midway without explanation for EV-104.,Ride was cancelled midway without explanation for EV-104.,Ride,Medium
2283,Issue: EV-117 brakes feel soft and need inspection.,EV-117 brakes feel soft and need inspection.,Vehicle,Critical
2284,Report: EV-108 broke down during operation near Pune Central Hub.,EV-108 broke down during operation near Pune Central Hub.,Vehicle,Critical
2285,Alert: Miscellaneous request that does not fit an existing category.,Miscellaneous request that does not fit an existing category.,Other,Low
2286,Alert: Bangalore South Hub reported a power outage affecting charging operations.,Bangalore South Hub reported a power outage affecting charging operations.,Hub Operations,Medium
2287,Report: Query raised about the loyalty rewards program.,Query raised about the loyalty rewards program.,Other,Low
2288,Alert: Driver has not arrived for the assigned shift at Bangalore South Hub.,Driver has not arrived for the assigned shift at Bangalore South Hub.,Driver,High
2289,Report: Backend sync issue causing duplicate ride records at Bangalore South Hub.,Backend sync issue causing duplicate ride records at Bangalore South Hub.,Technical,Critical
2290,Report: Duplicate payment charged for a single ride.,Duplicate payment charged for a single ride.,Payment,Medium
2291,"EV-116 shuts down unexpectedly, suspected battery fault.","EV-116 shuts down unexpectedly, suspected battery fault.",Battery,Medium
2292,Mumbai East Hub reported a power outage affecting charging operations.,Mumbai East Hub reported a power outage affecting charging operations.,Hub Operations,High
2293,General feedback submitted about the overall service experience.,General feedback submitted about the overall service experience.,Other,Medium
2294,Issue: EV-115 brakes feel soft and need inspection.,EV-115 brakes feel soft and need inspection.,Vehicle,Low
2295,Customer reported a long detour during the ride.,Customer reported a long detour during the ride.,Ride,Medium
2296,Alert: Maintenance team flagged worn brake pads on EV-109.,Maintenance team flagged worn brake pads on EV-109.,Maintenance,High
2297,Issue: Vehicle count mismatch found during the shift-change audit at Pune Central Hub.,Vehicle count mismatch found during the shift-change audit at Pune Central Hub.,Hub Operations,Critical
2298,Report: EV-113 tyre pressure warning light is on.,EV-113 tyre pressure warning light is on.,Vehicle,Low
2299,Alert: EV-115 is not charging at station 3.,EV-115 is not charging at station 3.,Charging,Critical
2300,Alert: Query raised about the loyalty rewards program.,Query raised about the loyalty rewards program.,Other,High
2301,Report: Customer was charged but booking was not confirmed.,Customer was charged but booking was not confirmed.,Customer,Medium
2302,Alert: EV-126 brakes feel soft and need inspection.,EV-126 brakes feel soft and need inspection.,Vehicle,High
2303,Alert: Mumbai East Hub requires additional staff during the evening peak hours.,Mumbai East Hub requires additional staff during the evening peak hours.,Hub Operations,Critical
2304,Alert: EV-124 dashboard display is flickering intermittently.,EV-124 dashboard display is flickering intermittently.,Vehicle,Medium
2305,Charging cable at station 6 appears damaged and vehicle is not accepting charge.,Charging cable at station 6 appears damaged and vehicle is not accepting charge.,Charging,Medium
2306,Report: Customer support ticket unresolved for more than 3 days.,Customer support ticket unresolved for more than 3 days.,Customer,Medium
2307,Report: Ride pickup location did not match the app location.,Ride pickup location did not match the app location.,Ride,High
2308,EV-101 is not charging at station 2.,EV-101 is not charging at station 2.,Charging,Critical
2309,Alert: EV-123 AC is not working properly.,EV-123 AC is not working properly.,Vehicle,Medium
2310,Alert: Security gate at Delhi North Hub is malfunctioning.,Security gate at Delhi North Hub is malfunctioning.,Hub Operations,High
2311,Report: Driver flagged a scheduling conflict for the upcoming shift at Bangalore South ...,Driver flagged a scheduling conflict for the upcoming shift at Bangalore South Hub.,Driver,High
2312,Customer was charged but booking was not confirmed.,Customer was charged but booking was not confirmed.,Customer,High
2313,Alert: Backend sync issue causing duplicate ride records at Delhi North Hub.,Backend sync issue causing duplicate ride records at Delhi North Hub.,Technical,Critical
2314,Report: EV-129 requires software update for the onboard diagnostics system.,EV-129 requires software update for the onboard diagnostics system.,Maintenance,Low
2315,Report: Ride fare shown at the end did not match the estimate.,Ride fare shown at the end did not match the estimate.,Ride,High
2316,Report: Driver requested additional training on the new vehicle model.,Driver requested additional training on the new vehicle model.,Driver,Low
2317,Alert: EV-124 is due for scheduled maintenance and has not been serviced.,EV-124 is due for scheduled maintenance and has not been serviced.,Maintenance,Medium
2318,Alert: Customer was charged but booking was not confirmed.,Customer was charged but booking was not confirmed.,Customer,High
2319,Issue: Query raised about the loyalty rewards program.,Query raised about the loyalty rewards program.,Other,Medium
2320,Alert: Push notifications for ride status are not being delivered.,Push notifications for ride status are not being delivered.,Technical,Critical
2321,Charging cable at station 2 appears damaged and vehicle is not accepting charge.,Charging cable at station 2 appears damaged and vehicle is not accepting charge.,Charging,Medium
2322,Report: Push notifications for ride status are not being delivered.,Push notifications for ride status are not being delivered.,Technical,Low
2323,Alert: Telematics unit on EV-109 stopped sending data.,Telematics unit on EV-109 stopped sending data.,Technical,Medium
2324,EV-100 requires software update for the onboard diagnostics system.,EV-100 requires software update for the onboard diagnostics system.,Maintenance,High
2325,Alert: Driver flagged a scheduling conflict for the upcoming shift at Pune Central Hub.,Driver flagged a scheduling conflict for the upcoming shift at Pune Central Hub.,Driver,Low
2326,Issue: Driver payout for last week's shifts is showing as pending.,Driver payout for last week's shifts is showing as pending.,Payment,Medium
2327,Push notifications for ride status are not being delivered.,Push notifications for ride status are not being delivered.,Technical,Low
2328,Issue: Refund for a cancelled ride has not been processed.,Refund for a cancelled ride has not been processed.,Payment,Medium
2329,Alert: Customer complained about driver behavior during the ride.,Customer complained about driver behavior during the ride.,Customer,High
2330,EV-109 dashboard display is flickering intermittently.,EV-109 dashboard display is flickering intermittently.,Vehicle,Critical
2331,Issue: Driver reported feeling unwell and requested a shift change.,Driver reported feeling unwell and requested a shift change.,Driver,High
2332,Issue: EV-127 battery temperature is unusually high during operation.,EV-127 battery temperature is unusually high during operation.,Battery,Low
2333,Customer reported a long detour during the ride.,Customer reported a long detour during the ride.,Ride,High
2334,Issue: Customer payment was successful but booking was not confirmed.,Customer payment was successful but booking was not confirmed.,Payment,High
2335,Issue: Customer complained about driver behavior during the ride.,Customer complained about driver behavior during the ride.,Customer,Medium
2336,Report: EV-104 battery temperature is unusually high during operation.,EV-104 battery temperature is unusually high during operation.,Battery,High
2337,Telematics unit on EV-100 stopped sending data.,Telematics unit on EV-100 stopped sending data.,Technical,Medium
2338,"EV-124 shuts down unexpectedly, suspected battery fault.","EV-124 shuts down unexpectedly, suspected battery fault.",Battery,Critical
2339,Delhi North Hub is operating near full capacity with no available parking.,Delhi North Hub is operating near full capacity with no available parking.,Hub Operations,Medium
2340,Issue: EV-120 requires software update for the onboard diagnostics system.,EV-120 requires software update for the onboard diagnostics system.,Maintenance,Low
2341,Alert: GPS tracking for EV-100 is showing an incorrect location.,GPS tracking for EV-100 is showing an incorrect location.,Technical,Low
2342,Issue: Query raised about the loyalty rewards program.,Query raised about the loyalty rewards program.,Other,Low
2343,Alert: EV-119 broke down during operation near Mumbai East Hub.,EV-119 broke down during operation near Mumbai East Hub.,Vehicle,High
2344,"EV-125 shuts down unexpectedly, suspected battery fault.","EV-125 shuts down unexpectedly, suspected battery fault.",Battery,High
2345,Report: Ride was cancelled midway without explanation for EV-127.,Ride was cancelled midway without explanation for EV-127.,Ride,Low
2346,Issue: Ride fare shown at the end did not match the estimate.,Ride fare shown at the end did not match the estimate.,Ride,Low
2347,Refund for a cancelled ride has not been processed.,Refund for a cancelled ride has not been processed.,Payment,Medium
2348,Report: EV-109 is not charging at station 6.,EV-109 is not charging at station 6.,Charging,Medium
2349,Alert: Driver payout for last week's shifts is showing as pending.,Driver payout for last week's shifts is showing as pending.,Payment,High
2350,Issue: Customer requested a refund for a cancelled ride.,Customer requested a refund for a cancelled ride.,Customer,Medium
2351,Alert: Driver has not arrived for the assigned shift at Pune Central Hub.,Driver has not arrived for the assigned shift at Pune Central Hub.,Driver,Low
2352,Refund for a cancelled ride has not been processed.,Refund for a cancelled ride has not been processed.,Payment,High
2353,Issue: EV-108 shows sudden battery drain even when parked.,EV-108 shows sudden battery drain even when parked.,Battery,Critical
2354,Issue: Battery health indicator for EV-101 has degraded significantly this month.,Battery health indicator for EV-101 has degraded significantly this month.,Battery,High
2355,Report: Customer reported a long detour during the ride.,Customer reported a long detour during the ride.,Ride,Medium
2356,Report: General feedback submitted about the overall service experience.,General feedback submitted about the overall service experience.,Other,Medium
2357,Alert: EV-126 dashboard display is flickering intermittently.,EV-126 dashboard display is flickering intermittently.,Vehicle,Critical
2358,Security gate at Pune Central Hub is malfunctioning.,Security gate at Pune Central Hub is malfunctioning.,Hub Operations,High
2359,Driver requested additional training on the new vehicle model.,Driver requested additional training on the new vehicle model.,Driver,Medium
2360,Alert: Pune Central Hub reported a power outage affecting charging operations.,Pune Central Hub reported a power outage affecting charging operations.,Hub Operations,Medium
2361,Alert: Miscellaneous request that does not fit an existing category.,Miscellaneous request that does not fit an existing category.,Other,Medium
2362,Issue: EV-105 tyre pressure warning light is on.,EV-105 tyre pressure warning light is on.,Vehicle,Critical
2363,Report: Driver reported feeling unwell and requested a shift change.,Driver reported feeling unwell and requested a shift change.,Driver,Medium
2364,Issue: Driver was unreachable during the scheduled pickup window.,Driver was unreachable during the scheduled pickup window.,Driver,Medium
2365,Issue: EV-110 is due for scheduled maintenance and has not been serviced.,EV-110 is due for scheduled maintenance and has not been serviced.,Maintenance,Critical
2366,Report: Customer requested a refund for a cancelled ride.,Customer requested a refund for a cancelled ride.,Customer,Medium
2367,Report: Suggestion received to add more charging stations near Bangalore South Hub.,Suggestion received to add more charging stations near Bangalore South Hub.,Other,High
2368,Backend sync issue causing duplicate ride records at Pune Central Hub.,Backend sync issue causing duplicate ride records at Pune Central Hub.,Technical,High
2369,Report: GPS tracking for EV-101 is showing an incorrect location.,GPS tracking for EV-101 is showing an incorrect location.,Technical,Medium
2370,Report: EV-128 is due for scheduled maintenance and has not been serviced.,EV-128 is due for scheduled maintenance and has not been serviced.,Maintenance,High
2371,Report: EV-115 is due for scheduled maintenance and has not been serviced.,EV-115 is due for scheduled maintenance and has not been serviced.,Maintenance,High
2372,Alert: GPS tracking for EV-122 is showing an incorrect location.,GPS tracking for EV-122 is showing an incorrect location.,Technical,Low
2373,Report: EV-107 brakes feel soft and need inspection.,EV-107 brakes feel soft and need inspection.,Vehicle,Critical
2374,Alert: Miscellaneous request that does not fit an existing category.,Miscellaneous request that does not fit an existing category.,Other,High
2375,Alert: Refund for a cancelled ride has not been processed.,Refund for a cancelled ride has not been processed.,Payment,Low
2376,Alert: EV-102 is due for scheduled maintenance and has not been serviced.,EV-102 is due for scheduled maintenance and has not been serviced.,Maintenance,Low
2377,Issue: Driver requested additional training on the new vehicle model.,Driver requested additional training on the new vehicle model.,Driver,Low
2378,Report: EV-110 broke down during operation near Bangalore South Hub.,EV-110 broke down during operation near Bangalore South Hub.,Vehicle,Critical
2379,Alert: EV-123 broke down during operation near Delhi North Hub.,EV-123 broke down during operation near Delhi North Hub.,Vehicle,High
2380,Security gate at Bangalore South Hub is malfunctioning.,Security gate at Bangalore South Hub is malfunctioning.,Hub Operations,Critical
2381,Alert: Security gate at Bangalore South Hub is malfunctioning.,Security gate at Bangalore South Hub is malfunctioning.,Hub Operations,Critical
2382,Customer reported the vehicle was not clean on pickup.,Customer reported the vehicle was not clean on pickup.,Customer,Medium
2383,Report: Customer payment was successful but booking was not confirmed.,Customer payment was successful but booking was not confirmed.,Payment,Medium
2384,Issue: Driver flagged a scheduling conflict for the upcoming shift at Mumbai East Hub.,Driver flagged a scheduling conflict for the upcoming shift at Mumbai East Hub.,Driver,Medium
2385,"Report: EV-114 shuts down unexpectedly, suspected battery fault.","EV-114 shuts down unexpectedly, suspected battery fault.",Battery,Medium
2386,Customer was charged but booking was not confirmed.,Customer was charged but booking was not confirmed.,Customer,Low
2387,Report: EV-120 shows sudden battery drain even when parked.,EV-120 shows sudden battery drain even when parked.,Battery,Critical
2388,Alert: Mumbai East Hub is operating near full capacity with no available parking.,Mumbai East Hub is operating near full capacity with no available parking.,Hub Operations,Critical
2389,Report: Duplicate payment charged for a single ride.,Duplicate payment charged for a single ride.,Payment,Low
2390,Alert: EV-103 requires software update for the onboard diagnostics system.,EV-103 requires software update for the onboard diagnostics system.,Maintenance,Low
2391,Report: Charging cable at station 6 appears damaged and vehicle is not accepting charge.,Charging cable at station 6 appears damaged and vehicle is not accepting charge.,Charging,Medium
2392,Report: Charging session for EV-103 keeps disconnecting randomly.,Charging session for EV-103 keeps disconnecting randomly.,Charging,High
2393,Report: Driver has not arrived for the assigned shift at Mumbai East Hub.,Driver has not arrived for the assigned shift at Mumbai East Hub.,Driver,Low
2394,Report: EV-114 is making unusual noise from the motor.,EV-114 is making unusual noise from the motor.,Vehicle,Critical
2395,Alert: EV-123 is not charging at station 4.,EV-123 is not charging at station 4.,Charging,Medium
2396,Issue: Miscellaneous request that does not fit an existing category.,Miscellaneous request that does not fit an existing category.,Other,Medium
2397,Report: EV-101 is making unusual noise from the motor.,EV-101 is making unusual noise from the motor.,Vehicle,Critical
2398,Report: Driver has not arrived for the assigned shift at Pune Central Hub.,Driver has not arrived for the assigned shift at Pune Central Hub.,Driver,Medium
2399,Report: Customer waited significantly longer than the estimated arrival time.,Customer waited significantly longer than the estimated arrival time.,Ride,High
2400,Report: Backend sync issue causing duplicate ride records at Bangalore South Hub.,Backend sync issue causing duplicate ride records at Bangalore South Hub.,Technical,High
2401,Charging stops after a few minutes for EV-112 at station 5.,Charging stops after a few minutes for EV-112 at station 5.,Charging,Medium
2402,"Issue: EV-103 shuts down unexpectedly, suspected battery fault.","EV-103 shuts down unexpectedly, suspected battery fault.",Battery,High
2403,Report: Payment gateway timeout occurred during checkout.,Payment gateway timeout occurred during checkout.,Payment,Medium
2404,Issue: EV-129 AC is not working properly.,EV-129 AC is not working properly.,Vehicle,Critical
2405,Report: Customer support ticket unresolved for more than 3 days.,Customer support ticket unresolved for more than 3 days.,Customer,High
2406,Report: EV-113 broke down during operation near Mumbai East Hub.,EV-113 broke down during operation near Mumbai East Hub.,Vehicle,Critical
2407,Issue: General feedback submitted about the overall service experience.,General feedback submitted about the overall service experience.,Other,High
2408,Issue: Customer reported the vehicle was not clean on pickup.,Customer reported the vehicle was not clean on pickup.,Customer,Critical
2409,Report: Charging session for EV-122 keeps disconnecting randomly.,Charging session for EV-122 keeps disconnecting randomly.,Charging,Critical
2410,Issue: General feedback submitted about the overall service experience.,General feedback submitted about the overall service experience.,Other,Low
2411,Issue: Push notifications for ride status are not being delivered.,Push notifications for ride status are not being delivered.,Technical,Medium
2412,Alert: EV-110 is making unusual noise from the motor.,EV-110 is making unusual noise from the motor.,Vehicle,Medium
2413,Ride pickup location did not match the app location.,Ride pickup location did not match the app location.,Ride,Medium
2414,Alert: Ride fare shown at the end did not match the estimate.,Ride fare shown at the end did not match the estimate.,Ride,High
2415,Issue: Driver payout for last week's shifts is showing as pending.,Driver payout for last week's shifts is showing as pending.,Payment,High
2416,Issue: Payment gateway timeout occurred during checkout.,Payment gateway timeout occurred during checkout.,Payment,Medium
2417,Alert: Query raised about the loyalty rewards program.,Query raised about the loyalty rewards program.,Other,Medium
2418,Issue: EV-123 shows sudden battery drain even when parked.,EV-123 shows sudden battery drain even when parked.,Battery,High
2419,Alert: Driver flagged a scheduling conflict for the upcoming shift at Mumbai East Hub.,Driver flagged a scheduling conflict for the upcoming shift at Mumbai East Hub.,Driver,Low
2420,General feedback submitted about the overall service experience.,General feedback submitted about the overall service experience.,Other,Low
2421,Report: EV-122 battery percentage is not increasing despite being connected at station 1.,EV-122 battery percentage is not increasing despite being connected at station 1.,Charging,Critical
2422,Issue: Driver flagged a scheduling conflict for the upcoming shift at Bangalore South Hub.,Driver flagged a scheduling conflict for the upcoming shift at Bangalore South Hub.,Driver,Medium
2423,Issue: Pune Central Hub requires additional staff during the evening peak hours.,Pune Central Hub requires additional staff during the evening peak hours.,Hub Operations,Critical
2424,Alert: Battery health indicator for EV-108 has degraded significantly this month.,Battery health indicator for EV-108 has degraded significantly this month.,Battery,High
2425,Report: Suggestion received to add more charging stations near Delhi North Hub.,Suggestion received to add more charging stations near Delhi North Hub.,Other,Low
2426,Report: Duplicate payment charged for a single ride.,Duplicate payment charged for a single ride.,Payment,High
2427,Alert: EV-102 dashboard display is flickering intermittently.,EV-102 dashboard display is flickering intermittently.,Vehicle,Medium
2428,Issue: EV-118 tyre pressure warning light is on.,EV-118 tyre pressure warning light is on.,Vehicle,High
2429,Driver flagged a scheduling conflict for the upcoming shift at Bangalore South Hub.,Driver flagged a scheduling conflict for the upcoming shift at Bangalore South Hub.,Driver,Medium
2430,Issue: Driver has not arrived for the assigned shift at Pune Central Hub.,Driver has not arrived for the assigned shift at Pune Central Hub.,Driver,Medium
2431,Alert: EV-120 requires software update for the onboard diagnostics system.,EV-120 requires software update for the onboard diagnostics system.,Maintenance,High
2432,Alert: Ride was cancelled midway without explanation for EV-105.,Ride was cancelled midway without explanation for EV-105.,Ride,Medium
2433,Issue: Customer support ticket unresolved for more than 3 days.,Customer support ticket unresolved for more than 3 days.,Customer,High
2434,Alert: General feedback submitted about the overall service experience.,General feedback submitted about the overall service experience.,Other,Medium
2435,Alert: Customer waited significantly longer than the estimated arrival time.,Customer waited significantly longer than the estimated arrival time.,Ride,Medium
2436,Report: Driver requested additional training on the new vehicle model.,Driver requested additional training on the new vehicle model.,Driver,High
2437,Issue: Push notifications for ride status are not being delivered.,Push notifications for ride status are not being delivered.,Technical,Critical
2438,Alert: Customer reported a long detour during the ride.,Customer reported a long detour during the ride.,Ride,Low
2439,Report: Driver requested additional training on the new vehicle model.,Driver requested additional training on the new vehicle model.,Driver,High
2440,Issue: EV-102 broke down during operation near Delhi North Hub.,EV-102 broke down during operation near Delhi North Hub.,Vehicle,High
2441,Report: Customer payment was successful but booking was not confirmed.,Customer payment was successful but booking was not confirmed.,Payment,Medium
2442,Issue: GPS tracking for EV-104 is showing an incorrect location.,GPS tracking for EV-104 is showing an incorrect location.,Technical,Low
2443,EV-123 is due for scheduled maintenance and has not been serviced.,EV-123 is due for scheduled maintenance and has not been serviced.,Maintenance,Low
2444,Issue: Customer reported the vehicle was not clean on pickup.,Customer reported the vehicle was not clean on pickup.,Customer,Medium
2445,Alert: Charging stops after a few minutes for EV-106 at station 1.,Charging stops after a few minutes for EV-106 at station 1.,Charging,Medium
2446,EV-117 is due for scheduled maintenance and has not been serviced.,EV-117 is due for scheduled maintenance and has not been serviced.,Maintenance,High
2447,Issue: Customer reported the vehicle was not clean on pickup.,Customer reported the vehicle was not clean on pickup.,Customer,Medium
2448,Alert: EV-128 is due for scheduled maintenance and has not been serviced.,EV-128 is due for scheduled maintenance and has not been serviced.,Maintenance,High
2449,Alert: EV-102 broke down during operation near Pune Central Hub.,EV-102 broke down during operation near Pune Central Hub.,Vehicle,Medium
2450,"EV-109 shuts down unexpectedly, suspected battery fault.","EV-109 shuts down unexpectedly, suspected battery fault.",Battery,High
2451,Report: Customer was charged but booking was not confirmed.,Customer was charged but booking was not confirmed.,Customer,High
2452,Alert: Driver requested additional training on the new vehicle model.,Driver requested additional training on the new vehicle model.,Driver,High
2453,Issue: Customer requested a refund for a cancelled ride.,Customer requested a refund for a cancelled ride.,Customer,High
2454,Issue: Customer reported a long detour during the ride.,Customer reported a long detour during the ride.,Ride,Low
2455,Issue: Customer complained about driver behavior during the ride.,Customer complained about driver behavior during the ride.,Customer,Medium
2456,Issue: Customer payment was successful but booking was not confirmed.,Customer payment was successful but booking was not confirmed.,Payment,Medium
2457,Charging stops after a few minutes for EV-127 at station 1.,Charging stops after a few minutes for EV-127 at station 1.,Charging,High
2458,Delhi North Hub is operating near full capacity with no available parking.,Delhi North Hub is operating near full capacity with no available parking.,Hub Operations,High
2459,Report: EV-123 shows sudden battery drain even when parked.,EV-123 shows sudden battery drain even when parked.,Battery,Low
2460,Report: Ride pickup location did not match the app location.,Ride pickup location did not match the app location.,Ride,Medium
2461,Report: EV-103 maintenance was delayed due to parts unavailability.,EV-103 maintenance was delayed due to parts unavailability.,Maintenance,High
2462,Issue: Security gate at Bangalore South Hub is malfunctioning.,Security gate at Bangalore South Hub is malfunctioning.,Hub Operations,Medium
2463,Alert: EV-109 battery temperature is unusually high during operation.,EV-109 battery temperature is unusually high during operation.,Battery,Medium
2464,Report: Customer reported a long detour during the ride.,Customer reported a long detour during the ride.,Ride,Critical
2465,Alert: Query raised about the loyalty rewards program.,Query raised about the loyalty rewards program.,Other,High
2466,Issue: Mobile app crashes when trying to book a ride from Bangalore South Hub.,Mobile app crashes when trying to book a ride from Bangalore South Hub.,Technical,Low
2467,Ride pickup location did not match the app location.,Ride pickup location did not match the app location.,Ride,Medium
2468,Customer waited significantly longer than the estimated arrival time.,Customer waited significantly longer than the estimated arrival time.,Ride,Low
2469,Bangalore South Hub requires additional staff during the evening peak hours.,Bangalore South Hub requires additional staff during the evening peak hours.,Hub Operations,Low
2470,"Report: EV-109 shuts down unexpectedly, suspected battery fault.","EV-109 shuts down unexpectedly, suspected battery fault.",Battery,Medium
2471,Alert: EV-118 is making unusual noise from the motor.,EV-118 is making unusual noise from the motor.,Vehicle,Critical
2472,Issue: Mumbai East Hub requires additional staff during the evening peak hours.,Mumbai East Hub requires additional staff during the evening peak hours.,Hub Operations,Low
2473,Issue: EV-109 AC is not working properly.,EV-109 AC is not working properly.,Vehicle,High
2474,Issue: EV-122 maintenance was delayed due to parts unavailability.,EV-122 maintenance was delayed due to parts unavailability.,Maintenance,High
2475,Report: Backend sync issue causing duplicate ride records at Delhi North Hub.,Backend sync issue causing duplicate ride records at Delhi North Hub.,Technical,High
2476,Alert: Customer waited significantly longer than the estimated arrival time.,Customer waited significantly longer than the estimated arrival time.,Ride,Medium
2477,Alert: Suggestion received to add more charging stations near Pune Central Hub.,Suggestion received to add more charging stations near Pune Central Hub.,Other,Low
2478,EV-113 shows charging error code and will not start charging.,EV-113 shows charging error code and will not start charging.,Charging,Low
2479,Alert: Customer was charged but booking was not confirmed.,Customer was charged but booking was not confirmed.,Customer,Medium
2480,Duplicate payment charged for a single ride.,Duplicate payment charged for a single ride.,Payment,Medium
2481,Report: Vehicle count mismatch found during the shift-change audit at Pune Central Hub.,Vehicle count mismatch found during the shift-change audit at Pune Central Hub.,Hub Operations,Low
2482,Report: EV-115 battery percentage is not increasing despite being connected at station 7.,EV-115 battery percentage is not increasing despite being connected at station 7.,Charging,Medium
2483,Report: Driver requested additional training on the new vehicle model.,Driver requested additional training on the new vehicle model.,Driver,High
2484,Alert: Ride fare shown at the end did not match the estimate.,Ride fare shown at the end did not match the estimate.,Ride,Medium
2485,Report: Refund for a cancelled ride has not been processed.,Refund for a cancelled ride has not been processed.,Payment,Low
2486,GPS tracking for EV-100 is showing an incorrect location.,GPS tracking for EV-100 is showing an incorrect location.,Technical,Medium
2487,Report: Battery percentage dropped unusually fast during the last trip for EV-103.,Battery percentage dropped unusually fast during the last trip for EV-103.,Battery,Critical
2488,Pune Central Hub reported a power outage affecting charging operations.,Pune Central Hub reported a power outage affecting charging operations.,Hub Operations,Low
2489,Issue: Customer payment was successful but booking was not confirmed.,Customer payment was successful but booking was not confirmed.,Payment,High
2490,Report: Customer was charged but booking was not confirmed.,Customer was charged but booking was not confirmed.,Customer,Low
2491,Alert: Vehicle count mismatch found during the shift-change audit at Mumbai East Hub.,Vehicle count mismatch found during the shift-change audit at Mumbai East Hub.,Hub Operations,Critical
2492,Alert: Driver was unreachable during the scheduled pickup window.,Driver was unreachable during the scheduled pickup window.,Driver,Medium
2493,Maintenance team flagged worn brake pads on EV-101.,Maintenance team flagged worn brake pads on EV-101.,Maintenance,Medium
2494,Issue: Suggestion received to add more charging stations near Bangalore South Hub.,Suggestion received to add more charging stations near Bangalore South Hub.,Other,Critical
2495,Issue: Backend sync issue causing duplicate ride records at Pune Central Hub.,Backend sync issue causing duplicate ride records at Pune Central Hub.,Technical,Low
2496,Report: Ride was cancelled midway without explanation for EV-112.,Ride was cancelled midway without explanation for EV-112.,Ride,Low
2497,Alert: Driver flagged a scheduling conflict for the upcoming shift at Mumbai East Hub.,Driver flagged a scheduling conflict for the upcoming shift at Mumbai East Hub.,Driver,Low
2498,Issue: Customer complained about driver behavior during the ride.,Customer complained about driver behavior during the ride.,Customer,High
2499,Report: Mobile app crashes when trying to book a ride from Pune Central Hub.,Mobile app crashes when trying to book a ride from Pune Central Hub.,Technical,Critical
2500,Alert: Charging cable at station 4 appears damaged and vehicle is not accepting charge.,Charging cable at station 4 appears damaged and vehicle is not accepting charge.,Charging,High
2501,Report: EV-115 brakes feel soft and need inspection.,EV-115 brakes feel soft and need inspection.,Vehicle,Critical
2502,Issue: Mobile app crashes when trying to book a ride from Bangalore South Hub.,Mobile app crashes when trying to book a ride from Bangalore South Hub.,Technical,High
2503,Alert: EV-110 tyre pressure warning light is on.,EV-110 tyre pressure warning light is on.,Vehicle,Medium
2504,Issue: Customer payment was successful but booking was not confirmed.,Customer payment was successful but booking was not confirmed.,Payment,High
2505,Issue: Driver flagged a scheduling conflict for the upcoming shift at Pune Central Hub.,Driver flagged a scheduling conflict for the upcoming shift at Pune Central Hub.,Driver,High
2506,Issue: EV-123 brakes feel soft and need inspection.,EV-123 brakes feel soft and need inspection.,Vehicle,Low
2507,Report: Charging stops after a few minutes for EV-120 at station 2.,Charging stops after a few minutes for EV-120 at station 2.,Charging,Medium
2508,Alert: EV-108 battery temperature is unusually high during operation.,EV-108 battery temperature is unusually high during operation.,Battery,Medium
2509,Report: Push notifications for ride status are not being delivered.,Push notifications for ride status are not being delivered.,Technical,Low
2510,Alert: Duplicate payment charged for a single ride.,Duplicate payment charged for a single ride.,Payment,Medium
2511,Issue: EV-110 is due for scheduled maintenance and has not been serviced.,EV-110 is due for scheduled maintenance and has not been serviced.,Maintenance,Low
2512,Issue: Push notifications for ride status are not being delivered.,Push notifications for ride status are not being delivered.,Technical,Medium
2513,Backend sync issue causing duplicate ride records at Delhi North Hub.,Backend sync issue causing duplicate ride records at Delhi North Hub.,Technical,Low
2514,Issue: Driver flagged a scheduling conflict for the upcoming shift at Pune Central Hub.,Driver flagged a scheduling conflict for the upcoming shift at Pune Central Hub.,Driver,High
2515,Alert: EV-104 maintenance was delayed due to parts unavailability.,EV-104 maintenance was delayed due to parts unavailability.,Maintenance,High
2516,Alert: Customer complained about driver behavior during the ride.,Customer complained about driver behavior during the ride.,Customer,Critical
2517,Report: Payment gateway timeout occurred during checkout.,Payment gateway timeout occurred during checkout.,Payment,Medium
2518,"Report: EV-120 shuts down unexpectedly, suspected battery fault.","EV-120 shuts down unexpectedly, suspected battery fault.",Battery,Low
2519,Alert: Customer support ticket unresolved for more than 3 days.,Customer support ticket unresolved for more than 3 days.,Customer,Medium
2520,Report: Driver flagged a scheduling conflict for the upcoming shift at Pune Central Hub.,Driver flagged a scheduling conflict for the upcoming shift at Pune Central Hub.,Driver,Low
2521,EV-125 shows charging error code and will not start charging.,EV-125 shows charging error code and will not start charging.,Charging,Medium
2522,Alert: Mumbai East Hub reported a power outage affecting charging operations.,Mumbai East Hub reported a power outage affecting charging operations.,Hub Operations,High
2523,Pune Central Hub requires additional staff during the evening peak hours.,Pune Central Hub requires additional staff during the evening peak hours.,Hub Operations,High
2524,Report: Miscellaneous request that does not fit an existing category.,Miscellaneous request that does not fit an existing category.,Other,High
2525,Report: Driver requested additional training on the new vehicle model.,Driver requested additional training on the new vehicle model.,Driver,Medium
2526,Issue: EV-114 battery percentage is not increasing despite being connected at station 5.,EV-114 battery percentage is not increasing despite being connected at station 5.,Charging,Medium
2527,Miscellaneous request that does not fit an existing category.,Miscellaneous request that does not fit an existing category.,Other,Medium
2528,Report: Payment gateway timeout occurred during checkout.,Payment gateway timeout occurred during checkout.,Payment,High
2529,Report: Mobile app crashes when trying to book a ride from Pune Central Hub.,Mobile app crashes when trying to book a ride from Pune Central Hub.,Technical,High
2530,Alert: Suggestion received to add more charging stations near Bangalore South Hub.,Suggestion received to add more charging stations near Bangalore South Hub.,Other,Low
2531,Issue: Routine inspection revealed a coolant leak in EV-123.,Routine inspection revealed a coolant leak in EV-123.,Maintenance,Medium
2532,Alert: General feedback submitted about the overall service experience.,General feedback submitted about the overall service experience.,Other,Low
2533,Customer requested a refund for a cancelled ride.,Customer requested a refund for a cancelled ride.,Customer,Medium
2534,Report: Driver reported feeling unwell and requested a shift change.,Driver reported feeling unwell and requested a shift change.,Driver,Medium
2535,Report: Query raised about the loyalty rewards program.,Query raised about the loyalty rewards program.,Other,Low
2536,Alert: Driver payout for last week's shifts is showing as pending.,Driver payout for last week's shifts is showing as pending.,Payment,Medium
2537,Alert: EV-105 shows sudden battery drain even when parked.,EV-105 shows sudden battery drain even when parked.,Battery,Critical
2538,Report: Maintenance team flagged worn brake pads on EV-118.,Maintenance team flagged worn brake pads on EV-118.,Maintenance,Low
2539,Issue: Driver was unreachable during the scheduled pickup window.,Driver was unreachable during the scheduled pickup window.,Driver,High
2540,Payment gateway timeout occurred during checkout.,Payment gateway timeout occurred during checkout.,Payment,Low
2541,Refund for a cancelled ride has not been processed.,Refund for a cancelled ride has not been processed.,Payment,Medium
2542,Alert: Query raised about the loyalty rewards program.,Query raised about the loyalty rewards program.,Other,Critical
2543,General feedback submitted about the overall service experience.,General feedback submitted about the overall service experience.,Other,Low
2544,Issue: EV-106 broke down during operation near Mumbai East Hub.,EV-106 broke down during operation near Mumbai East Hub.,Vehicle,High
2545,Alert: EV-106 shows sudden battery drain even when parked.,EV-106 shows sudden battery drain even when parked.,Battery,Critical
2546,Report: Mobile app crashes when trying to book a ride from Mumbai East Hub.,Mobile app crashes when trying to book a ride from Mumbai East Hub.,Technical,Critical
2547,Issue: Customer support ticket unresolved for more than 3 days.,Customer support ticket unresolved for more than 3 days.,Customer,Medium
2548,Alert: Driver flagged a scheduling conflict for the upcoming shift at Pune Central Hub.,Driver flagged a scheduling conflict for the upcoming shift at Pune Central Hub.,Driver,Critical
2549,Issue: EV-127 dashboard display is flickering intermittently.,EV-127 dashboard display is flickering intermittently.,Vehicle,Low
2550,Issue: EV-105 shows charging error code and will not start charging.,EV-105 shows charging error code and will not start charging.,Charging,Medium
2551,Issue: Mumbai East Hub requires additional staff during the evening peak hours.,Mumbai East Hub requires additional staff during the evening peak hours.,Hub Operations,Medium
2552,Report: Ride pickup location did not match the app location.,Ride pickup location did not match the app location.,Ride,Medium
2553,Alert: Customer support ticket unresolved for more than 3 days.,Customer support ticket unresolved for more than 3 days.,Customer,Critical
2554,Report: Delhi North Hub requires additional staff during the evening peak hours.,Delhi North Hub requires additional staff during the evening peak hours.,Hub Operations,High
2555,Alert: EV-122 brakes feel soft and need inspection.,EV-122 brakes feel soft and need inspection.,Vehicle,Low
2556,Alert: Refund for a cancelled ride has not been processed.,Refund for a cancelled ride has not been processed.,Payment,Medium
2557,Issue: Bangalore South Hub reported a power outage affecting charging operations.,Bangalore South Hub reported a power outage affecting charging operations.,Hub Operations,Low
2558,Issue: Battery health indicator for EV-110 has degraded significantly this month.,Battery health indicator for EV-110 has degraded significantly this month.,Battery,Low
2559,Report: EV-104 is not charging at station 5.,EV-104 is not charging at station 5.,Charging,Medium
2560,Issue: EV-104 battery temperature is unusually high during operation.,EV-104 battery temperature is unusually high during operation.,Battery,Medium
2561,Report: Driver has not arrived for the assigned shift at Delhi North Hub.,Driver has not arrived for the assigned shift at Delhi North Hub.,Driver,Critical
2562,Alert: Miscellaneous request that does not fit an existing category.,Miscellaneous request that does not fit an existing category.,Other,Medium
2563,Driver payout for last week's shifts is showing as pending.,Driver payout for last week's shifts is showing as pending.,Payment,Medium
2564,EV-127 brakes feel soft and need inspection.,EV-127 brakes feel soft and need inspection.,Vehicle,High
2565,Report: Ride fare shown at the end did not match the estimate.,Ride fare shown at the end did not match the estimate.,Ride,Medium
2566,Report: Customer requested a refund for a cancelled ride.,Customer requested a refund for a cancelled ride.,Customer,Low
2567,Report: Customer payment was successful but booking was not confirmed.,Customer payment was successful but booking was not confirmed.,Payment,Low
2568,Issue: Driver requested additional training on the new vehicle model.,Driver requested additional training on the new vehicle model.,Driver,Medium
2569,EV-128 is due for scheduled maintenance and has not been serviced.,EV-128 is due for scheduled maintenance and has not been serviced.,Maintenance,High
2570,Report: EV-122 AC is not working properly.,EV-122 AC is not working properly.,Vehicle,Critical
2571,Report: Backend sync issue causing duplicate ride records at Delhi North Hub.,Backend sync issue causing duplicate ride records at Delhi North Hub.,Technical,High
2572,Alert: Customer reported the vehicle was not clean on pickup.,Customer reported the vehicle was not clean on pickup.,Customer,Medium
2573,Issue: Refund for a cancelled ride has not been processed.,Refund for a cancelled ride has not been processed.,Payment,High
2574,Report: Customer complained about driver behavior during the ride.,Customer complained about driver behavior during the ride.,Customer,High
2575,Battery health indicator for EV-101 has degraded significantly this month.,Battery health indicator for EV-101 has degraded significantly this month.,Battery,Low
2576,Report: EV-114 broke down during operation near Mumbai East Hub.,EV-114 broke down during operation near Mumbai East Hub.,Vehicle,High
2577,Report: Bangalore South Hub requires additional staff during the evening peak hours.,Bangalore South Hub requires additional staff during the evening peak hours.,Hub Operations,High
2578,Issue: Delhi North Hub requires additional staff during the evening peak hours.,Delhi North Hub requires additional staff during the evening peak hours.,Hub Operations,Low
2579,Report: EV-121 requires software update for the onboard diagnostics system.,EV-121 requires software update for the onboard diagnostics system.,Maintenance,High
2580,Report: Driver reported feeling unwell and requested a shift change.,Driver reported feeling unwell and requested a shift change.,Driver,Medium
2581,Customer support ticket unresolved for more than 3 days.,Customer support ticket unresolved for more than 3 days.,Customer,High
2582,Issue: GPS tracking for EV-105 is showing an incorrect location.,GPS tracking for EV-105 is showing an incorrect location.,Technical,High
2583,Issue: Delhi North Hub reported a power outage affecting charging operations.,Delhi North Hub reported a power outage affecting charging operations.,Hub Operations,Medium
2584,Report: EV-119 brakes feel soft and need inspection.,EV-119 brakes feel soft and need inspection.,Vehicle,Critical
2585,Mobile app crashes when trying to book a ride from Bangalore South Hub.,Mobile app crashes when trying to book a ride from Bangalore South Hub.,Technical,High
2586,Alert: Payment gateway timeout occurred during checkout.,Payment gateway timeout occurred during checkout.,Payment,Medium
2587,Issue: EV-117 tyre pressure warning light is on.,EV-117 tyre pressure warning light is on.,Vehicle,Critical
2588,Issue: EV-112 is making unusual noise from the motor.,EV-112 is making unusual noise from the motor.,Vehicle,Critical
2589,Report: Customer waited significantly longer than the estimated arrival time.,Customer waited significantly longer than the estimated arrival time.,Ride,Medium
2590,Customer support ticket unresolved for more than 3 days.,Customer support ticket unresolved for more than 3 days.,Customer,Medium
2591,Report: EV-106 is not charging at station 1.,EV-106 is not charging at station 1.,Charging,Low
2592,Alert: EV-126 is due for scheduled maintenance and has not been serviced.,EV-126 is due for scheduled maintenance and has not been serviced.,Maintenance,High
2593,Report: EV-127 AC is not working properly.,EV-127 AC is not working properly.,Vehicle,Medium
2594,Pune Central Hub reported a power outage affecting charging operations.,Pune Central Hub reported a power outage affecting charging operations.,Hub Operations,High
2595,Customer waited significantly longer than the estimated arrival time.,Customer waited significantly longer than the estimated arrival time.,Ride,Low
2596,Issue: Mobile app crashes when trying to book a ride from Pune Central Hub.,Mobile app crashes when trying to book a ride from Pune Central Hub.,Technical,Medium
2597,Report: EV-101 brakes feel soft and need inspection.,EV-101 brakes feel soft and need inspection.,Vehicle,Critical
2598,Issue: Battery health indicator for EV-113 has degraded significantly this month.,Battery health indicator for EV-113 has degraded significantly this month.,Battery,Critical
2599,Report: Battery percentage dropped unusually fast during the last trip for EV-112.,Battery percentage dropped unusually fast during the last trip for EV-112.,Battery,Critical
2600,Alert: EV-119 is not charging at station 1.,EV-119 is not charging at station 1.,Charging,Critical
2601,Report: Miscellaneous request that does not fit an existing category.,Miscellaneous request that does not fit an existing category.,Other,Low
2602,Report: EV-118 shows charging error code and will not start charging.,EV-118 shows charging error code and will not start charging.,Charging,High
2603,Alert: Customer payment was successful but booking was not confirmed.,Customer payment was successful but booking was not confirmed.,Payment,Medium
2604,Alert: Customer payment was successful but booking was not confirmed.,Customer payment was successful but booking was not confirmed.,Payment,High
2605,Issue: EV-121 battery percentage is not increasing despite being connected at station 7.,EV-121 battery percentage is not increasing despite being connected at station 7.,Charging,Low
2606,Issue: Bangalore South Hub reported a power outage affecting charging operations.,Bangalore South Hub reported a power outage affecting charging operations.,Hub Operations,High
2607,Issue: Security gate at Bangalore South Hub is malfunctioning.,Security gate at Bangalore South Hub is malfunctioning.,Hub Operations,Medium
2608,General feedback submitted about the overall service experience.,General feedback submitted about the overall service experience.,Other,High
2609,Report: EV-107 is not charging at station 8.,EV-107 is not charging at station 8.,Charging,Critical
2610,Report: EV-117 requires software update for the onboard diagnostics system.,EV-117 requires software update for the onboard diagnostics system.,Maintenance,High
2611,Driver has not arrived for the assigned shift at Mumbai East Hub.,Driver has not arrived for the assigned shift at Mumbai East Hub.,Driver,Critical
2612,Charging cable at station 6 appears damaged and vehicle is not accepting charge.,Charging cable at station 6 appears damaged and vehicle is not accepting charge.,Charging,High
2613,Issue: Ride was cancelled midway without explanation for EV-105.,Ride was cancelled midway without explanation for EV-105.,Ride,Medium
2614,Report: Routine inspection revealed a coolant leak in EV-127.,Routine inspection revealed a coolant leak in EV-127.,Maintenance,High
2615,Report: Customer waited significantly longer than the estimated arrival time.,Customer waited significantly longer than the estimated arrival time.,Ride,Medium
2616,Issue: General feedback submitted about the overall service experience.,General feedback submitted about the overall service experience.,Other,Medium
2617,EV-111 battery percentage is not increasing despite being connected at station 7.,EV-111 battery percentage is not increasing despite being connected at station 7.,Charging,Medium
2618,Alert: Customer reported the vehicle was not clean on pickup.,Customer reported the vehicle was not clean on pickup.,Customer,High
2619,Issue: Customer requested a refund for a cancelled ride.,Customer requested a refund for a cancelled ride.,Customer,High
2620,Issue: EV-114 is making unusual noise from the motor.,EV-114 is making unusual noise from the motor.,Vehicle,Critical
2621,"EV-103 shuts down unexpectedly, suspected battery fault.","EV-103 shuts down unexpectedly, suspected battery fault.",Battery,Critical
2622,Issue: Duplicate payment charged for a single ride.,Duplicate payment charged for a single ride.,Payment,High
2623,Alert: GPS tracking for EV-113 is showing an incorrect location.,GPS tracking for EV-113 is showing an incorrect location.,Technical,Medium
2624,Issue: Mobile app crashes when trying to book a ride from Pune Central Hub.,Mobile app crashes when trying to book a ride from Pune Central Hub.,Technical,Low
2625,Report: Mobile app crashes when trying to book a ride from Delhi North Hub.,Mobile app crashes when trying to book a ride from Delhi North Hub.,Technical,Medium
2626,Issue: Charging cable at station 4 appears damaged and vehicle is not accepting charge.,Charging cable at station 4 appears damaged and vehicle is not accepting charge.,Charging,Critical
2627,Ride pickup location did not match the app location.,Ride pickup location did not match the app location.,Ride,Medium
2628,EV-122 broke down during operation near Pune Central Hub.,EV-122 broke down during operation near Pune Central Hub.,Vehicle,Critical
2629,EV-117 is making unusual noise from the motor.,EV-117 is making unusual noise from the motor.,Vehicle,High
2630,Issue: Mumbai East Hub reported a power outage affecting charging operations.,Mumbai East Hub reported a power outage affecting charging operations.,Hub Operations,Critical
2631,Customer complained about driver behavior during the ride.,Customer complained about driver behavior during the ride.,Customer,High
2632,Issue: Ride fare shown at the end did not match the estimate.,Ride fare shown at the end did not match the estimate.,Ride,Low
2633,Customer support ticket unresolved for more than 3 days.,Customer support ticket unresolved for more than 3 days.,Customer,Medium
2634,Issue: EV-101 is not charging at station 5.,EV-101 is not charging at station 5.,Charging,High
2635,Issue: Ride pickup location did not match the app location.,Ride pickup location did not match the app location.,Ride,Low
2636,Issue: Push notifications for ride status are not being delivered.,Push notifications for ride status are not being delivered.,Technical,Low
2637,Issue: Charging session for EV-120 keeps disconnecting randomly.,Charging session for EV-120 keeps disconnecting randomly.,Charging,High
2638,Issue: Bangalore South Hub reported a power outage affecting charging operations.,Bangalore South Hub reported a power outage affecting charging operations.,Hub Operations,High
2639,Alert: Customer complained about driver behavior during the ride.,Customer complained about driver behavior during the ride.,Customer,Low
2640,Issue: Miscellaneous request that does not fit an existing category.,Miscellaneous request that does not fit an existing category.,Other,Low
2641,Driver flagged a scheduling conflict for the upcoming shift at Pune Central Hub.,Driver flagged a scheduling conflict for the upcoming shift at Pune Central Hub.,Driver,Low
2642,Pune Central Hub requires additional staff during the evening peak hours.,Pune Central Hub requires additional staff during the evening peak hours.,Hub Operations,High
2643,EV-106 battery temperature is unusually high during operation.,EV-106 battery temperature is unusually high during operation.,Battery,Low
2644,Alert: Push notifications for ride status are not being delivered.,Push notifications for ride status are not being delivered.,Technical,Low
2645,Maintenance team flagged worn brake pads on EV-106.,Maintenance team flagged worn brake pads on EV-106.,Maintenance,Low
2646,Report: EV-122 is not charging at station 5.,EV-122 is not charging at station 5.,Charging,Medium
2647,Report: Charging stops after a few minutes for EV-114 at station 1.,Charging stops after a few minutes for EV-114 at station 1.,Charging,Medium
2648,Issue: Battery percentage dropped unusually fast during the last trip for EV-113.,Battery percentage dropped unusually fast during the last trip for EV-113.,Battery,Medium
2649,Query raised about the loyalty rewards program.,Query raised about the loyalty rewards program.,Other,Medium
2650,Alert: EV-102 broke down during operation near Pune Central Hub.,EV-102 broke down during operation near Pune Central Hub.,Vehicle,Medium
2651,Alert: General feedback submitted about the overall service experience.,General feedback submitted about the overall service experience.,Other,Low
2652,Alert: Duplicate payment charged for a single ride.,Duplicate payment charged for a single ride.,Payment,Low
2653,Alert: Driver payout for last week's shifts is showing as pending.,Driver payout for last week's shifts is showing as pending.,Payment,Low
2654,Alert: Mobile app crashes when trying to book a ride from Pune Central Hub.,Mobile app crashes when trying to book a ride from Pune Central Hub.,Technical,Low
2655,Issue: Customer payment was successful but booking was not confirmed.,Customer payment was successful but booking was not confirmed.,Payment,Medium
2656,Issue: EV-112 AC is not working properly.,EV-112 AC is not working properly.,Vehicle,High
2657,Alert: General feedback submitted about the overall service experience.,General feedback submitted about the overall service experience.,Other,Low
2658,EV-121 tyre pressure warning light is on.,EV-121 tyre pressure warning light is on.,Vehicle,High
2659,Alert: Vehicle count mismatch found during the shift-change audit at Bangalore South Hub.,Vehicle count mismatch found during the shift-change audit at Bangalore South Hub.,Hub Operations,Critical
2660,Driver has not arrived for the assigned shift at Delhi North Hub.,Driver has not arrived for the assigned shift at Delhi North Hub.,Driver,High
2661,Report: Charging cable at station 4 appears damaged and vehicle is not accepting charge.,Charging cable at station 4 appears damaged and vehicle is not accepting charge.,Charging,High
2662,Customer reported the vehicle was not clean on pickup.,Customer reported the vehicle was not clean on pickup.,Customer,Medium
2663,Alert: EV-120 is making unusual noise from the motor.,EV-120 is making unusual noise from the motor.,Vehicle,Medium
2664,Vehicle count mismatch found during the shift-change audit at Bangalore South Hub.,Vehicle count mismatch found during the shift-change audit at Bangalore South Hub.,Hub Operations,Low
2665,Issue: EV-114 shows charging error code and will not start charging.,EV-114 shows charging error code and will not start charging.,Charging,Critical
2666,Alert: EV-110 tyre pressure warning light is on.,EV-110 tyre pressure warning light is on.,Vehicle,Critical
2667,Report: Security gate at Bangalore South Hub is malfunctioning.,Security gate at Bangalore South Hub is malfunctioning.,Hub Operations,Medium
2668,Report: EV-118 battery percentage is not increasing despite being connected at station 4.,EV-118 battery percentage is not increasing despite being connected at station 4.,Charging,High
2669,Mumbai East Hub is operating near full capacity with no available parking.,Mumbai East Hub is operating near full capacity with no available parking.,Hub Operations,Low
2670,Issue: GPS tracking for EV-124 is showing an incorrect location.,GPS tracking for EV-124 is showing an incorrect location.,Technical,High
2671,Report: EV-102 shows sudden battery drain even when parked.,EV-102 shows sudden battery drain even when parked.,Battery,Medium
2672,Issue: Customer support ticket unresolved for more than 3 days.,Customer support ticket unresolved for more than 3 days.,Customer,Medium
2673,Report: Driver reported feeling unwell and requested a shift change.,Driver reported feeling unwell and requested a shift change.,Driver,High
2674,Issue: EV-110 shows charging error code and will not start charging.,EV-110 shows charging error code and will not start charging.,Charging,High
2675,Alert: EV-129 is making unusual noise from the motor.,EV-129 is making unusual noise from the motor.,Vehicle,High
2676,"Report: EV-103 shuts down unexpectedly, suspected battery fault.","EV-103 shuts down unexpectedly, suspected battery fault.",Battery,Medium
2677,Ride pickup location did not match the app location.,Ride pickup location did not match the app location.,Ride,Low
2678,Issue: Mobile app crashes when trying to book a ride from Bangalore South Hub.,Mobile app crashes when trying to book a ride from Bangalore South Hub.,Technical,Medium
2679,Report: Driver payout for last week's shifts is showing as pending.,Driver payout for last week's shifts is showing as pending.,Payment,Medium
2680,Issue: EV-102 shows sudden battery drain even when parked.,EV-102 shows sudden battery drain even when parked.,Battery,High
2681,Alert: Driver was unreachable during the scheduled pickup window.,Driver was unreachable during the scheduled pickup window.,Driver,Medium
2682,Payment gateway timeout occurred during checkout.,Payment gateway timeout occurred during checkout.,Payment,Medium
2683,Alert: Customer waited significantly longer than the estimated arrival time.,Customer waited significantly longer than the estimated arrival time.,Ride,Medium
2684,Report: Customer was charged but booking was not confirmed.,Customer was charged but booking was not confirmed.,Customer,Medium
2685,Charging session for EV-124 keeps disconnecting randomly.,Charging session for EV-124 keeps disconnecting randomly.,Charging,High
2686,Issue: EV-103 shows charging error code and will not start charging.,EV-103 shows charging error code and will not start charging.,Charging,Critical
2687,Report: Driver requested additional training on the new vehicle model.,Driver requested additional training on the new vehicle model.,Driver,Medium
2688,Issue: Maintenance team flagged worn brake pads on EV-103.,Maintenance team flagged worn brake pads on EV-103.,Maintenance,High
2689,Alert: Routine inspection revealed a coolant leak in EV-100.,Routine inspection revealed a coolant leak in EV-100.,Maintenance,Medium
2690,EV-116 is making unusual noise from the motor.,EV-116 is making unusual noise from the motor.,Vehicle,Critical
2691,Issue: EV-125 requires software update for the onboard diagnostics system.,EV-125 requires software update for the onboard diagnostics system.,Maintenance,High
2692,Alert: Customer reported the vehicle was not clean on pickup.,Customer reported the vehicle was not clean on pickup.,Customer,Low
2693,Alert: Customer reported the vehicle was not clean on pickup.,Customer reported the vehicle was not clean on pickup.,Customer,Medium
2694,Report: Customer payment was successful but booking was not confirmed.,Customer payment was successful but booking was not confirmed.,Payment,Medium
2695,Alert: Driver requested additional training on the new vehicle model.,Driver requested additional training on the new vehicle model.,Driver,High
2696,Report: Ride fare shown at the end did not match the estimate.,Ride fare shown at the end did not match the estimate.,Ride,Low
2697,Alert: EV-122 requires software update for the onboard diagnostics system.,EV-122 requires software update for the onboard diagnostics system.,Maintenance,Critical
2698,Pune Central Hub requires additional staff during the evening peak hours.,Pune Central Hub requires additional staff during the evening peak hours.,Hub Operations,Critical
2699,EV-103 AC is not working properly.,EV-103 AC is not working properly.,Vehicle,High
2700,Alert: Routine inspection revealed a coolant leak in EV-122.,Routine inspection revealed a coolant leak in EV-122.,Maintenance,High
2701,Alert: Pune Central Hub is operating near full capacity with no available parking.,Pune Central Hub is operating near full capacity with no available parking.,Hub Operations,Critical
2702,Issue: Battery percentage dropped unusually fast during the last trip for EV-111.,Battery percentage dropped unusually fast during the last trip for EV-111.,Battery,Low
2703,Customer payment was successful but booking was not confirmed.,Customer payment was successful but booking was not confirmed.,Payment,Medium
2704,Alert: Duplicate payment charged for a single ride.,Duplicate payment charged for a single ride.,Payment,Medium
2705,Mobile app crashes when trying to book a ride from Delhi North Hub.,Mobile app crashes when trying to book a ride from Delhi North Hub.,Technical,Critical
2706,Issue: Customer reported a long detour during the ride.,Customer reported a long detour during the ride.,Ride,High
2707,EV-106 broke down during operation near Mumbai East Hub.,EV-106 broke down during operation near Mumbai East Hub.,Vehicle,Medium
2708,Issue: Customer complained about driver behavior during the ride.,Customer complained about driver behavior during the ride.,Customer,Low
2709,Report: Push notifications for ride status are not being delivered.,Push notifications for ride status are not being delivered.,Technical,Low
2710,Alert: Customer reported a long detour during the ride.,Customer reported a long detour during the ride.,Ride,Low
2711,Alert: Ride was cancelled midway without explanation for EV-101.,Ride was cancelled midway without explanation for EV-101.,Ride,Medium
2712,Issue: Ride fare shown at the end did not match the estimate.,Ride fare shown at the end did not match the estimate.,Ride,Low
2713,EV-106 battery temperature is unusually high during operation.,EV-106 battery temperature is unusually high during operation.,Battery,High
2714,Report: General feedback submitted about the overall service experience.,General feedback submitted about the overall service experience.,Other,Low
2715,Report: Query raised about the loyalty rewards program.,Query raised about the loyalty rewards program.,Other,High
2716,Alert: Driver payout for last week's shifts is showing as pending.,Driver payout for last week's shifts is showing as pending.,Payment,Low
2717,Charging session for EV-117 keeps disconnecting randomly.,Charging session for EV-117 keeps disconnecting randomly.,Charging,Medium
2718,Report: Driver has not arrived for the assigned shift at Mumbai East Hub.,Driver has not arrived for the assigned shift at Mumbai East Hub.,Driver,Critical
2719,Report: Customer support ticket unresolved for more than 3 days.,Customer support ticket unresolved for more than 3 days.,Customer,Medium
2720,Issue: Customer complained about driver behavior during the ride.,Customer complained about driver behavior during the ride.,Customer,Critical
2721,Alert: Customer payment was successful but booking was not confirmed.,Customer payment was successful but booking was not confirmed.,Payment,Medium
2722,Alert: Customer payment was successful but booking was not confirmed.,Customer payment was successful but booking was not confirmed.,Payment,Low
2723,Issue: Ride pickup location did not match the app location.,Ride pickup location did not match the app location.,Ride,High
2724,Report: Duplicate payment charged for a single ride.,Duplicate payment charged for a single ride.,Payment,Medium
2725,Issue: Push notifications for ride status are not being delivered.,Push notifications for ride status are not being delivered.,Technical,High
2726,EV-114 tyre pressure warning light is on.,EV-114 tyre pressure warning light is on.,Vehicle,Medium
2727,Alert: Pune Central Hub requires additional staff during the evening peak hours.,Pune Central Hub requires additional staff during the evening peak hours.,Hub Operations,High
2728,Push notifications for ride status are not being delivered.,Push notifications for ride status are not being delivered.,Technical,Critical
2729,Issue: Suggestion received to add more charging stations near Mumbai East Hub.,Suggestion received to add more charging stations near Mumbai East Hub.,Other,Critical
2730,Report: Bangalore South Hub requires additional staff during the evening peak hours.,Bangalore South Hub requires additional staff during the evening peak hours.,Hub Operations,High
2731,Report: Driver requested additional training on the new vehicle model.,Driver requested additional training on the new vehicle model.,Driver,High
2732,Driver requested additional training on the new vehicle model.,Driver requested additional training on the new vehicle model.,Driver,Low
2733,Issue: Charging cable at station 3 appears damaged and vehicle is not accepting charge.,Charging cable at station 3 appears damaged and vehicle is not accepting charge.,Charging,Low
2734,Issue: Mumbai East Hub requires additional staff during the evening peak hours.,Mumbai East Hub requires additional staff during the evening peak hours.,Hub Operations,Critical
2735,Issue: Battery percentage dropped unusually fast during the last trip for EV-105.,Battery percentage dropped unusually fast during the last trip for EV-105.,Battery,Medium
2736,"Issue: EV-112 shuts down unexpectedly, suspected battery fault.","EV-112 shuts down unexpectedly, suspected battery fault.",Battery,High
2737,Issue: EV-126 battery percentage is not increasing despite being connected at station 8.,EV-126 battery percentage is not increasing despite being connected at station 8.,Charging,Critical
2738,Report: Customer reported a long detour during the ride.,Customer reported a long detour during the ride.,Ride,High
2739,Issue: Refund for a cancelled ride has not been processed.,Refund for a cancelled ride has not been processed.,Payment,Medium
2740,Report: Delhi North Hub requires additional staff during the evening peak hours.,Delhi North Hub requires additional staff during the evening peak hours.,Hub Operations,High
2741,Issue: Driver was unreachable during the scheduled pickup window.,Driver was unreachable during the scheduled pickup window.,Driver,Low
2742,EV-106 is not charging at station 1.,EV-106 is not charging at station 1.,Charging,Medium
2743,EV-111 broke down during operation near Bangalore South Hub.,EV-111 broke down during operation near Bangalore South Hub.,Vehicle,Low
2744,Mobile app crashes when trying to book a ride from Pune Central Hub.,Mobile app crashes when trying to book a ride from Pune Central Hub.,Technical,High
2745,EV-102 requires software update for the onboard diagnostics system.,EV-102 requires software update for the onboard diagnostics system.,Maintenance,Low
2746,Report: Customer requested a refund for a cancelled ride.,Customer requested a refund for a cancelled ride.,Customer,Medium
2747,Alert: Ride was cancelled midway without explanation for EV-125.,Ride was cancelled midway without explanation for EV-125.,Ride,High
2748,Report: Vehicle count mismatch found during the shift-change audit at Bangalore South Hub.,Vehicle count mismatch found during the shift-change audit at Bangalore South Hub.,Hub Operations,Medium
2749,Routine inspection revealed a coolant leak in EV-117.,Routine inspection revealed a coolant leak in EV-117.,Maintenance,Medium
2750,Driver payout for last week's shifts is showing as pending.,Driver payout for last week's shifts is showing as pending.,Payment,High
2751,EV-107 battery percentage is not increasing despite being connected at station 7.,EV-107 battery percentage is not increasing despite being connected at station 7.,Charging,High
2752,Bangalore South Hub is operating near full capacity with no available parking.,Bangalore South Hub is operating near full capacity with no available parking.,Hub Operations,Low
2753,Issue: EV-114 is making unusual noise from the motor.,EV-114 is making unusual noise from the motor.,Vehicle,Medium
2754,Alert: Security gate at Pune Central Hub is malfunctioning.,Security gate at Pune Central Hub is malfunctioning.,Hub Operations,Critical
2755,Issue: Push notifications for ride status are not being delivered.,Push notifications for ride status are not being delivered.,Technical,Critical
2756,Customer payment was successful but booking was not confirmed.,Customer payment was successful but booking was not confirmed.,Payment,Low
2757,Customer requested a refund for a cancelled ride.,Customer requested a refund for a cancelled ride.,Customer,Medium
2758,Report: Ride was cancelled midway without explanation for EV-121.,Ride was cancelled midway without explanation for EV-121.,Ride,High
2759,Battery percentage dropped unusually fast during the last trip for EV-117.,Battery percentage dropped unusually fast during the last trip for EV-117.,Battery,Critical
2760,EV-108 brakes feel soft and need inspection.,EV-108 brakes feel soft and need inspection.,Vehicle,Critical
2761,Alert: Customer support ticket unresolved for more than 3 days.,Customer support ticket unresolved for more than 3 days.,Customer,Critical
2762,Alert: Customer requested a refund for a cancelled ride.,Customer requested a refund for a cancelled ride.,Customer,Low
2763,Report: Query raised about the loyalty rewards program.,Query raised about the loyalty rewards program.,Other,Medium
2764,Issue: EV-104 battery percentage is not increasing despite being connected at station 3.,EV-104 battery percentage is not increasing despite being connected at station 3.,Charging,High
2765,Report: Pune Central Hub is operating near full capacity with no available parking.,Pune Central Hub is operating near full capacity with no available parking.,Hub Operations,Medium
2766,Report: Customer reported the vehicle was not clean on pickup.,Customer reported the vehicle was not clean on pickup.,Customer,High
2767,Alert: Ride fare shown at the end did not match the estimate.,Ride fare shown at the end did not match the estimate.,Ride,Low
2768,Alert: EV-102 is not charging at station 8.,EV-102 is not charging at station 8.,Charging,High
2769,Alert: GPS tracking for EV-102 is showing an incorrect location.,GPS tracking for EV-102 is showing an incorrect location.,Technical,Critical
2770,Issue: Charging cable at station 1 appears damaged and vehicle is not accepting charge.,Charging cable at station 1 appears damaged and vehicle is not accepting charge.,Charging,Low
2771,Battery percentage dropped unusually fast during the last trip for EV-118.,Battery percentage dropped unusually fast during the last trip for EV-118.,Battery,Medium
2772,Issue: Battery percentage dropped unusually fast during the last trip for EV-110.,Battery percentage dropped unusually fast during the last trip for EV-110.,Battery,Critical
2773,Report: Customer complained about driver behavior during the ride.,Customer complained about driver behavior during the ride.,Customer,Low
2774,Alert: Driver has not arrived for the assigned shift at Pune Central Hub.,Driver has not arrived for the assigned shift at Pune Central Hub.,Driver,Low
2775,Issue: General feedback submitted about the overall service experience.,General feedback submitted about the overall service experience.,Other,Low
2776,Report: Driver payout for last week's shifts is showing as pending.,Driver payout for last week's shifts is showing as pending.,Payment,Medium
2777,Report: Suggestion received to add more charging stations near Delhi North Hub.,Suggestion received to add more charging stations near Delhi North Hub.,Other,Medium
2778,Issue: EV-104 requires software update for the onboard diagnostics system.,EV-104 requires software update for the onboard diagnostics system.,Maintenance,Low
2779,Alert: EV-119 is due for scheduled maintenance and has not been serviced.,EV-119 is due for scheduled maintenance and has not been serviced.,Maintenance,High
2780,Issue: Customer payment was successful but booking was not confirmed.,Customer payment was successful but booking was not confirmed.,Payment,High
2781,Issue: EV-124 is making unusual noise from the motor.,EV-124 is making unusual noise from the motor.,Vehicle,Medium
2782,Report: Telematics unit on EV-106 stopped sending data.,Telematics unit on EV-106 stopped sending data.,Technical,High
2783,Customer complained about driver behavior during the ride.,Customer complained about driver behavior during the ride.,Customer,Low
2784,Report: Charging session for EV-113 keeps disconnecting randomly.,Charging session for EV-113 keeps disconnecting randomly.,Charging,Medium
2785,Alert: Ride pickup location did not match the app location.,Ride pickup location did not match the app location.,Ride,Low
2786,Issue: Driver flagged a scheduling conflict for the upcoming shift at Delhi North Hub.,Driver flagged a scheduling conflict for the upcoming shift at Delhi North Hub.,Driver,Low
2787,Issue: Customer requested a refund for a cancelled ride.,Customer requested a refund for a cancelled ride.,Customer,Low
2788,EV-114 requires software update for the onboard diagnostics system.,EV-114 requires software update for the onboard diagnostics system.,Maintenance,Critical
2789,Alert: EV-118 AC is not working properly.,EV-118 AC is not working properly.,Vehicle,High
2790,Issue: Customer was charged but booking was not confirmed.,Customer was charged but booking was not confirmed.,Customer,Medium
2791,Driver has not arrived for the assigned shift at Delhi North Hub.,Driver has not arrived for the assigned shift at Delhi North Hub.,Driver,Medium
2792,"Alert: EV-121 shuts down unexpectedly, suspected battery fault.","EV-121 shuts down unexpectedly, suspected battery fault.",Battery,High
2793,Backend sync issue causing duplicate ride records at Mumbai East Hub.,Backend sync issue causing duplicate ride records at Mumbai East Hub.,Technical,Medium
2794,Alert: Bangalore South Hub reported a power outage affecting charging operations.,Bangalore South Hub reported a power outage affecting charging operations.,Hub Operations,Low
2795,Alert: EV-100 battery temperature is unusually high during operation.,EV-100 battery temperature is unusually high during operation.,Battery,Critical
2796,Pune Central Hub reported a power outage affecting charging operations.,Pune Central Hub reported a power outage affecting charging operations.,Hub Operations,High
2797,Report: EV-110 is not charging at station 2.,EV-110 is not charging at station 2.,Charging,High
2798,Alert: Customer support ticket unresolved for more than 3 days.,Customer support ticket unresolved for more than 3 days.,Customer,Critical
2799,Charging cable at station 8 appears damaged and vehicle is not accepting charge.,Charging cable at station 8 appears damaged and vehicle is not accepting charge.,Charging,Medium
2800,Report: Bangalore South Hub requires additional staff during the evening peak hours.,Bangalore South Hub requires additional staff during the evening peak hours.,Hub Operations,Medium
2801,Report: General feedback submitted about the overall service experience.,General feedback submitted about the overall service experience.,Other,Medium
2802,Report: Ride was cancelled midway without explanation for EV-106.,Ride was cancelled midway without explanation for EV-106.,Ride,High
2803,Alert: Charging stops after a few minutes for EV-113 at station 1.,Charging stops after a few minutes for EV-113 at station 1.,Charging,Critical
2804,Alert: General feedback submitted about the overall service experience.,General feedback submitted about the overall service experience.,Other,Low
2805,Alert: Customer complained about driver behavior during the ride.,Customer complained about driver behavior during the ride.,Customer,High
2806,Issue: EV-101 is due for scheduled maintenance and has not been serviced.,EV-101 is due for scheduled maintenance and has not been serviced.,Maintenance,Low
2807,General feedback submitted about the overall service experience.,General feedback submitted about the overall service experience.,Other,High
2808,Alert: Backend sync issue causing duplicate ride records at Mumbai East Hub.,Backend sync issue causing duplicate ride records at Mumbai East Hub.,Technical,Low
2809,Alert: Suggestion received to add more charging stations near Mumbai East Hub.,Suggestion received to add more charging stations near Mumbai East Hub.,Other,Medium
2810,Customer waited significantly longer than the estimated arrival time.,Customer waited significantly longer than the estimated arrival time.,Ride,Critical
2811,Report: Backend sync issue causing duplicate ride records at Bangalore South Hub.,Backend sync issue causing duplicate ride records at Bangalore South Hub.,Technical,High
2812,EV-111 dashboard display is flickering intermittently.,EV-111 dashboard display is flickering intermittently.,Vehicle,High
2813,Customer requested a refund for a cancelled ride.,Customer requested a refund for a cancelled ride.,Customer,High
2814,Report: Refund for a cancelled ride has not been processed.,Refund for a cancelled ride has not been processed.,Payment,Medium
2815,Issue: Driver reported feeling unwell and requested a shift change.,Driver reported feeling unwell and requested a shift change.,Driver,Critical
2816,Issue: Pune Central Hub is operating near full capacity with no available parking.,Pune Central Hub is operating near full capacity with no available parking.,Hub Operations,High
2817,Issue: Miscellaneous request that does not fit an existing category.,Miscellaneous request that does not fit an existing category.,Other,Critical
2818,Issue: Battery health indicator for EV-112 has degraded significantly this month.,Battery health indicator for EV-112 has degraded significantly this month.,Battery,Medium
2819,Ride pickup location did not match the app location.,Ride pickup location did not match the app location.,Ride,Low
2820,Customer support ticket unresolved for more than 3 days.,Customer support ticket unresolved for more than 3 days.,Customer,High
2821,Report: Customer reported a long detour during the ride.,Customer reported a long detour during the ride.,Ride,Low
2822,Alert: Maintenance team flagged worn brake pads on EV-125.,Maintenance team flagged worn brake pads on EV-125.,Maintenance,High
2823,Issue: Duplicate payment charged for a single ride.,Duplicate payment charged for a single ride.,Payment,Low
2824,Alert: Security gate at Pune Central Hub is malfunctioning.,Security gate at Pune Central Hub is malfunctioning.,Hub Operations,Critical
2825,Report: EV-122 AC is not working properly.,EV-122 AC is not working properly.,Vehicle,Critical
2826,"Issue: EV-123 shuts down unexpectedly, suspected battery fault.","EV-123 shuts down unexpectedly, suspected battery fault.",Battery,High
2827,Issue: Driver payout for last week's shifts is showing as pending.,Driver payout for last week's shifts is showing as pending.,Payment,Medium
2828,Alert: EV-124 is due for scheduled maintenance and has not been serviced.,EV-124 is due for scheduled maintenance and has not been serviced.,Maintenance,High
2829,Customer support ticket unresolved for more than 3 days.,Customer support ticket unresolved for more than 3 days.,Customer,Medium
2830,Issue: GPS tracking for EV-122 is showing an incorrect location.,GPS tracking for EV-122 is showing an incorrect location.,Technical,Medium
2831,Report: EV-129 shows charging error code and will not start charging.,EV-129 shows charging error code and will not start charging.,Charging,High
2832,"Alert: EV-112 shuts down unexpectedly, suspected battery fault.","EV-112 shuts down unexpectedly, suspected battery fault.",Battery,Medium
2833,Report: Customer requested a refund for a cancelled ride.,Customer requested a refund for a cancelled ride.,Customer,Low
2834,Report: EV-124 dashboard display is flickering intermittently.,EV-124 dashboard display is flickering intermittently.,Vehicle,Critical
2835,Report: Duplicate payment charged for a single ride.,Duplicate payment charged for a single ride.,Payment,Medium
2836,Alert: EV-104 dashboard display is flickering intermittently.,EV-104 dashboard display is flickering intermittently.,Vehicle,Critical
2837,Issue: Telematics unit on EV-120 stopped sending data.,Telematics unit on EV-120 stopped sending data.,Technical,Low
2838,Issue: Battery health indicator for EV-111 has degraded significantly this month.,Battery health indicator for EV-111 has degraded significantly this month.,Battery,Medium
2839,Report: EV-120 broke down during operation near Pune Central Hub.,EV-120 broke down during operation near Pune Central Hub.,Vehicle,High
2840,Report: Driver reported feeling unwell and requested a shift change.,Driver reported feeling unwell and requested a shift change.,Driver,High
2841,Report: EV-111 battery temperature is unusually high during operation.,EV-111 battery temperature is unusually high during operation.,Battery,Medium
2842,Customer payment was successful but booking was not confirmed.,Customer payment was successful but booking was not confirmed.,Payment,Medium
2843,Report: Driver has not arrived for the assigned shift at Bangalore South Hub.,Driver has not arrived for the assigned shift at Bangalore South Hub.,Driver,Medium
2844,Issue: Backend sync issue causing duplicate ride records at Delhi North Hub.,Backend sync issue causing duplicate ride records at Delhi North Hub.,Technical,Low
2845,Report: Pune Central Hub requires additional staff during the evening peak hours.,Pune Central Hub requires additional staff during the evening peak hours.,Hub Operations,Medium
2846,Issue: Delhi North Hub is operating near full capacity with no available parking.,Delhi North Hub is operating near full capacity with no available parking.,Hub Operations,High
2847,Issue: EV-123 tyre pressure warning light is on.,EV-123 tyre pressure warning light is on.,Vehicle,Low
2848,Customer reported a long detour during the ride.,Customer reported a long detour during the ride.,Ride,Medium
2849,EV-118 AC is not working properly.,EV-118 AC is not working properly.,Vehicle,Low
2850,Alert: Mobile app crashes when trying to book a ride from Bangalore South Hub.,Mobile app crashes when trying to book a ride from Bangalore South Hub.,Technical,High
2851,Routine inspection revealed a coolant leak in EV-114.,Routine inspection revealed a coolant leak in EV-114.,Maintenance,High
2852,Alert: EV-118 broke down during operation near Bangalore South Hub.,EV-118 broke down during operation near Bangalore South Hub.,Vehicle,High
2853,Bangalore South Hub reported a power outage affecting charging operations.,Bangalore South Hub reported a power outage affecting charging operations.,Hub Operations,Medium
2854,Routine inspection revealed a coolant leak in EV-106.,Routine inspection revealed a coolant leak in EV-106.,Maintenance,Medium
2855,Report: Customer was charged but booking was not confirmed.,Customer was charged but booking was not confirmed.,Customer,Medium
2856,Report: EV-104 brakes feel soft and need inspection.,EV-104 brakes feel soft and need inspection.,Vehicle,Critical
2857,Alert: Customer reported a long detour during the ride.,Customer reported a long detour during the ride.,Ride,Low
2858,Issue: Query raised about the loyalty rewards program.,Query raised about the loyalty rewards program.,Other,Low
2859,Report: Payment gateway timeout occurred during checkout.,Payment gateway timeout occurred during checkout.,Payment,High
2860,Alert: Ride was cancelled midway without explanation for EV-121.,Ride was cancelled midway without explanation for EV-121.,Ride,High
2861,Report: Driver reported feeling unwell and requested a shift change.,Driver reported feeling unwell and requested a shift change.,Driver,Low
2862,Report: Customer was charged but booking was not confirmed.,Customer was charged but booking was not confirmed.,Customer,High
2863,Alert: Charging session for EV-107 keeps disconnecting randomly.,Charging session for EV-107 keeps disconnecting randomly.,Charging,Medium
2864,Alert: Miscellaneous request that does not fit an existing category.,Miscellaneous request that does not fit an existing category.,Other,Low
2865,Customer reported the vehicle was not clean on pickup.,Customer reported the vehicle was not clean on pickup.,Customer,Medium
2866,Alert: EV-122 maintenance was delayed due to parts unavailability.,EV-122 maintenance was delayed due to parts unavailability.,Maintenance,Low
2867,Driver flagged a scheduling conflict for the upcoming shift at Bangalore South Hub.,Driver flagged a scheduling conflict for the upcoming shift at Bangalore South Hub.,Driver,High
2868,Alert: Battery health indicator for EV-106 has degraded significantly this month.,Battery health indicator for EV-106 has degraded significantly this month.,Battery,Critical
2869,Alert: Ride pickup location did not match the app location.,Ride pickup location did not match the app location.,Ride,Low
2870,Report: Customer payment was successful but booking was not confirmed.,Customer payment was successful but booking was not confirmed.,Payment,Medium
2871,Customer requested a refund for a cancelled ride.,Customer requested a refund for a cancelled ride.,Customer,High
2872,Alert: EV-127 broke down during operation near Pune Central Hub.,EV-127 broke down during operation near Pune Central Hub.,Vehicle,High
2873,Issue: EV-111 AC is not working properly.,EV-111 AC is not working properly.,Vehicle,Critical
2874,Report: Ride was cancelled midway without explanation for EV-121.,Ride was cancelled midway without explanation for EV-121.,Ride,High
2875,Issue: EV-109 is due for scheduled maintenance and has not been serviced.,EV-109 is due for scheduled maintenance and has not been serviced.,Maintenance,High
2876,Issue: Push notifications for ride status are not being delivered.,Push notifications for ride status are not being delivered.,Technical,High
2877,Alert: EV-120 battery percentage is not increasing despite being connected at station 2.,EV-120 battery percentage is not increasing despite being connected at station 2.,Charging,Low
2878,EV-129 AC is not working properly.,EV-129 AC is not working properly.,Vehicle,High
2879,"Alert: EV-108 shuts down unexpectedly, suspected battery fault.","EV-108 shuts down unexpectedly, suspected battery fault.",Battery,High
2880,EV-128 brakes feel soft and need inspection.,EV-128 brakes feel soft and need inspection.,Vehicle,High
2881,Issue: EV-115 is not charging at station 4.,EV-115 is not charging at station 4.,Charging,Medium
2882,Payment gateway timeout occurred during checkout.,Payment gateway timeout occurred during checkout.,Payment,High
2883,Backend sync issue causing duplicate ride records at Delhi North Hub.,Backend sync issue causing duplicate ride records at Delhi North Hub.,Technical,Medium
2884,Issue: Driver reported feeling unwell and requested a shift change.,Driver reported feeling unwell and requested a shift change.,Driver,High
2885,Issue: General feedback submitted about the overall service experience.,General feedback submitted about the overall service experience.,Other,Low
2886,Report: EV-110 shows charging error code and will not start charging.,EV-110 shows charging error code and will not start charging.,Charging,Critical
2887,Alert: GPS tracking for EV-123 is showing an incorrect location.,GPS tracking for EV-123 is showing an incorrect location.,Technical,High
2888,Report: GPS tracking for EV-103 is showing an incorrect location.,GPS tracking for EV-103 is showing an incorrect location.,Technical,Medium
2889,Issue: Delhi North Hub is operating near full capacity with no available parking.,Delhi North Hub is operating near full capacity with no available parking.,Hub Operations,Medium
2890,GPS tracking for EV-129 is showing an incorrect location.,GPS tracking for EV-129 is showing an incorrect location.,Technical,Critical
2891,Issue: Delhi North Hub reported a power outage affecting charging operations.,Delhi North Hub reported a power outage affecting charging operations.,Hub Operations,High
2892,Alert: Security gate at Mumbai East Hub is malfunctioning.,Security gate at Mumbai East Hub is malfunctioning.,Hub Operations,High
2893,Report: Mumbai East Hub reported a power outage affecting charging operations.,Mumbai East Hub reported a power outage affecting charging operations.,Hub Operations,Critical
2894,Alert: Miscellaneous request that does not fit an existing category.,Miscellaneous request that does not fit an existing category.,Other,Critical
2895,GPS tracking for EV-125 is showing an incorrect location.,GPS tracking for EV-125 is showing an incorrect location.,Technical,Critical
2896,Issue: EV-116 is due for scheduled maintenance and has not been serviced.,EV-116 is due for scheduled maintenance and has not been serviced.,Maintenance,High
2897,EV-114 battery percentage is not increasing despite being connected at station 1.,EV-114 battery percentage is not increasing despite being connected at station 1.,Charging,High
2898,"Issue: EV-125 shuts down unexpectedly, suspected battery fault.","EV-125 shuts down unexpectedly, suspected battery fault.",Battery,High
2899,Report: Charging cable at station 3 appears damaged and vehicle is not accepting charge.,Charging cable at station 3 appears damaged and vehicle is not accepting charge.,Charging,Critical
2900,Driver payout for last week's shifts is showing as pending.,Driver payout for last week's shifts is showing as pending.,Payment,Low
2901,Miscellaneous request that does not fit an existing category.,Miscellaneous request that does not fit an existing category.,Other,Low
2902,Report: Driver was unreachable during the scheduled pickup window.,Driver was unreachable during the scheduled pickup window.,Driver,High
2903,Alert: EV-105 AC is not working properly.,EV-105 AC is not working properly.,Vehicle,Medium
2904,Alert: Customer reported a long detour during the ride.,Customer reported a long detour during the ride.,Ride,High
2905,Issue: EV-112 is due for scheduled maintenance and has not been serviced.,EV-112 is due for scheduled maintenance and has not been serviced.,Maintenance,High
2906,Issue: Maintenance team flagged worn brake pads on EV-126.,Maintenance team flagged worn brake pads on EV-126.,Maintenance,Critical
2907,Report: Customer payment was successful but booking was not confirmed.,Customer payment was successful but booking was not confirmed.,Payment,High
2908,Alert: Charging cable at station 6 appears damaged and vehicle is not accepting charge.,Charging cable at station 6 appears damaged and vehicle is not accepting charge.,Charging,Medium
2909,"Issue: EV-110 shuts down unexpectedly, suspected battery fault.","EV-110 shuts down unexpectedly, suspected battery fault.",Battery,Medium
2910,Alert: Driver flagged a scheduling conflict for the upcoming shift at Pune Central Hub.,Driver flagged a scheduling conflict for the upcoming shift at Pune Central Hub.,Driver,Medium
2911,Alert: Miscellaneous request that does not fit an existing category.,Miscellaneous request that does not fit an existing category.,Other,Medium
2912,Issue: Ride fare shown at the end did not match the estimate.,Ride fare shown at the end did not match the estimate.,Ride,High
2913,Alert: EV-121 dashboard display is flickering intermittently.,EV-121 dashboard display is flickering intermittently.,Vehicle,Critical
2914,Issue: Battery percentage dropped unusually fast during the last trip for EV-118.,Battery percentage dropped unusually fast during the last trip for EV-118.,Battery,High
2915,Mumbai East Hub is operating near full capacity with no available parking.,Mumbai East Hub is operating near full capacity with no available parking.,Hub Operations,Medium
2916,Issue: Payment gateway timeout occurred during checkout.,Payment gateway timeout occurred during checkout.,Payment,Medium
2917,Issue: EV-108 broke down during operation near Delhi North Hub.,EV-108 broke down during operation near Delhi North Hub.,Vehicle,Low
2918,"Issue: EV-127 shuts down unexpectedly, suspected battery fault.","EV-127 shuts down unexpectedly, suspected battery fault.",Battery,Critical
2919,EV-102 is making unusual noise from the motor.,EV-102 is making unusual noise from the motor.,Vehicle,Medium
2920,Vehicle count mismatch found during the shift-change audit at Delhi North Hub.,Vehicle count mismatch found during the shift-change audit at Delhi North Hub.,Hub Operations,Critical
2921,Report: Driver has not arrived for the assigned shift at Delhi North Hub.,Driver has not arrived for the assigned shift at Delhi North Hub.,Driver,Low
2922,"EV-124 shuts down unexpectedly, suspected battery fault.","EV-124 shuts down unexpectedly, suspected battery fault.",Battery,High
2923,General feedback submitted about the overall service experience.,General feedback submitted about the overall service experience.,Other,Low
2924,Issue: Customer complained about driver behavior during the ride.,Customer complained about driver behavior during the ride.,Customer,High
2925,Alert: Miscellaneous request that does not fit an existing category.,Miscellaneous request that does not fit an existing category.,Other,Critical
2926,Issue: EV-103 AC is not working properly.,EV-103 AC is not working properly.,Vehicle,Critical
2927,Alert: Customer was charged but booking was not confirmed.,Customer was charged but booking was not confirmed.,Customer,Low
2928,Issue: Customer waited significantly longer than the estimated arrival time.,Customer waited significantly longer than the estimated arrival time.,Ride,Medium
2929,Charging stops after a few minutes for EV-113 at station 8.,Charging stops after a few minutes for EV-113 at station 8.,Charging,High
2930,Issue: Backend sync issue causing duplicate ride records at Delhi North Hub.,Backend sync issue causing duplicate ride records at Delhi North Hub.,Technical,Low
2931,Issue: Maintenance team flagged worn brake pads on EV-112.,Maintenance team flagged worn brake pads on EV-112.,Maintenance,Medium
2932,Alert: Ride pickup location did not match the app location.,Ride pickup location did not match the app location.,Ride,High
2933,Driver flagged a scheduling conflict for the upcoming shift at Delhi North Hub.,Driver flagged a scheduling conflict for the upcoming shift at Delhi North Hub.,Driver,Low
2934,Alert: Security gate at Pune Central Hub is malfunctioning.,Security gate at Pune Central Hub is malfunctioning.,Hub Operations,Critical
2935,Issue: EV-122 tyre pressure warning light is on.,EV-122 tyre pressure warning light is on.,Vehicle,High
2936,Issue: Customer support ticket unresolved for more than 3 days.,Customer support ticket unresolved for more than 3 days.,Customer,High
2937,EV-105 tyre pressure warning light is on.,EV-105 tyre pressure warning light is on.,Vehicle,Medium
2938,Alert: Customer reported a long detour during the ride.,Customer reported a long detour during the ride.,Ride,Low
2939,Report: Vehicle count mismatch found during the shift-change audit at Delhi North Hub.,Vehicle count mismatch found during the shift-change audit at Delhi North Hub.,Hub Operations,Medium
2940,Alert: Ride pickup location did not match the app location.,Ride pickup location did not match the app location.,Ride,Medium
2941,Report: Ride was cancelled midway without explanation for EV-125.,Ride was cancelled midway without explanation for EV-125.,Ride,Medium
2942,Alert: Security gate at Bangalore South Hub is malfunctioning.,Security gate at Bangalore South Hub is malfunctioning.,Hub Operations,Medium
2943,Report: Driver requested additional training on the new vehicle model.,Driver requested additional training on the new vehicle model.,Driver,High
2944,EV-101 AC is not working properly.,EV-101 AC is not working properly.,Vehicle,Critical
2945,Issue: Driver requested additional training on the new vehicle model.,Driver requested additional training on the new vehicle model.,Driver,High
2946,Issue: EV-114 battery percentage is not increasing despite being connected at station 3.,EV-114 battery percentage is not increasing despite being connected at station 3.,Charging,Medium
2947,Alert: Mobile app crashes when trying to book a ride from Bangalore South Hub.,Mobile app crashes when trying to book a ride from Bangalore South Hub.,Technical,Low
2948,Report: Driver was unreachable during the scheduled pickup window.,Driver was unreachable during the scheduled pickup window.,Driver,High
2949,EV-107 broke down during operation near Pune Central Hub.,EV-107 broke down during operation near Pune Central Hub.,Vehicle,High
2950,Report: Ride fare shown at the end did not match the estimate.,Ride fare shown at the end did not match the estimate.,Ride,Medium
2951,Alert: Mumbai East Hub is operating near full capacity with no available parking.,Mumbai East Hub is operating near full capacity with no available parking.,Hub Operations,Low
2952,EV-124 battery temperature is unusually high during operation.,EV-124 battery temperature is unusually high during operation.,Battery,Medium
2953,Alert: Customer reported the vehicle was not clean on pickup.,Customer reported the vehicle was not clean on pickup.,Customer,High
2954,Report: Miscellaneous request that does not fit an existing category.,Miscellaneous request that does not fit an existing category.,Other,Low
2955,Alert: EV-122 shows sudden battery drain even when parked.,EV-122 shows sudden battery drain even when parked.,Battery,Critical
2956,Alert: Routine inspection revealed a coolant leak in EV-107.,Routine inspection revealed a coolant leak in EV-107.,Maintenance,High
2957,Report: Charging stops after a few minutes for EV-109 at station 3.,Charging stops after a few minutes for EV-109 at station 3.,Charging,Medium
2958,Alert: Suggestion received to add more charging stations near Mumbai East Hub.,Suggestion received to add more charging stations near Mumbai East Hub.,Other,Medium
2959,Report: EV-113 is making unusual noise from the motor.,EV-113 is making unusual noise from the motor.,Vehicle,Critical
2960,Issue: Miscellaneous request that does not fit an existing category.,Miscellaneous request that does not fit an existing category.,Other,Low
2961,Alert: EV-125 battery percentage is not increasing despite being connected at station 6.,EV-125 battery percentage is not increasing despite being connected at station 6.,Charging,Medium
2962,EV-101 maintenance was delayed due to parts unavailability.,EV-101 maintenance was delayed due to parts unavailability.,Maintenance,Medium
2963,Issue: Telematics unit on EV-102 stopped sending data.,Telematics unit on EV-102 stopped sending data.,Technical,High
2964,Alert: Customer reported a long detour during the ride.,Customer reported a long detour during the ride.,Ride,High
2965,Report: Charging stops after a few minutes for EV-105 at station 5.,Charging stops after a few minutes for EV-105 at station 5.,Charging,High
2966,Report: Telematics unit on EV-123 stopped sending data.,Telematics unit on EV-123 stopped sending data.,Technical,High
2967,Security gate at Pune Central Hub is malfunctioning.,Security gate at Pune Central Hub is malfunctioning.,Hub Operations,Critical
2968,Report: Pune Central Hub is operating near full capacity with no available parking.,Pune Central Hub is operating near full capacity with no available parking.,Hub Operations,High
2969,Issue: Driver was unreachable during the scheduled pickup window.,Driver was unreachable during the scheduled pickup window.,Driver,Critical
2970,Issue: Miscellaneous request that does not fit an existing category.,Miscellaneous request that does not fit an existing category.,Other,Low
2971,Alert: Backend sync issue causing duplicate ride records at Bangalore South Hub.,Backend sync issue causing duplicate ride records at Bangalore South Hub.,Technical,Medium
2972,Issue: Driver has not arrived for the assigned shift at Bangalore South Hub.,Driver has not arrived for the assigned shift at Bangalore South Hub.,Driver,High
2973,Issue: EV-123 AC is not working properly.,EV-123 AC is not working properly.,Vehicle,Critical
2974,Alert: Driver was unreachable during the scheduled pickup window.,Driver was unreachable during the scheduled pickup window.,Driver,High
2975,Report: Mobile app crashes when trying to book a ride from Pune Central Hub.,Mobile app crashes when trying to book a ride from Pune Central Hub.,Technical,Medium
2976,Alert: EV-125 dashboard display is flickering intermittently.,EV-125 dashboard display is flickering intermittently.,Vehicle,Critical
2977,Charging cable at station 7 appears damaged and vehicle is not accepting charge.,Charging cable at station 7 appears damaged and vehicle is not accepting charge.,Charging,Medium
2978,Battery health indicator for EV-120 has degraded significantly this month.,Battery health indicator for EV-120 has degraded significantly this month.,Battery,Medium
2979,"Alert: EV-125 shuts down unexpectedly, suspected battery fault.","EV-125 shuts down unexpectedly, suspected battery fault.",Battery,Critical
2980,Suggestion received to add more charging stations near Mumbai East Hub.,Suggestion received to add more charging stations near Mumbai East Hub.,Other,Low
2981,Issue: Suggestion received to add more charging stations near Mumbai East Hub.,Suggestion received to add more charging stations near Mumbai East Hub.,Other,High
2982,Report: Bangalore South Hub reported a power outage affecting charging operations.,Bangalore South Hub reported a power outage affecting charging operations.,Hub Operations,Medium
2983,Issue: Driver flagged a scheduling conflict for the upcoming shift at Delhi North Hub.,Driver flagged a scheduling conflict for the upcoming shift at Delhi North Hub.,Driver,Medium
2984,Issue: EV-104 broke down during operation near Pune Central Hub.,EV-104 broke down during operation near Pune Central Hub.,Vehicle,Low
2985,Payment gateway timeout occurred during checkout.,Payment gateway timeout occurred during checkout.,Payment,Medium
2986,Delhi North Hub is operating near full capacity with no available parking.,Delhi North Hub is operating near full capacity with no available parking.,Hub Operations,Low
2987,Alert: Ride was cancelled midway without explanation for EV-125.,Ride was cancelled midway without explanation for EV-125.,Ride,Medium
2988,Report: Customer complained about driver behavior during the ride.,Customer complained about driver behavior during the ride.,Customer,Medium
2989,Report: EV-128 AC is not working properly.,EV-128 AC is not working properly.,Vehicle,Medium
2990,Alert: Driver requested additional training on the new vehicle model.,Driver requested additional training on the new vehicle model.,Driver,Critical
2991,Alert: EV-103 AC is not working properly.,EV-103 AC is not working properly.,Vehicle,High
2992,Issue: Query raised about the loyalty rewards program.,Query raised about the loyalty rewards program.,Other,Low
2993,Issue: Duplicate payment charged for a single ride.,Duplicate payment charged for a single ride.,Payment,High
2994,Customer waited significantly longer than the estimated arrival time.,Customer waited significantly longer than the estimated arrival time.,Ride,Critical
2995,Alert: Charging stops after a few minutes for EV-100 at station 6.,Charging stops after a few minutes for EV-100 at station 6.,Charging,Medium
2996,"EV-124 shuts down unexpectedly, suspected battery fault.","EV-124 shuts down unexpectedly, suspected battery fault.",Battery,Medium
2997,Report: Telematics unit on EV-119 stopped sending data.,Telematics unit on EV-119 stopped sending data.,Technical,High
2998,Report: EV-123 tyre pressure warning light is on.,EV-123 tyre pressure warning light is on.,Vehicle,Critical
2999,Alert: Backend sync issue causing duplicate ride records at Mumbai East Hub.,Backend sync issue causing duplicate ride records at Mumbai East Hub.,Technical,High
3000,Alert: Security gate at Pune Central Hub is malfunctioning.,Security gate at Pune Central Hub is malfunctioning.,Hub Operations,Low
3001,Report: Customer payment was successful but booking was not confirmed.,Customer payment was successful but booking was not confirmed.,Payment,Medium
3002,EV-109 tyre pressure warning light is on.,EV-109 tyre pressure warning light is on.,Vehicle,High
3003,Driver has not arrived for the assigned shift at Bangalore South Hub.,Driver has not arrived for the assigned shift at Bangalore South Hub.,Driver,Medium
3004,Report: Driver flagged a scheduling conflict for the upcoming shift at Mumbai East Hub.,Driver flagged a scheduling conflict for the upcoming shift at Mumbai East Hub.,Driver,Medium
3005,Issue: Pune Central Hub reported a power outage affecting charging operations.,Pune Central Hub reported a power outage affecting charging operations.,Hub Operations,High
3006,Report: Customer requested a refund for a cancelled ride.,Customer requested a refund for a cancelled ride.,Customer,Critical
3007,Report: EV-120 battery temperature is unusually high during operation.,EV-120 battery temperature is unusually high during operation.,Battery,High
3008,Issue: EV-126 broke down during operation near Mumbai East Hub.,EV-126 broke down during operation near Mumbai East Hub.,Vehicle,Medium
3009,Report: EV-111 broke down during operation near Pune Central Hub.,EV-111 broke down during operation near Pune Central Hub.,Vehicle,Medium
3010,Issue: EV-113 maintenance was delayed due to parts unavailability.,EV-113 maintenance was delayed due to parts unavailability.,Maintenance,High
3011,"Issue: EV-103 shuts down unexpectedly, suspected battery fault.","EV-103 shuts down unexpectedly, suspected battery fault.",Battery,Medium
3012,EV-109 requires software update for the onboard diagnostics system.,EV-109 requires software update for the onboard diagnostics system.,Maintenance,Critical
3013,EV-129 tyre pressure warning light is on.,EV-129 tyre pressure warning light is on.,Vehicle,Medium
3014,Alert: Driver was unreachable during the scheduled pickup window.,Driver was unreachable during the scheduled pickup window.,Driver,Medium
3015,Report: EV-124 requires software update for the onboard diagnostics system.,EV-124 requires software update for the onboard diagnostics system.,Maintenance,Medium
3016,Report: Customer reported a long detour during the ride.,Customer reported a long detour during the ride.,Ride,Low
3017,Issue: EV-105 battery temperature is unusually high during operation.,EV-105 battery temperature is unusually high during operation.,Battery,Medium
3018,Issue: Customer reported a long detour during the ride.,Customer reported a long detour during the ride.,Ride,Low
3019,Ride fare shown at the end did not match the estimate.,Ride fare shown at the end did not match the estimate.,Ride,Medium
3020,Report: EV-118 brakes feel soft and need inspection.,EV-118 brakes feel soft and need inspection.,Vehicle,Medium
3021,"EV-100 shuts down unexpectedly, suspected battery fault.","EV-100 shuts down unexpectedly, suspected battery fault.",Battery,Medium
3022,Alert: EV-123 is due for scheduled maintenance and has not been serviced.,EV-123 is due for scheduled maintenance and has not been serviced.,Maintenance,Critical
3023,Report: Driver reported feeling unwell and requested a shift change.,Driver reported feeling unwell and requested a shift change.,Driver,Medium
3024,Alert: Battery percentage dropped unusually fast during the last trip for EV-110.,Battery percentage dropped unusually fast during the last trip for EV-110.,Battery,Medium
3025,Report: Driver requested additional training on the new vehicle model.,Driver requested additional training on the new vehicle model.,Driver,Low
3026,EV-105 maintenance was delayed due to parts unavailability.,EV-105 maintenance was delayed due to parts unavailability.,Maintenance,High
3027,Report: EV-124 brakes feel soft and need inspection.,EV-124 brakes feel soft and need inspection.,Vehicle,Medium
3028,Duplicate payment charged for a single ride.,Duplicate payment charged for a single ride.,Payment,High
3029,EV-116 is due for scheduled maintenance and has not been serviced.,EV-116 is due for scheduled maintenance and has not been serviced.,Maintenance,Low
3030,Alert: EV-114 brakes feel soft and need inspection.,EV-114 brakes feel soft and need inspection.,Vehicle,High
3031,Report: Battery percentage dropped unusually fast during the last trip for EV-102.,Battery percentage dropped unusually fast during the last trip for EV-102.,Battery,Medium
3032,Report: Driver reported feeling unwell and requested a shift change.,Driver reported feeling unwell and requested a shift change.,Driver,Medium
3033,Issue: Customer complained about driver behavior during the ride.,Customer complained about driver behavior during the ride.,Customer,High
3034,Routine inspection revealed a coolant leak in EV-115.,Routine inspection revealed a coolant leak in EV-115.,Maintenance,Medium
3035,Issue: Query raised about the loyalty rewards program.,Query raised about the loyalty rewards program.,Other,Low
3036,Query raised about the loyalty rewards program.,Query raised about the loyalty rewards program.,Other,Medium
3037,EV-114 is due for scheduled maintenance and has not been serviced.,EV-114 is due for scheduled maintenance and has not been serviced.,Maintenance,Low
3038,Bangalore South Hub requires additional staff during the evening peak hours.,Bangalore South Hub requires additional staff during the evening peak hours.,Hub Operations,High
3039,EV-121 dashboard display is flickering intermittently.,EV-121 dashboard display is flickering intermittently.,Vehicle,Medium
3040,Alert: Customer reported the vehicle was not clean on pickup.,Customer reported the vehicle was not clean on pickup.,Customer,Medium
3041,Report: Delhi North Hub is operating near full capacity with no available parking.,Delhi North Hub is operating near full capacity with no available parking.,Hub Operations,High
3042,Issue: Customer requested a refund for a cancelled ride.,Customer requested a refund for a cancelled ride.,Customer,Medium
3043,Telematics unit on EV-128 stopped sending data.,Telematics unit on EV-128 stopped sending data.,Technical,High
3044,EV-113 tyre pressure warning light is on.,EV-113 tyre pressure warning light is on.,Vehicle,Critical
3045,Pune Central Hub requires additional staff during the evening peak hours.,Pune Central Hub requires additional staff during the evening peak hours.,Hub Operations,Medium
3046,Issue: Ride fare shown at the end did not match the estimate.,Ride fare shown at the end did not match the estimate.,Ride,Medium
3047,Report: Duplicate payment charged for a single ride.,Duplicate payment charged for a single ride.,Payment,Medium
3048,Issue: Ride fare shown at the end did not match the estimate.,Ride fare shown at the end did not match the estimate.,Ride,Medium
3049,Issue: EV-124 requires software update for the onboard diagnostics system.,EV-124 requires software update for the onboard diagnostics system.,Maintenance,High
3050,Report: Security gate at Pune Central Hub is malfunctioning.,Security gate at Pune Central Hub is malfunctioning.,Hub Operations,High
3051,Issue: Battery percentage dropped unusually fast during the last trip for EV-105.,Battery percentage dropped unusually fast during the last trip for EV-105.,Battery,Low
3052,Report: Routine inspection revealed a coolant leak in EV-109.,Routine inspection revealed a coolant leak in EV-109.,Maintenance,Medium
3053,Report: Customer waited significantly longer than the estimated arrival time.,Customer waited significantly longer than the estimated arrival time.,Ride,Medium
3054,Alert: EV-128 battery percentage is not increasing despite being connected at station 4.,EV-128 battery percentage is not increasing despite being connected at station 4.,Charging,High
3055,Issue: Suggestion received to add more charging stations near Bangalore South Hub.,Suggestion received to add more charging stations near Bangalore South Hub.,Other,Low
3056,Refund for a cancelled ride has not been processed.,Refund for a cancelled ride has not been processed.,Payment,High
3057,Alert: Customer was charged but booking was not confirmed.,Customer was charged but booking was not confirmed.,Customer,Critical
3058,Alert: Routine inspection revealed a coolant leak in EV-103.,Routine inspection revealed a coolant leak in EV-103.,Maintenance,Critical
3059,Alert: EV-103 requires software update for the onboard diagnostics system.,EV-103 requires software update for the onboard diagnostics system.,Maintenance,Medium
3060,Issue: Routine inspection revealed a coolant leak in EV-118.,Routine inspection revealed a coolant leak in EV-118.,Maintenance,Low
3061,Issue: General feedback submitted about the overall service experience.,General feedback submitted about the overall service experience.,Other,Medium
3062,Issue: EV-120 is not charging at station 4.,EV-120 is not charging at station 4.,Charging,High
3063,Alert: Charging stops after a few minutes for EV-108 at station 5.,Charging stops after a few minutes for EV-108 at station 5.,Charging,Low
3064,Alert: EV-119 tyre pressure warning light is on.,EV-119 tyre pressure warning light is on.,Vehicle,High
3065,Issue: EV-128 maintenance was delayed due to parts unavailability.,EV-128 maintenance was delayed due to parts unavailability.,Maintenance,High
3066,Alert: Maintenance team flagged worn brake pads on EV-125.,Maintenance team flagged worn brake pads on EV-125.,Maintenance,High
3067,Mumbai East Hub requires additional staff during the evening peak hours.,Mumbai East Hub requires additional staff during the evening peak hours.,Hub Operations,High
3068,Alert: EV-127 AC is not working properly.,EV-127 AC is not working properly.,Vehicle,Medium
3069,Alert: Driver reported feeling unwell and requested a shift change.,Driver reported feeling unwell and requested a shift change.,Driver,Medium
3070,Alert: Telematics unit on EV-115 stopped sending data.,Telematics unit on EV-115 stopped sending data.,Technical,Medium
3071,Report: Customer support ticket unresolved for more than 3 days.,Customer support ticket unresolved for more than 3 days.,Customer,High
3072,Report: Duplicate payment charged for a single ride.,Duplicate payment charged for a single ride.,Payment,Low
3073,Issue: Ride pickup location did not match the app location.,Ride pickup location did not match the app location.,Ride,High
3074,Issue: Charging session for EV-107 keeps disconnecting randomly.,Charging session for EV-107 keeps disconnecting randomly.,Charging,Medium
3075,Battery health indicator for EV-107 has degraded significantly this month.,Battery health indicator for EV-107 has degraded significantly this month.,Battery,High
3076,Alert: Customer waited significantly longer than the estimated arrival time.,Customer waited significantly longer than the estimated arrival time.,Ride,Medium
3077,Alert: Refund for a cancelled ride has not been processed.,Refund for a cancelled ride has not been processed.,Payment,High
3078,Alert: EV-127 dashboard display is flickering intermittently.,EV-127 dashboard display is flickering intermittently.,Vehicle,High
3079,Alert: Telematics unit on EV-119 stopped sending data.,Telematics unit on EV-119 stopped sending data.,Technical,Critical
3080,Issue: EV-127 battery percentage is not increasing despite being connected at station 1.,EV-127 battery percentage is not increasing despite being connected at station 1.,Charging,High
3081,Alert: Ride fare shown at the end did not match the estimate.,Ride fare shown at the end did not match the estimate.,Ride,Medium
3082,Alert: Suggestion received to add more charging stations near Bangalore South Hub.,Suggestion received to add more charging stations near Bangalore South Hub.,Other,Medium
3083,Battery health indicator for EV-103 has degraded significantly this month.,Battery health indicator for EV-103 has degraded significantly this month.,Battery,Medium
3084,Driver was unreachable during the scheduled pickup window.,Driver was unreachable during the scheduled pickup window.,Driver,High
3085,Report: Driver payout for last week's shifts is showing as pending.,Driver payout for last week's shifts is showing as pending.,Payment,High
3086,Report: EV-127 is due for scheduled maintenance and has not been serviced.,EV-127 is due for scheduled maintenance and has not been serviced.,Maintenance,High
3087,Issue: EV-116 is due for scheduled maintenance and has not been serviced.,EV-116 is due for scheduled maintenance and has not been serviced.,Maintenance,Medium
3088,Customer complained about driver behavior during the ride.,Customer complained about driver behavior during the ride.,Customer,Critical
3089,EV-121 is making unusual noise from the motor.,EV-121 is making unusual noise from the motor.,Vehicle,Critical
3090,Ride fare shown at the end did not match the estimate.,Ride fare shown at the end did not match the estimate.,Ride,Medium
3091,Customer payment was successful but booking was not confirmed.,Customer payment was successful but booking was not confirmed.,Payment,Medium
3092,Driver was unreachable during the scheduled pickup window.,Driver was unreachable during the scheduled pickup window.,Driver,Critical
3093,Issue: Backend sync issue causing duplicate ride records at Delhi North Hub.,Backend sync issue causing duplicate ride records at Delhi North Hub.,Technical,Medium
3094,Alert: Customer reported a long detour during the ride.,Customer reported a long detour during the ride.,Ride,Medium
3095,Issue: Routine inspection revealed a coolant leak in EV-108.,Routine inspection revealed a coolant leak in EV-108.,Maintenance,Medium
3096,Issue: EV-101 is not charging at station 6.,EV-101 is not charging at station 6.,Charging,High
3097,Issue: Duplicate payment charged for a single ride.,Duplicate payment charged for a single ride.,Payment,Critical
3098,Alert: Driver payout for last week's shifts is showing as pending.,Driver payout for last week's shifts is showing as pending.,Payment,High
3099,EV-123 requires software update for the onboard diagnostics system.,EV-123 requires software update for the onboard diagnostics system.,Maintenance,Medium
3100,Alert: EV-129 tyre pressure warning light is on.,EV-129 tyre pressure warning light is on.,Vehicle,High
3101,Issue: Duplicate payment charged for a single ride.,Duplicate payment charged for a single ride.,Payment,High
3102,Report: Push notifications for ride status are not being delivered.,Push notifications for ride status are not being delivered.,Technical,High
3103,Alert: Miscellaneous request that does not fit an existing category.,Miscellaneous request that does not fit an existing category.,Other,Critical
3104,Alert: Bangalore South Hub requires additional staff during the evening peak hours.,Bangalore South Hub requires additional staff during the evening peak hours.,Hub Operations,Low
3105,Issue: Driver flagged a scheduling conflict for the upcoming shift at Delhi North Hub.,Driver flagged a scheduling conflict for the upcoming shift at Delhi North Hub.,Driver,Low
3106,Alert: EV-123 battery temperature is unusually high during operation.,EV-123 battery temperature is unusually high during operation.,Battery,High
3107,EV-103 maintenance was delayed due to parts unavailability.,EV-103 maintenance was delayed due to parts unavailability.,Maintenance,Medium
3108,Issue: Customer payment was successful but booking was not confirmed.,Customer payment was successful but booking was not confirmed.,Payment,Low
3109,Issue: Pune Central Hub requires additional staff during the evening peak hours.,Pune Central Hub requires additional staff during the evening peak hours.,Hub Operations,High
3110,Report: Customer requested a refund for a cancelled ride.,Customer requested a refund for a cancelled ride.,Customer,Medium
3111,Customer was charged but booking was not confirmed.,Customer was charged but booking was not confirmed.,Customer,Medium
3112,Issue: Charging session for EV-110 keeps disconnecting randomly.,Charging session for EV-110 keeps disconnecting randomly.,Charging,Medium
3113,Report: Battery percentage dropped unusually fast during the last trip for EV-118.,Battery percentage dropped unusually fast during the last trip for EV-118.,Battery,Critical
3114,Report: Vehicle count mismatch found during the shift-change audit at Bangalore South Hub.,Vehicle count mismatch found during the shift-change audit at Bangalore South Hub.,Hub Operations,High
3115,Issue: EV-118 is due for scheduled maintenance and has not been serviced.,EV-118 is due for scheduled maintenance and has not been serviced.,Maintenance,Medium
3116,Report: Customer payment was successful but booking was not confirmed.,Customer payment was successful but booking was not confirmed.,Payment,Critical
3117,Alert: Customer reported a long detour during the ride.,Customer reported a long detour during the ride.,Ride,Medium
3118,Payment gateway timeout occurred during checkout.,Payment gateway timeout occurred during checkout.,Payment,High
3119,Report: EV-122 battery temperature is unusually high during operation.,EV-122 battery temperature is unusually high during operation.,Battery,Medium
3120,Alert: Customer complained about driver behavior during the ride.,Customer complained about driver behavior during the ride.,Customer,Medium
3121,Issue: EV-111 is due for scheduled maintenance and has not been serviced.,EV-111 is due for scheduled maintenance and has not been serviced.,Maintenance,Medium
3122,Query raised about the loyalty rewards program.,Query raised about the loyalty rewards program.,Other,Medium
3123,Alert: Security gate at Pune Central Hub is malfunctioning.,Security gate at Pune Central Hub is malfunctioning.,Hub Operations,Critical
3124,Report: Driver flagged a scheduling conflict for the upcoming shift at Mumbai East Hub.,Driver flagged a scheduling conflict for the upcoming shift at Mumbai East Hub.,Driver,Low
3125,Backend sync issue causing duplicate ride records at Pune Central Hub.,Backend sync issue causing duplicate ride records at Pune Central Hub.,Technical,Low
3126,Alert: Miscellaneous request that does not fit an existing category.,Miscellaneous request that does not fit an existing category.,Other,Low
3127,EV-102 tyre pressure warning light is on.,EV-102 tyre pressure warning light is on.,Vehicle,High
3128,Alert: Battery percentage dropped unusually fast during the last trip for EV-128.,Battery percentage dropped unusually fast during the last trip for EV-128.,Battery,Low
3129,Issue: Suggestion received to add more charging stations near Delhi North Hub.,Suggestion received to add more charging stations near Delhi North Hub.,Other,Low
3130,Report: Customer was charged but booking was not confirmed.,Customer was charged but booking was not confirmed.,Customer,High
3131,Report: EV-104 shows charging error code and will not start charging.,EV-104 shows charging error code and will not start charging.,Charging,High
3132,Report: Customer payment was successful but booking was not confirmed.,Customer payment was successful but booking was not confirmed.,Payment,Medium
3133,Issue: Pune Central Hub reported a power outage affecting charging operations.,Pune Central Hub reported a power outage affecting charging operations.,Hub Operations,Medium
3134,Report: Routine inspection revealed a coolant leak in EV-112.,Routine inspection revealed a coolant leak in EV-112.,Maintenance,Medium
3135,Alert: Driver payout for last week's shifts is showing as pending.,Driver payout for last week's shifts is showing as pending.,Payment,Medium
3136,Customer was charged but booking was not confirmed.,Customer was charged but booking was not confirmed.,Customer,Medium
3137,Issue: EV-103 brakes feel soft and need inspection.,EV-103 brakes feel soft and need inspection.,Vehicle,Medium
3138,Alert: Miscellaneous request that does not fit an existing category.,Miscellaneous request that does not fit an existing category.,Other,Low
3139,Report: Charging stops after a few minutes for EV-109 at station 4.,Charging stops after a few minutes for EV-109 at station 4.,Charging,High
3140,Report: Payment gateway timeout occurred during checkout.,Payment gateway timeout occurred during checkout.,Payment,Medium
3141,Alert: EV-124 requires software update for the onboard diagnostics system.,EV-124 requires software update for the onboard diagnostics system.,Maintenance,Critical
3142,Issue: EV-122 battery temperature is unusually high during operation.,EV-122 battery temperature is unusually high during operation.,Battery,Medium
3143,Report: Customer complained about driver behavior during the ride.,Customer complained about driver behavior during the ride.,Customer,High
3144,Alert: Maintenance team flagged worn brake pads on EV-111.,Maintenance team flagged worn brake pads on EV-111.,Maintenance,Low
3145,Alert: EV-127 battery temperature is unusually high during operation.,EV-127 battery temperature is unusually high during operation.,Battery,Medium
3146,Issue: Backend sync issue causing duplicate ride records at Bangalore South Hub.,Backend sync issue causing duplicate ride records at Bangalore South Hub.,Technical,Medium
3147,Report: EV-122 is not charging at station 8.,EV-122 is not charging at station 8.,Charging,Critical
3148,EV-111 is making unusual noise from the motor.,EV-111 is making unusual noise from the motor.,Vehicle,Critical
3149,Mumbai East Hub reported a power outage affecting charging operations.,Mumbai East Hub reported a power outage affecting charging operations.,Hub Operations,Medium
3150,Alert: EV-123 battery percentage is not increasing despite being connected at station 8.,EV-123 battery percentage is not increasing despite being connected at station 8.,Charging,Medium
3151,Vehicle count mismatch found during the shift-change audit at Mumbai East Hub.,Vehicle count mismatch found during the shift-change audit at Mumbai East Hub.,Hub Operations,High
3152,Report: Customer reported a long detour during the ride.,Customer reported a long detour during the ride.,Ride,High
3153,Alert: EV-103 brakes feel soft and need inspection.,EV-103 brakes feel soft and need inspection.,Vehicle,Critical
3154,EV-113 maintenance was delayed due to parts unavailability.,EV-113 maintenance was delayed due to parts unavailability.,Maintenance,High
3155,Report: Charging stops after a few minutes for EV-117 at station 7.,Charging stops after a few minutes for EV-117 at station 7.,Charging,Medium
3156,Report: Charging stops after a few minutes for EV-124 at station 1.,Charging stops after a few minutes for EV-124 at station 1.,Charging,Medium
3157,Report: Routine inspection revealed a coolant leak in EV-123.,Routine inspection revealed a coolant leak in EV-123.,Maintenance,Medium
3158,EV-118 maintenance was delayed due to parts unavailability.,EV-118 maintenance was delayed due to parts unavailability.,Maintenance,High
3159,Report: Pune Central Hub reported a power outage affecting charging operations.,Pune Central Hub reported a power outage affecting charging operations.,Hub Operations,Medium
3160,Customer support ticket unresolved for more than 3 days.,Customer support ticket unresolved for more than 3 days.,Customer,High
3161,Issue: EV-124 battery temperature is unusually high during operation.,EV-124 battery temperature is unusually high during operation.,Battery,Critical
3162,EV-117 battery temperature is unusually high during operation.,EV-117 battery temperature is unusually high during operation.,Battery,Medium
3163,Alert: Battery health indicator for EV-115 has degraded significantly this month.,Battery health indicator for EV-115 has degraded significantly this month.,Battery,Critical
3164,Issue: Customer requested a refund for a cancelled ride.,Customer requested a refund for a cancelled ride.,Customer,Low
3165,Security gate at Delhi North Hub is malfunctioning.,Security gate at Delhi North Hub is malfunctioning.,Hub Operations,Low
3166,Report: Ride pickup location did not match the app location.,Ride pickup location did not match the app location.,Ride,Low
3167,Issue: Driver was unreachable during the scheduled pickup window.,Driver was unreachable during the scheduled pickup window.,Driver,High
3168,Alert: Miscellaneous request that does not fit an existing category.,Miscellaneous request that does not fit an existing category.,Other,High
3169,EV-123 battery temperature is unusually high during operation.,EV-123 battery temperature is unusually high during operation.,Battery,High
3170,GPS tracking for EV-112 is showing an incorrect location.,GPS tracking for EV-112 is showing an incorrect location.,Technical,Medium
3171,Query raised about the loyalty rewards program.,Query raised about the loyalty rewards program.,Other,Low
3172,Issue: EV-120 is due for scheduled maintenance and has not been serviced.,EV-120 is due for scheduled maintenance and has not been serviced.,Maintenance,Medium
3173,Alert: Suggestion received to add more charging stations near Bangalore South Hub.,Suggestion received to add more charging stations near Bangalore South Hub.,Other,Medium
3174,Issue: Battery health indicator for EV-101 has degraded significantly this month.,Battery health indicator for EV-101 has degraded significantly this month.,Battery,Critical
3175,Customer support ticket unresolved for more than 3 days.,Customer support ticket unresolved for more than 3 days.,Customer,Low
3176,Customer waited significantly longer than the estimated arrival time.,Customer waited significantly longer than the estimated arrival time.,Ride,Medium
3177,Issue: Payment gateway timeout occurred during checkout.,Payment gateway timeout occurred during checkout.,Payment,High
3178,Issue: EV-116 battery percentage is not increasing despite being connected at station 5.,EV-116 battery percentage is not increasing despite being connected at station 5.,Charging,High
3179,Duplicate payment charged for a single ride.,Duplicate payment charged for a single ride.,Payment,Medium
3180,Issue: Customer waited significantly longer than the estimated arrival time.,Customer waited significantly longer than the estimated arrival time.,Ride,Medium
3181,Report: Charging cable at station 4 appears damaged and vehicle is not accepting charge.,Charging cable at station 4 appears damaged and vehicle is not accepting charge.,Charging,Medium
3182,Alert: Driver was unreachable during the scheduled pickup window.,Driver was unreachable during the scheduled pickup window.,Driver,Medium
3183,Mobile app crashes when trying to book a ride from Pune Central Hub.,Mobile app crashes when trying to book a ride from Pune Central Hub.,Technical,High
3184,Issue: Customer requested a refund for a cancelled ride.,Customer requested a refund for a cancelled ride.,Customer,Medium
3185,Report: EV-105 broke down during operation near Delhi North Hub.,EV-105 broke down during operation near Delhi North Hub.,Vehicle,Medium
3186,Report: EV-128 shows charging error code and will not start charging.,EV-128 shows charging error code and will not start charging.,Charging,Medium
3187,Alert: EV-100 is not charging at station 1.,EV-100 is not charging at station 1.,Charging,High
3188,Issue: Routine inspection revealed a coolant leak in EV-107.,Routine inspection revealed a coolant leak in EV-107.,Maintenance,Critical
3189,Issue: EV-103 shows sudden battery drain even when parked.,EV-103 shows sudden battery drain even when parked.,Battery,Critical
3190,EV-124 maintenance was delayed due to parts unavailability.,EV-124 maintenance was delayed due to parts unavailability.,Maintenance,Critical
3191,Alert: Driver flagged a scheduling conflict for the upcoming shift at Pune Central Hub.,Driver flagged a scheduling conflict for the upcoming shift at Pune Central Hub.,Driver,High
3192,Alert: Customer waited significantly longer than the estimated arrival time.,Customer waited significantly longer than the estimated arrival time.,Ride,Medium
3193,Alert: Maintenance team flagged worn brake pads on EV-101.,Maintenance team flagged worn brake pads on EV-101.,Maintenance,Low
3194,Report: Suggestion received to add more charging stations near Pune Central Hub.,Suggestion received to add more charging stations near Pune Central Hub.,Other,Low
3195,Alert: Mobile app crashes when trying to book a ride from Pune Central Hub.,Mobile app crashes when trying to book a ride from Pune Central Hub.,Technical,High
3196,Issue: Ride pickup location did not match the app location.,Ride pickup location did not match the app location.,Ride,High
3197,Alert: Driver was unreachable during the scheduled pickup window.,Driver was unreachable during the scheduled pickup window.,Driver,High
3198,Driver was unreachable during the scheduled pickup window.,Driver was unreachable during the scheduled pickup window.,Driver,Medium
3199,Alert: Bangalore South Hub requires additional staff during the evening peak hours.,Bangalore South Hub requires additional staff during the evening peak hours.,Hub Operations,Medium
3200,Report: Routine inspection revealed a coolant leak in EV-114.,Routine inspection revealed a coolant leak in EV-114.,Maintenance,Critical
3201,Report: Ride was cancelled midway without explanation for EV-125.,Ride was cancelled midway without explanation for EV-125.,Ride,Medium
3202,Report: EV-107 dashboard display is flickering intermittently.,EV-107 dashboard display is flickering intermittently.,Vehicle,Low
3203,Alert: Maintenance team flagged worn brake pads on EV-101.,Maintenance team flagged worn brake pads on EV-101.,Maintenance,High
3204,Report: EV-107 brakes feel soft and need inspection.,EV-107 brakes feel soft and need inspection.,Vehicle,High
3205,Report: Driver was unreachable during the scheduled pickup window.,Driver was unreachable during the scheduled pickup window.,Driver,High
3206,Issue: Bangalore South Hub is operating near full capacity with no available parking.,Bangalore South Hub is operating near full capacity with no available parking.,Hub Operations,Critical
3207,Issue: Miscellaneous request that does not fit an existing category.,Miscellaneous request that does not fit an existing category.,Other,Medium
3208,Report: Ride fare shown at the end did not match the estimate.,Ride fare shown at the end did not match the estimate.,Ride,Medium
3209,Issue: Driver has not arrived for the assigned shift at Delhi North Hub.,Driver has not arrived for the assigned shift at Delhi North Hub.,Driver,Critical
3210,Issue: EV-107 tyre pressure warning light is on.,EV-107 tyre pressure warning light is on.,Vehicle,Critical
3211,Issue: EV-128 AC is not working properly.,EV-128 AC is not working properly.,Vehicle,Critical
3212,EV-120 broke down during operation near Bangalore South Hub.,EV-120 broke down during operation near Bangalore South Hub.,Vehicle,Critical
3213,Issue: EV-107 requires software update for the onboard diagnostics system.,EV-107 requires software update for the onboard diagnostics system.,Maintenance,High
3214,Report: Customer reported a long detour during the ride.,Customer reported a long detour during the ride.,Ride,Medium
3215,Alert: Query raised about the loyalty rewards program.,Query raised about the loyalty rewards program.,Other,Low
3216,Alert: Driver has not arrived for the assigned shift at Mumbai East Hub.,Driver has not arrived for the assigned shift at Mumbai East Hub.,Driver,Low
3217,GPS tracking for EV-108 is showing an incorrect location.,GPS tracking for EV-108 is showing an incorrect location.,Technical,Medium
3218,Issue: Battery health indicator for EV-113 has degraded significantly this month.,Battery health indicator for EV-113 has degraded significantly this month.,Battery,Low
3219,Issue: Suggestion received to add more charging stations near Mumbai East Hub.,Suggestion received to add more charging stations near Mumbai East Hub.,Other,Medium
3220,Payment gateway timeout occurred during checkout.,Payment gateway timeout occurred during checkout.,Payment,Low
3221,EV-108 AC is not working properly.,EV-108 AC is not working properly.,Vehicle,Medium
3222,Issue: Payment gateway timeout occurred during checkout.,Payment gateway timeout occurred during checkout.,Payment,Medium
3223,Issue: Suggestion received to add more charging stations near Mumbai East Hub.,Suggestion received to add more charging stations near Mumbai East Hub.,Other,Medium
3224,Report: EV-125 is due for scheduled maintenance and has not been serviced.,EV-125 is due for scheduled maintenance and has not been serviced.,Maintenance,Low
3225,Alert: EV-110 AC is not working properly.,EV-110 AC is not working properly.,Vehicle,High
3226,Alert: Routine inspection revealed a coolant leak in EV-117.,Routine inspection revealed a coolant leak in EV-117.,Maintenance,High
3227,Alert: Miscellaneous request that does not fit an existing category.,Miscellaneous request that does not fit an existing category.,Other,High
3228,Issue: Security gate at Bangalore South Hub is malfunctioning.,Security gate at Bangalore South Hub is malfunctioning.,Hub Operations,Low
3229,Issue: Battery percentage dropped unusually fast during the last trip for EV-121.,Battery percentage dropped unusually fast during the last trip for EV-121.,Battery,High
3230,Duplicate payment charged for a single ride.,Duplicate payment charged for a single ride.,Payment,Low
3231,Report: Driver was unreachable during the scheduled pickup window.,Driver was unreachable during the scheduled pickup window.,Driver,Medium
3232,"EV-116 shuts down unexpectedly, suspected battery fault.","EV-116 shuts down unexpectedly, suspected battery fault.",Battery,High
3233,Issue: EV-127 requires software update for the onboard diagnostics system.,EV-127 requires software update for the onboard diagnostics system.,Maintenance,Medium
3234,Alert: Charging stops after a few minutes for EV-102 at station 3.,Charging stops after a few minutes for EV-102 at station 3.,Charging,High
3235,Issue: EV-107 battery temperature is unusually high during operation.,EV-107 battery temperature is unusually high during operation.,Battery,Medium
3236,Report: Customer waited significantly longer than the estimated arrival time.,Customer waited significantly longer than the estimated arrival time.,Ride,Low
3237,Report: GPS tracking for EV-103 is showing an incorrect location.,GPS tracking for EV-103 is showing an incorrect location.,Technical,Low
3238,Issue: EV-122 broke down during operation near Pune Central Hub.,EV-122 broke down during operation near Pune Central Hub.,Vehicle,High
3239,Report: Battery percentage dropped unusually fast during the last trip for EV-125.,Battery percentage dropped unusually fast during the last trip for EV-125.,Battery,Low
3240,Ride fare shown at the end did not match the estimate.,Ride fare shown at the end did not match the estimate.,Ride,High
3241,"Issue: EV-126 shuts down unexpectedly, suspected battery fault.","EV-126 shuts down unexpectedly, suspected battery fault.",Battery,Critical
3242,Issue: Miscellaneous request that does not fit an existing category.,Miscellaneous request that does not fit an existing category.,Other,Low
3243,Alert: Refund for a cancelled ride has not been processed.,Refund for a cancelled ride has not been processed.,Payment,Low
3244,Customer was charged but booking was not confirmed.,Customer was charged but booking was not confirmed.,Customer,High
3245,Report: Customer complained about driver behavior during the ride.,Customer complained about driver behavior during the ride.,Customer,Critical
3246,Driver payout for last week's shifts is showing as pending.,Driver payout for last week's shifts is showing as pending.,Payment,Medium
3247,Delhi North Hub is operating near full capacity with no available parking.,Delhi North Hub is operating near full capacity with no available parking.,Hub Operations,Critical
3248,Report: Battery health indicator for EV-100 has degraded significantly this month.,Battery health indicator for EV-100 has degraded significantly this month.,Battery,Low
3249,Issue: EV-121 AC is not working properly.,EV-121 AC is not working properly.,Vehicle,High
3250,Duplicate payment charged for a single ride.,Duplicate payment charged for a single ride.,Payment,Critical
3251,Issue: Customer payment was successful but booking was not confirmed.,Customer payment was successful but booking was not confirmed.,Payment,Medium
3252,Issue: Query raised about the loyalty rewards program.,Query raised about the loyalty rewards program.,Other,Low
3253,Report: Charging stops after a few minutes for EV-120 at station 5.,Charging stops after a few minutes for EV-120 at station 5.,Charging,High
3254,Issue: Driver flagged a scheduling conflict for the upcoming shift at Pune Central Hub.,Driver flagged a scheduling conflict for the upcoming shift at Pune Central Hub.,Driver,High
3255,Alert: EV-121 maintenance was delayed due to parts unavailability.,EV-121 maintenance was delayed due to parts unavailability.,Maintenance,Medium
3256,Alert: Routine inspection revealed a coolant leak in EV-100.,Routine inspection revealed a coolant leak in EV-100.,Maintenance,Medium
3257,Alert: Battery health indicator for EV-119 has degraded significantly this month.,Battery health indicator for EV-119 has degraded significantly this month.,Battery,Medium
3258,Alert: EV-110 broke down during operation near Pune Central Hub.,EV-110 broke down during operation near Pune Central Hub.,Vehicle,Medium
3259,Report: EV-102 brakes feel soft and need inspection.,EV-102 brakes feel soft and need inspection.,Vehicle,Low
3260,Report: Driver was unreachable during the scheduled pickup window.,Driver was unreachable during the scheduled pickup window.,Driver,High
3261,"Alert: EV-117 shuts down unexpectedly, suspected battery fault.","EV-117 shuts down unexpectedly, suspected battery fault.",Battery,High
3262,Issue: Customer payment was successful but booking was not confirmed.,Customer payment was successful but booking was not confirmed.,Payment,High
3263,Report: EV-125 maintenance was delayed due to parts unavailability.,EV-125 maintenance was delayed due to parts unavailability.,Maintenance,High
3264,Alert: Charging stops after a few minutes for EV-103 at station 6.,Charging stops after a few minutes for EV-103 at station 6.,Charging,High
3265,Report: Payment gateway timeout occurred during checkout.,Payment gateway timeout occurred during checkout.,Payment,Medium
3266,Issue: Driver requested additional training on the new vehicle model.,Driver requested additional training on the new vehicle model.,Driver,High
3267,Alert: Battery percentage dropped unusually fast during the last trip for EV-110.,Battery percentage dropped unusually fast during the last trip for EV-110.,Battery,Medium
3268,Backend sync issue causing duplicate ride records at Delhi North Hub.,Backend sync issue causing duplicate ride records at Delhi North Hub.,Technical,Medium
3269,Issue: EV-115 shows sudden battery drain even when parked.,EV-115 shows sudden battery drain even when parked.,Battery,High
3270,Alert: EV-124 tyre pressure warning light is on.,EV-124 tyre pressure warning light is on.,Vehicle,Low
3271,Alert: EV-107 battery temperature is unusually high during operation.,EV-107 battery temperature is unusually high during operation.,Battery,High
3272,Customer requested a refund for a cancelled ride.,Customer requested a refund for a cancelled ride.,Customer,Medium
3273,Alert: EV-123 AC is not working properly.,EV-123 AC is not working properly.,Vehicle,Critical
3274,EV-124 requires software update for the onboard diagnostics system.,EV-124 requires software update for the onboard diagnostics system.,Maintenance,Medium
3275,EV-111 broke down during operation near Delhi North Hub.,EV-111 broke down during operation near Delhi North Hub.,Vehicle,Critical
3276,Alert: Driver has not arrived for the assigned shift at Pune Central Hub.,Driver has not arrived for the assigned shift at Pune Central Hub.,Driver,High
3277,Issue: Miscellaneous request that does not fit an existing category.,Miscellaneous request that does not fit an existing category.,Other,Low
3278,Issue: Driver has not arrived for the assigned shift at Bangalore South Hub.,Driver has not arrived for the assigned shift at Bangalore South Hub.,Driver,Low
3279,Alert: EV-109 brakes feel soft and need inspection.,EV-109 brakes feel soft and need inspection.,Vehicle,High
3280,Alert: GPS tracking for EV-112 is showing an incorrect location.,GPS tracking for EV-112 is showing an incorrect location.,Technical,Medium
3281,Report: Ride fare shown at the end did not match the estimate.,Ride fare shown at the end did not match the estimate.,Ride,Low
3282,Driver payout for last week's shifts is showing as pending.,Driver payout for last week's shifts is showing as pending.,Payment,Medium
3283,Report: Customer reported a long detour during the ride.,Customer reported a long detour during the ride.,Ride,Medium
3284,Mobile app crashes when trying to book a ride from Bangalore South Hub.,Mobile app crashes when trying to book a ride from Bangalore South Hub.,Technical,High
3285,Report: Backend sync issue causing duplicate ride records at Bangalore South Hub.,Backend sync issue causing duplicate ride records at Bangalore South Hub.,Technical,Medium
3286,Issue: Payment gateway timeout occurred during checkout.,Payment gateway timeout occurred during checkout.,Payment,Medium
3287,Alert: Customer waited significantly longer than the estimated arrival time.,Customer waited significantly longer than the estimated arrival time.,Ride,High
3288,Report: Customer complained about driver behavior during the ride.,Customer complained about driver behavior during the ride.,Customer,Medium
3289,Alert: GPS tracking for EV-118 is showing an incorrect location.,GPS tracking for EV-118 is showing an incorrect location.,Technical,Low
3290,Alert: Vehicle count mismatch found during the shift-change audit at Pune Central Hub.,Vehicle count mismatch found during the shift-change audit at Pune Central Hub.,Hub Operations,High
3291,Alert: Routine inspection revealed a coolant leak in EV-101.,Routine inspection revealed a coolant leak in EV-101.,Maintenance,High
3292,Issue: Customer requested a refund for a cancelled ride.,Customer requested a refund for a cancelled ride.,Customer,Medium
3293,Driver requested additional training on the new vehicle model.,Driver requested additional training on the new vehicle model.,Driver,Medium
3294,Report: EV-123 brakes feel soft and need inspection.,EV-123 brakes feel soft and need inspection.,Vehicle,Critical
3295,Issue: EV-104 dashboard display is flickering intermittently.,EV-104 dashboard display is flickering intermittently.,Vehicle,Critical
3296,Telematics unit on EV-120 stopped sending data.,Telematics unit on EV-120 stopped sending data.,Technical,Medium
3297,Alert: Battery health indicator for EV-105 has degraded significantly this month.,Battery health indicator for EV-105 has degraded significantly this month.,Battery,Critical
3298,Report: EV-108 shows sudden battery drain even when parked.,EV-108 shows sudden battery drain even when parked.,Battery,Critical
3299,Report: Battery health indicator for EV-118 has degraded significantly this month.,Battery health indicator for EV-118 has degraded significantly this month.,Battery,Medium
3300,Issue: EV-128 broke down during operation near Delhi North Hub.,EV-128 broke down during operation near Delhi North Hub.,Vehicle,Low
3301,Issue: EV-105 shows sudden battery drain even when parked.,EV-105 shows sudden battery drain even when parked.,Battery,High
3302,Issue: Charging cable at station 1 appears damaged and vehicle is not accepting charge.,Charging cable at station 1 appears damaged and vehicle is not accepting charge.,Charging,High
3303,Issue: Driver has not arrived for the assigned shift at Delhi North Hub.,Driver has not arrived for the assigned shift at Delhi North Hub.,Driver,Low
3304,Customer was charged but booking was not confirmed.,Customer was charged but booking was not confirmed.,Customer,High
3305,Issue: GPS tracking for EV-108 is showing an incorrect location.,GPS tracking for EV-108 is showing an incorrect location.,Technical,Medium
3306,Report: GPS tracking for EV-118 is showing an incorrect location.,GPS tracking for EV-118 is showing an incorrect location.,Technical,High
3307,Alert: Customer payment was successful but booking was not confirmed.,Customer payment was successful but booking was not confirmed.,Payment,Medium
3308,Report: Ride was cancelled midway without explanation for EV-105.,Ride was cancelled midway without explanation for EV-105.,Ride,High
3309,Security gate at Mumbai East Hub is malfunctioning.,Security gate at Mumbai East Hub is malfunctioning.,Hub Operations,Low
3310,Issue: EV-127 tyre pressure warning light is on.,EV-127 tyre pressure warning light is on.,Vehicle,Medium
3311,Maintenance team flagged worn brake pads on EV-111.,Maintenance team flagged worn brake pads on EV-111.,Maintenance,Low
3312,Alert: Charging stops after a few minutes for EV-126 at station 7.,Charging stops after a few minutes for EV-126 at station 7.,Charging,High
3313,Report: EV-127 brakes feel soft and need inspection.,EV-127 brakes feel soft and need inspection.,Vehicle,High
3314,Issue: Vehicle count mismatch found during the shift-change audit at Pune Central Hub.,Vehicle count mismatch found during the shift-change audit at Pune Central Hub.,Hub Operations,Medium
3315,Driver payout for last week's shifts is showing as pending.,Driver payout for last week's shifts is showing as pending.,Payment,Medium
3316,Issue: Customer reported the vehicle was not clean on pickup.,Customer reported the vehicle was not clean on pickup.,Customer,Critical
3317,Issue: General feedback submitted about the overall service experience.,General feedback submitted about the overall service experience.,Other,High
3318,Issue: Customer requested a refund for a cancelled ride.,Customer requested a refund for a cancelled ride.,Customer,High
3319,Report: Security gate at Bangalore South Hub is malfunctioning.,Security gate at Bangalore South Hub is malfunctioning.,Hub Operations,Low
3320,Issue: Driver reported feeling unwell and requested a shift change.,Driver reported feeling unwell and requested a shift change.,Driver,High
3321,Issue: EV-128 is making unusual noise from the motor.,EV-128 is making unusual noise from the motor.,Vehicle,Medium
3322,"Issue: EV-128 shuts down unexpectedly, suspected battery fault.","EV-128 shuts down unexpectedly, suspected battery fault.",Battery,High
3323,Report: Driver flagged a scheduling conflict for the upcoming shift at Mumbai East Hub.,Driver flagged a scheduling conflict for the upcoming shift at Mumbai East Hub.,Driver,Medium
3324,Driver reported feeling unwell and requested a shift change.,Driver reported feeling unwell and requested a shift change.,Driver,Low
3325,Report: EV-125 broke down during operation near Bangalore South Hub.,EV-125 broke down during operation near Bangalore South Hub.,Vehicle,High
3326,Issue: EV-126 battery temperature is unusually high during operation.,EV-126 battery temperature is unusually high during operation.,Battery,Critical
3327,Report: Telematics unit on EV-124 stopped sending data.,Telematics unit on EV-124 stopped sending data.,Technical,Low
3328,Issue: EV-104 is not charging at station 4.,EV-104 is not charging at station 4.,Charging,High
3329,Issue: Backend sync issue causing duplicate ride records at Bangalore South Hub.,Backend sync issue causing duplicate ride records at Bangalore South Hub.,Technical,High
3330,Maintenance team flagged worn brake pads on EV-119.,Maintenance team flagged worn brake pads on EV-119.,Maintenance,Medium
3331,Customer support ticket unresolved for more than 3 days.,Customer support ticket unresolved for more than 3 days.,Customer,High
3332,EV-103 battery temperature is unusually high during operation.,EV-103 battery temperature is unusually high during operation.,Battery,High
3333,EV-127 brakes feel soft and need inspection.,EV-127 brakes feel soft and need inspection.,Vehicle,High
3334,Ride fare shown at the end did not match the estimate.,Ride fare shown at the end did not match the estimate.,Ride,Low
3335,Report: Battery health indicator for EV-125 has degraded significantly this month.,Battery health indicator for EV-125 has degraded significantly this month.,Battery,Critical
3336,Report: Query raised about the loyalty rewards program.,Query raised about the loyalty rewards program.,Other,High
3337,Alert: Battery percentage dropped unusually fast during the last trip for EV-111.,Battery percentage dropped unusually fast during the last trip for EV-111.,Battery,High
3338,Issue: EV-106 shows sudden battery drain even when parked.,EV-106 shows sudden battery drain even when parked.,Battery,Medium
3339,Customer reported a long detour during the ride.,Customer reported a long detour during the ride.,Ride,Medium
3340,Alert: Suggestion received to add more charging stations near Mumbai East Hub.,Suggestion received to add more charging stations near Mumbai East Hub.,Other,Medium
3341,Alert: EV-102 AC is not working properly.,EV-102 AC is not working properly.,Vehicle,Medium
3342,Customer payment was successful but booking was not confirmed.,Customer payment was successful but booking was not confirmed.,Payment,High
3343,Report: Mobile app crashes when trying to book a ride from Delhi North Hub.,Mobile app crashes when trying to book a ride from Delhi North Hub.,Technical,Low
3344,Alert: Driver reported feeling unwell and requested a shift change.,Driver reported feeling unwell and requested a shift change.,Driver,High
3345,Alert: Delhi North Hub is operating near full capacity with no available parking.,Delhi North Hub is operating near full capacity with no available parking.,Hub Operations,Medium
3346,Report: EV-101 requires software update for the onboard diagnostics system.,EV-101 requires software update for the onboard diagnostics system.,Maintenance,Medium
3347,Duplicate payment charged for a single ride.,Duplicate payment charged for a single ride.,Payment,Medium
3348,Alert: EV-125 brakes feel soft and need inspection.,EV-125 brakes feel soft and need inspection.,Vehicle,Medium
3349,Report: Routine inspection revealed a coolant leak in EV-104.,Routine inspection revealed a coolant leak in EV-104.,Maintenance,High
3350,Query raised about the loyalty rewards program.,Query raised about the loyalty rewards program.,Other,Low
3351,Issue: EV-105 tyre pressure warning light is on.,EV-105 tyre pressure warning light is on.,Vehicle,Medium
3352,"Alert: EV-105 shuts down unexpectedly, suspected battery fault.","EV-105 shuts down unexpectedly, suspected battery fault.",Battery,Critical
3353,Alert: GPS tracking for EV-117 is showing an incorrect location.,GPS tracking for EV-117 is showing an incorrect location.,Technical,Medium
3354,Report: EV-100 dashboard display is flickering intermittently.,EV-100 dashboard display is flickering intermittently.,Vehicle,Medium
3355,Ride was cancelled midway without explanation for EV-109.,Ride was cancelled midway without explanation for EV-109.,Ride,Low
3356,Maintenance team flagged worn brake pads on EV-126.,Maintenance team flagged worn brake pads on EV-126.,Maintenance,Critical
3357,Alert: EV-129 shows charging error code and will not start charging.,EV-129 shows charging error code and will not start charging.,Charging,Low
3358,Issue: Maintenance team flagged worn brake pads on EV-105.,Maintenance team flagged worn brake pads on EV-105.,Maintenance,Medium
3359,Issue: Charging session for EV-107 keeps disconnecting randomly.,Charging session for EV-107 keeps disconnecting randomly.,Charging,Medium
3360,Report: Security gate at Mumbai East Hub is malfunctioning.,Security gate at Mumbai East Hub is malfunctioning.,Hub Operations,Medium
3361,Report: EV-109 AC is not working properly.,EV-109 AC is not working properly.,Vehicle,Critical
3362,Report: EV-122 is due for scheduled maintenance and has not been serviced.,EV-122 is due for scheduled maintenance and has not been serviced.,Maintenance,Low
3363,Backend sync issue causing duplicate ride records at Bangalore South Hub.,Backend sync issue causing duplicate ride records at Bangalore South Hub.,Technical,High
3364,Report: Battery health indicator for EV-126 has degraded significantly this month.,Battery health indicator for EV-126 has degraded significantly this month.,Battery,Low
3365,Alert: EV-106 requires software update for the onboard diagnostics system.,EV-106 requires software update for the onboard diagnostics system.,Maintenance,Critical
3366,Driver flagged a scheduling conflict for the upcoming shift at Bangalore South Hub.,Driver flagged a scheduling conflict for the upcoming shift at Bangalore South Hub.,Driver,Medium
3367,Report: Maintenance team flagged worn brake pads on EV-127.,Maintenance team flagged worn brake pads on EV-127.,Maintenance,High
3368,EV-100 is due for scheduled maintenance and has not been serviced.,EV-100 is due for scheduled maintenance and has not been serviced.,Maintenance,Medium
3369,Alert: Customer reported a long detour during the ride.,Customer reported a long detour during the ride.,Ride,Medium
3370,EV-114 battery temperature is unusually high during operation.,EV-114 battery temperature is unusually high during operation.,Battery,High
3371,Report: Refund for a cancelled ride has not been processed.,Refund for a cancelled ride has not been processed.,Payment,Medium
3372,Customer waited significantly longer than the estimated arrival time.,Customer waited significantly longer than the estimated arrival time.,Ride,Low
3373,Battery health indicator for EV-110 has degraded significantly this month.,Battery health indicator for EV-110 has degraded significantly this month.,Battery,High
3374,Report: EV-126 is not charging at station 8.,EV-126 is not charging at station 8.,Charging,High
3375,Alert: Charging stops after a few minutes for EV-109 at station 4.,Charging stops after a few minutes for EV-109 at station 4.,Charging,High
3376,Alert: Battery health indicator for EV-105 has degraded significantly this month.,Battery health indicator for EV-105 has degraded significantly this month.,Battery,High
3377,Issue: Driver requested additional training on the new vehicle model.,Driver requested additional training on the new vehicle model.,Driver,Medium
3378,EV-127 is making unusual noise from the motor.,EV-127 is making unusual noise from the motor.,Vehicle,Medium
3379,Report: EV-117 brakes feel soft and need inspection.,EV-117 brakes feel soft and need inspection.,Vehicle,Medium
3380,Issue: Driver requested additional training on the new vehicle model.,Driver requested additional training on the new vehicle model.,Driver,Medium
3381,Alert: Bangalore South Hub reported a power outage affecting charging operations.,Bangalore South Hub reported a power outage affecting charging operations.,Hub Operations,Medium
3382,Issue: EV-112 broke down during operation near Mumbai East Hub.,EV-112 broke down during operation near Mumbai East Hub.,Vehicle,High
3383,Alert: EV-124 battery percentage is not increasing despite being connected at station 4.,EV-124 battery percentage is not increasing despite being connected at station 4.,Charging,High
3384,Miscellaneous request that does not fit an existing category.,Miscellaneous request that does not fit an existing category.,Other,Low
3385,EV-107 shows sudden battery drain even when parked.,EV-107 shows sudden battery drain even when parked.,Battery,High
3386,Charging cable at station 7 appears damaged and vehicle is not accepting charge.,Charging cable at station 7 appears damaged and vehicle is not accepting charge.,Charging,High
3387,Query raised about the loyalty rewards program.,Query raised about the loyalty rewards program.,Other,Low
3388,Issue: EV-128 dashboard display is flickering intermittently.,EV-128 dashboard display is flickering intermittently.,Vehicle,High
3389,Issue: Customer requested a refund for a cancelled ride.,Customer requested a refund for a cancelled ride.,Customer,Low
3390,Issue: Charging stops after a few minutes for EV-114 at station 8.,Charging stops after a few minutes for EV-114 at station 8.,Charging,Medium
3391,EV-109 battery percentage is not increasing despite being connected at station 6.,EV-109 battery percentage is not increasing despite being connected at station 6.,Charging,Medium
3392,EV-107 shows charging error code and will not start charging.,EV-107 shows charging error code and will not start charging.,Charging,Medium
3393,EV-128 shows charging error code and will not start charging.,EV-128 shows charging error code and will not start charging.,Charging,Medium
3394,Ride fare shown at the end did not match the estimate.,Ride fare shown at the end did not match the estimate.,Ride,Critical
3395,Miscellaneous request that does not fit an existing category.,Miscellaneous request that does not fit an existing category.,Other,Low
3396,"EV-129 shuts down unexpectedly, suspected battery fault.","EV-129 shuts down unexpectedly, suspected battery fault.",Battery,Medium
3397,Routine inspection revealed a coolant leak in EV-129.,Routine inspection revealed a coolant leak in EV-129.,Maintenance,Medium
3398,Alert: Driver payout for last week's shifts is showing as pending.,Driver payout for last week's shifts is showing as pending.,Payment,Medium
3399,Report: General feedback submitted about the overall service experience.,General feedback submitted about the overall service experience.,Other,Medium
3400,Alert: Customer reported a long detour during the ride.,Customer reported a long detour during the ride.,Ride,Critical
3401,Report: Query raised about the loyalty rewards program.,Query raised about the loyalty rewards program.,Other,Medium
3402,Issue: Battery health indicator for EV-101 has degraded significantly this month.,Battery health indicator for EV-101 has degraded significantly this month.,Battery,Medium
3403,Report: Payment gateway timeout occurred during checkout.,Payment gateway timeout occurred during checkout.,Payment,Medium
3404,Issue: EV-124 broke down during operation near Delhi North Hub.,EV-124 broke down during operation near Delhi North Hub.,Vehicle,Medium
3405,Report: GPS tracking for EV-125 is showing an incorrect location.,GPS tracking for EV-125 is showing an incorrect location.,Technical,Medium
3406,Report: Mobile app crashes when trying to book a ride from Delhi North Hub.,Mobile app crashes when trying to book a ride from Delhi North Hub.,Technical,Medium
3407,Alert: Driver flagged a scheduling conflict for the upcoming shift at Pune Central Hub.,Driver flagged a scheduling conflict for the upcoming shift at Pune Central Hub.,Driver,Medium
3408,Report: Bangalore South Hub reported a power outage affecting charging operations.,Bangalore South Hub reported a power outage affecting charging operations.,Hub Operations,High
3409,Report: Pune Central Hub requires additional staff during the evening peak hours.,Pune Central Hub requires additional staff during the evening peak hours.,Hub Operations,Medium
3410,Customer requested a refund for a cancelled ride.,Customer requested a refund for a cancelled ride.,Customer,High
3411,Mobile app crashes when trying to book a ride from Pune Central Hub.,Mobile app crashes when trying to book a ride from Pune Central Hub.,Technical,Medium
3412,Alert: Driver has not arrived for the assigned shift at Mumbai East Hub.,Driver has not arrived for the assigned shift at Mumbai East Hub.,Driver,Low
3413,Report: Driver requested additional training on the new vehicle model.,Driver requested additional training on the new vehicle model.,Driver,Low
3414,Issue: General feedback submitted about the overall service experience.,General feedback submitted about the overall service experience.,Other,Medium
3415,Alert: Routine inspection revealed a coolant leak in EV-120.,Routine inspection revealed a coolant leak in EV-120.,Maintenance,Medium
3416,Report: General feedback submitted about the overall service experience.,General feedback submitted about the overall service experience.,Other,Low
3417,Issue: General feedback submitted about the overall service experience.,General feedback submitted about the overall service experience.,Other,Low
3418,Issue: Battery health indicator for EV-101 has degraded significantly this month.,Battery health indicator for EV-101 has degraded significantly this month.,Battery,Medium
3419,Issue: Mobile app crashes when trying to book a ride from Pune Central Hub.,Mobile app crashes when trying to book a ride from Pune Central Hub.,Technical,Medium
3420,GPS tracking for EV-112 is showing an incorrect location.,GPS tracking for EV-112 is showing an incorrect location.,Technical,Medium
3421,Alert: Duplicate payment charged for a single ride.,Duplicate payment charged for a single ride.,Payment,Low
3422,Alert: Charging session for EV-127 keeps disconnecting randomly.,Charging session for EV-127 keeps disconnecting randomly.,Charging,Critical
3423,Security gate at Bangalore South Hub is malfunctioning.,Security gate at Bangalore South Hub is malfunctioning.,Hub Operations,Critical
3424,Report: Customer payment was successful but booking was not confirmed.,Customer payment was successful but booking was not confirmed.,Payment,Low
3425,Report: Backend sync issue causing duplicate ride records at Pune Central Hub.,Backend sync issue causing duplicate ride records at Pune Central Hub.,Technical,Medium
3426,Report: Charging stops after a few minutes for EV-119 at station 2.,Charging stops after a few minutes for EV-119 at station 2.,Charging,Critical
3427,Alert: Maintenance team flagged worn brake pads on EV-121.,Maintenance team flagged worn brake pads on EV-121.,Maintenance,High
3428,Vehicle count mismatch found during the shift-change audit at Bangalore South Hub.,Vehicle count mismatch found during the shift-change audit at Bangalore South Hub.,Hub Operations,High
3429,Report: EV-105 is not charging at station 1.,EV-105 is not charging at station 1.,Charging,Medium
3430,Issue: Customer reported a long detour during the ride.,Customer reported a long detour during the ride.,Ride,Medium
3431,Report: Mumbai East Hub is operating near full capacity with no available parking.,Mumbai East Hub is operating near full capacity with no available parking.,Hub Operations,Medium
3432,Issue: Charging stops after a few minutes for EV-117 at station 5.,Charging stops after a few minutes for EV-117 at station 5.,Charging,High
3433,Alert: Driver requested additional training on the new vehicle model.,Driver requested additional training on the new vehicle model.,Driver,High
3434,Alert: Driver flagged a scheduling conflict for the upcoming shift at Bangalore South Hub.,Driver flagged a scheduling conflict for the upcoming shift at Bangalore South Hub.,Driver,Critical
3435,Alert: Driver flagged a scheduling conflict for the upcoming shift at Delhi North Hub.,Driver flagged a scheduling conflict for the upcoming shift at Delhi North Hub.,Driver,Medium
3436,Report: General feedback submitted about the overall service experience.,General feedback submitted about the overall service experience.,Other,Low
3437,Alert: EV-127 shows sudden battery drain even when parked.,EV-127 shows sudden battery drain even when parked.,Battery,High
3438,Report: Ride fare shown at the end did not match the estimate.,Ride fare shown at the end did not match the estimate.,Ride,Low
3439,EV-112 is due for scheduled maintenance and has not been serviced.,EV-112 is due for scheduled maintenance and has not been serviced.,Maintenance,Medium
3440,Customer waited significantly longer than the estimated arrival time.,Customer waited significantly longer than the estimated arrival time.,Ride,Medium
3441,Suggestion received to add more charging stations near Bangalore South Hub.,Suggestion received to add more charging stations near Bangalore South Hub.,Other,High
3442,EV-113 AC is not working properly.,EV-113 AC is not working properly.,Vehicle,High
3443,Alert: Battery health indicator for EV-129 has degraded significantly this month.,Battery health indicator for EV-129 has degraded significantly this month.,Battery,Critical
3444,EV-118 maintenance was delayed due to parts unavailability.,EV-118 maintenance was delayed due to parts unavailability.,Maintenance,High
3445,Report: EV-116 maintenance was delayed due to parts unavailability.,EV-116 maintenance was delayed due to parts unavailability.,Maintenance,High
3446,Report: Customer reported the vehicle was not clean on pickup.,Customer reported the vehicle was not clean on pickup.,Customer,High
3447,Report: EV-127 battery percentage is not increasing despite being connected at station 5.,EV-127 battery percentage is not increasing despite being connected at station 5.,Charging,Critical
3448,Report: Pune Central Hub requires additional staff during the evening peak hours.,Pune Central Hub requires additional staff during the evening peak hours.,Hub Operations,High
3449,Issue: EV-100 is due for scheduled maintenance and has not been serviced.,EV-100 is due for scheduled maintenance and has not been serviced.,Maintenance,High
3450,Issue: Miscellaneous request that does not fit an existing category.,Miscellaneous request that does not fit an existing category.,Other,Low
3451,Issue: Customer reported a long detour during the ride.,Customer reported a long detour during the ride.,Ride,Medium
3452,Driver was unreachable during the scheduled pickup window.,Driver was unreachable during the scheduled pickup window.,Driver,Medium
3453,Customer complained about driver behavior during the ride.,Customer complained about driver behavior during the ride.,Customer,Critical
3454,Report: Query raised about the loyalty rewards program.,Query raised about the loyalty rewards program.,Other,High
3455,Report: Ride was cancelled midway without explanation for EV-110.,Ride was cancelled midway without explanation for EV-110.,Ride,Medium
3456,Issue: Customer complained about driver behavior during the ride.,Customer complained about driver behavior during the ride.,Customer,Medium
3457,Issue: Mumbai East Hub reported a power outage affecting charging operations.,Mumbai East Hub reported a power outage affecting charging operations.,Hub Operations,Low
3458,Alert: Query raised about the loyalty rewards program.,Query raised about the loyalty rewards program.,Other,High
3459,Driver has not arrived for the assigned shift at Delhi North Hub.,Driver has not arrived for the assigned shift at Delhi North Hub.,Driver,High
3460,Issue: Bangalore South Hub reported a power outage affecting charging operations.,Bangalore South Hub reported a power outage affecting charging operations.,Hub Operations,Low
3461,Report: Customer reported a long detour during the ride.,Customer reported a long detour during the ride.,Ride,High
3462,Alert: Customer complained about driver behavior during the ride.,Customer complained about driver behavior during the ride.,Customer,Medium
3463,Report: EV-100 is due for scheduled maintenance and has not been serviced.,EV-100 is due for scheduled maintenance and has not been serviced.,Maintenance,High
3464,Suggestion received to add more charging stations near Bangalore South Hub.,Suggestion received to add more charging stations near Bangalore South Hub.,Other,High
3465,"Alert: EV-124 shuts down unexpectedly, suspected battery fault.","EV-124 shuts down unexpectedly, suspected battery fault.",Battery,Critical
3466,Report: Mumbai East Hub requires additional staff during the evening peak hours.,Mumbai East Hub requires additional staff during the evening peak hours.,Hub Operations,Medium
3467,Alert: Driver flagged a scheduling conflict for the upcoming shift at Bangalore South Hub.,Driver flagged a scheduling conflict for the upcoming shift at Bangalore South Hub.,Driver,Medium
3468,Issue: Ride pickup location did not match the app location.,Ride pickup location did not match the app location.,Ride,Medium
3469,Ride fare shown at the end did not match the estimate.,Ride fare shown at the end did not match the estimate.,Ride,Medium
3470,EV-110 AC is not working properly.,EV-110 AC is not working properly.,Vehicle,Medium
3471,Alert: EV-102 requires software update for the onboard diagnostics system.,EV-102 requires software update for the onboard diagnostics system.,Maintenance,Medium
3472,Alert: Battery health indicator for EV-122 has degraded significantly this month.,Battery health indicator for EV-122 has degraded significantly this month.,Battery,Medium
3473,Issue: EV-111 shows sudden battery drain even when parked.,EV-111 shows sudden battery drain even when parked.,Battery,Low
3474,Issue: Pune Central Hub is operating near full capacity with no available parking.,Pune Central Hub is operating near full capacity with no available parking.,Hub Operations,High
3475,EV-128 shows sudden battery drain even when parked.,EV-128 shows sudden battery drain even when parked.,Battery,High
3476,Query raised about the loyalty rewards program.,Query raised about the loyalty rewards program.,Other,Critical
3477,Issue: Mobile app crashes when trying to book a ride from Pune Central Hub.,Mobile app crashes when trying to book a ride from Pune Central Hub.,Technical,Medium
3478,Issue: Ride pickup location did not match the app location.,Ride pickup location did not match the app location.,Ride,Medium
3479,Issue: Driver requested additional training on the new vehicle model.,Driver requested additional training on the new vehicle model.,Driver,Critical
3480,Issue: Suggestion received to add more charging stations near Delhi North Hub.,Suggestion received to add more charging stations near Delhi North Hub.,Other,Low
3481,Issue: Driver requested additional training on the new vehicle model.,Driver requested additional training on the new vehicle model.,Driver,Medium
3482,Report: Miscellaneous request that does not fit an existing category.,Miscellaneous request that does not fit an existing category.,Other,Medium
3483,Report: Bangalore South Hub reported a power outage affecting charging operations.,Bangalore South Hub reported a power outage affecting charging operations.,Hub Operations,Medium
3484,Report: Driver reported feeling unwell and requested a shift change.,Driver reported feeling unwell and requested a shift change.,Driver,High
3485,Issue: Vehicle count mismatch found during the shift-change audit at Pune Central Hub.,Vehicle count mismatch found during the shift-change audit at Pune Central Hub.,Hub Operations,Medium
3486,Issue: Routine inspection revealed a coolant leak in EV-101.,Routine inspection revealed a coolant leak in EV-101.,Maintenance,Medium
3487,Issue: General feedback submitted about the overall service experience.,General feedback submitted about the overall service experience.,Other,Low
3488,Issue: EV-121 battery temperature is unusually high during operation.,EV-121 battery temperature is unusually high during operation.,Battery,High
3489,Customer support ticket unresolved for more than 3 days.,Customer support ticket unresolved for more than 3 days.,Customer,High
3490,Driver reported feeling unwell and requested a shift change.,Driver reported feeling unwell and requested a shift change.,Driver,Medium
3491,Report: EV-114 shows charging error code and will not start charging.,EV-114 shows charging error code and will not start charging.,Charging,Critical
3492,Alert: Vehicle count mismatch found during the shift-change audit at Delhi North Hub.,Vehicle count mismatch found during the shift-change audit at Delhi North Hub.,Hub Operations,Medium
3493,Report: Customer requested a refund for a cancelled ride.,Customer requested a refund for a cancelled ride.,Customer,Low
3494,Issue: Suggestion received to add more charging stations near Pune Central Hub.,Suggestion received to add more charging stations near Pune Central Hub.,Other,Medium
3495,Bangalore South Hub requires additional staff during the evening peak hours.,Bangalore South Hub requires additional staff during the evening peak hours.,Hub Operations,High
3496,Routine inspection revealed a coolant leak in EV-104.,Routine inspection revealed a coolant leak in EV-104.,Maintenance,High
3497,Issue: EV-107 shows charging error code and will not start charging.,EV-107 shows charging error code and will not start charging.,Charging,Medium
3498,Refund for a cancelled ride has not been processed.,Refund for a cancelled ride has not been processed.,Payment,Medium
3499,Issue: Charging stops after a few minutes for EV-129 at station 7.,Charging stops after a few minutes for EV-129 at station 7.,Charging,Critical
3500,Issue: Maintenance team flagged worn brake pads on EV-101.,Maintenance team flagged worn brake pads on EV-101.,Maintenance,High
3501,Issue: Customer was charged but booking was not confirmed.,Customer was charged but booking was not confirmed.,Customer,High
3502,Issue: Pune Central Hub requires additional staff during the evening peak hours.,Pune Central Hub requires additional staff during the evening peak hours.,Hub Operations,Low
3503,Report: Mumbai East Hub is operating near full capacity with no available parking.,Mumbai East Hub is operating near full capacity with no available parking.,Hub Operations,Medium
3504,Report: Customer complained about driver behavior during the ride.,Customer complained about driver behavior during the ride.,Customer,High
3505,Issue: Telematics unit on EV-118 stopped sending data.,Telematics unit on EV-118 stopped sending data.,Technical,High
3506,Security gate at Pune Central Hub is malfunctioning.,Security gate at Pune Central Hub is malfunctioning.,Hub Operations,Medium
3507,Charging stops after a few minutes for EV-127 at station 8.,Charging stops after a few minutes for EV-127 at station 8.,Charging,Low
3508,Alert: Ride pickup location did not match the app location.,Ride pickup location did not match the app location.,Ride,Critical
3509,Issue: Driver payout for last week's shifts is showing as pending.,Driver payout for last week's shifts is showing as pending.,Payment,High
3510,"Alert: EV-100 shuts down unexpectedly, suspected battery fault.","EV-100 shuts down unexpectedly, suspected battery fault.",Battery,High
3511,Duplicate payment charged for a single ride.,Duplicate payment charged for a single ride.,Payment,High
3512,EV-119 AC is not working properly.,EV-119 AC is not working properly.,Vehicle,Critical
3513,EV-122 shows charging error code and will not start charging.,EV-122 shows charging error code and will not start charging.,Charging,Critical
3514,Issue: Battery health indicator for EV-126 has degraded significantly this month.,Battery health indicator for EV-126 has degraded significantly this month.,Battery,High
3515,Mobile app crashes when trying to book a ride from Mumbai East Hub.,Mobile app crashes when trying to book a ride from Mumbai East Hub.,Technical,Medium
3516,Alert: Charging stops after a few minutes for EV-106 at station 6.,Charging stops after a few minutes for EV-106 at station 6.,Charging,High
3517,Report: EV-111 is not charging at station 4.,EV-111 is not charging at station 4.,Charging,Critical
3518,Issue: General feedback submitted about the overall service experience.,General feedback submitted about the overall service experience.,Other,Medium
3519,Alert: Customer support ticket unresolved for more than 3 days.,Customer support ticket unresolved for more than 3 days.,Customer,High
3520,Alert: Ride was cancelled midway without explanation for EV-106.,Ride was cancelled midway without explanation for EV-106.,Ride,Medium
3521,Alert: Charging session for EV-112 keeps disconnecting randomly.,Charging session for EV-112 keeps disconnecting randomly.,Charging,High
3522,Issue: Push notifications for ride status are not being delivered.,Push notifications for ride status are not being delivered.,Technical,Critical
3523,Miscellaneous request that does not fit an existing category.,Miscellaneous request that does not fit an existing category.,Other,Medium
3524,Alert: Customer reported the vehicle was not clean on pickup.,Customer reported the vehicle was not clean on pickup.,Customer,High
3525,Issue: Vehicle count mismatch found during the shift-change audit at Delhi North Hub.,Vehicle count mismatch found during the shift-change audit at Delhi North Hub.,Hub Operations,Medium
3526,Customer reported the vehicle was not clean on pickup.,Customer reported the vehicle was not clean on pickup.,Customer,Low
3527,Issue: Mobile app crashes when trying to book a ride from Mumbai East Hub.,Mobile app crashes when trying to book a ride from Mumbai East Hub.,Technical,Low
3528,Report: Security gate at Bangalore South Hub is malfunctioning.,Security gate at Bangalore South Hub is malfunctioning.,Hub Operations,High
3529,Report: Driver reported feeling unwell and requested a shift change.,Driver reported feeling unwell and requested a shift change.,Driver,High
3530,Report: Driver requested additional training on the new vehicle model.,Driver requested additional training on the new vehicle model.,Driver,High
3531,Duplicate payment charged for a single ride.,Duplicate payment charged for a single ride.,Payment,Low
3532,EV-127 maintenance was delayed due to parts unavailability.,EV-127 maintenance was delayed due to parts unavailability.,Maintenance,High
3533,Alert: Driver requested additional training on the new vehicle model.,Driver requested additional training on the new vehicle model.,Driver,Medium
3534,Issue: Suggestion received to add more charging stations near Mumbai East Hub.,Suggestion received to add more charging stations near Mumbai East Hub.,Other,Low
3535,Report: Pune Central Hub is operating near full capacity with no available parking.,Pune Central Hub is operating near full capacity with no available parking.,Hub Operations,High
3536,Alert: Driver reported feeling unwell and requested a shift change.,Driver reported feeling unwell and requested a shift change.,Driver,High
3537,Mobile app crashes when trying to book a ride from Pune Central Hub.,Mobile app crashes when trying to book a ride from Pune Central Hub.,Technical,Medium
3538,Alert: Customer requested a refund for a cancelled ride.,Customer requested a refund for a cancelled ride.,Customer,Low
3539,Issue: EV-101 brakes feel soft and need inspection.,EV-101 brakes feel soft and need inspection.,Vehicle,High
3540,Driver requested additional training on the new vehicle model.,Driver requested additional training on the new vehicle model.,Driver,Critical
3541,Customer reported a long detour during the ride.,Customer reported a long detour during the ride.,Ride,Low
3542,Suggestion received to add more charging stations near Delhi North Hub.,Suggestion received to add more charging stations near Delhi North Hub.,Other,Medium
3543,Driver reported feeling unwell and requested a shift change.,Driver reported feeling unwell and requested a shift change.,Driver,Low
3544,Alert: Ride fare shown at the end did not match the estimate.,Ride fare shown at the end did not match the estimate.,Ride,High
3545,Report: Charging stops after a few minutes for EV-112 at station 1.,Charging stops after a few minutes for EV-112 at station 1.,Charging,Medium
3546,Issue: Mumbai East Hub requires additional staff during the evening peak hours.,Mumbai East Hub requires additional staff during the evening peak hours.,Hub Operations,Medium
3547,Charging session for EV-115 keeps disconnecting randomly.,Charging session for EV-115 keeps disconnecting randomly.,Charging,Critical
3548,Alert: Ride was cancelled midway without explanation for EV-121.,Ride was cancelled midway without explanation for EV-121.,Ride,Low
3549,Issue: Duplicate payment charged for a single ride.,Duplicate payment charged for a single ride.,Payment,High
3550,Report: Maintenance team flagged worn brake pads on EV-100.,Maintenance team flagged worn brake pads on EV-100.,Maintenance,Medium
3551,Issue: Refund for a cancelled ride has not been processed.,Refund for a cancelled ride has not been processed.,Payment,Low
3552,Report: Customer waited significantly longer than the estimated arrival time.,Customer waited significantly longer than the estimated arrival time.,Ride,Medium
3553,"Alert: EV-129 shuts down unexpectedly, suspected battery fault.","EV-129 shuts down unexpectedly, suspected battery fault.",Battery,Medium
3554,Alert: Pune Central Hub is operating near full capacity with no available parking.,Pune Central Hub is operating near full capacity with no available parking.,Hub Operations,Medium
3555,Customer was charged but booking was not confirmed.,Customer was charged but booking was not confirmed.,Customer,High
3556,Alert: EV-106 requires software update for the onboard diagnostics system.,EV-106 requires software update for the onboard diagnostics system.,Maintenance,Medium
3557,Issue: EV-104 is due for scheduled maintenance and has not been serviced.,EV-104 is due for scheduled maintenance and has not been serviced.,Maintenance,Medium
3558,Issue: General feedback submitted about the overall service experience.,General feedback submitted about the overall service experience.,Other,Medium
3559,Report: Charging session for EV-102 keeps disconnecting randomly.,Charging session for EV-102 keeps disconnecting randomly.,Charging,High
3560,Report: EV-126 AC is not working properly.,EV-126 AC is not working properly.,Vehicle,High
3561,Report: Customer reported the vehicle was not clean on pickup.,Customer reported the vehicle was not clean on pickup.,Customer,Critical
3562,Alert: EV-114 AC is not working properly.,EV-114 AC is not working properly.,Vehicle,High
3563,Report: Battery health indicator for EV-116 has degraded significantly this month.,Battery health indicator for EV-116 has degraded significantly this month.,Battery,Medium
3564,Alert: Customer waited significantly longer than the estimated arrival time.,Customer waited significantly longer than the estimated arrival time.,Ride,Medium
3565,Alert: EV-124 is due for scheduled maintenance and has not been serviced.,EV-124 is due for scheduled maintenance and has not been serviced.,Maintenance,Medium
3566,Vehicle count mismatch found during the shift-change audit at Pune Central Hub.,Vehicle count mismatch found during the shift-change audit at Pune Central Hub.,Hub Operations,Low
3567,Issue: EV-112 AC is not working properly.,EV-112 AC is not working properly.,Vehicle,Medium
3568,Issue: Security gate at Delhi North Hub is malfunctioning.,Security gate at Delhi North Hub is malfunctioning.,Hub Operations,High
3569,Battery health indicator for EV-110 has degraded significantly this month.,Battery health indicator for EV-110 has degraded significantly this month.,Battery,Medium
3570,Alert: Ride pickup location did not match the app location.,Ride pickup location did not match the app location.,Ride,Medium
3571,Alert: Telematics unit on EV-103 stopped sending data.,Telematics unit on EV-103 stopped sending data.,Technical,Medium
3572,EV-101 is not charging at station 7.,EV-101 is not charging at station 7.,Charging,High
3573,Duplicate payment charged for a single ride.,Duplicate payment charged for a single ride.,Payment,Critical
3574,Alert: Customer requested a refund for a cancelled ride.,Customer requested a refund for a cancelled ride.,Customer,High
3575,Report: Ride pickup location did not match the app location.,Ride pickup location did not match the app location.,Ride,Critical
3576,Report: Driver requested additional training on the new vehicle model.,Driver requested additional training on the new vehicle model.,Driver,Medium
3577,Report: Customer reported the vehicle was not clean on pickup.,Customer reported the vehicle was not clean on pickup.,Customer,Medium
3578,Report: Maintenance team flagged worn brake pads on EV-101.,Maintenance team flagged worn brake pads on EV-101.,Maintenance,High
3579,Alert: Payment gateway timeout occurred during checkout.,Payment gateway timeout occurred during checkout.,Payment,Medium
3580,Alert: EV-119 battery percentage is not increasing despite being connected at station 4.,EV-119 battery percentage is not increasing despite being connected at station 4.,Charging,Low
3581,EV-108 battery temperature is unusually high during operation.,EV-108 battery temperature is unusually high during operation.,Battery,Medium
3582,Alert: Vehicle count mismatch found during the shift-change audit at Mumbai East Hub.,Vehicle count mismatch found during the shift-change audit at Mumbai East Hub.,Hub Operations,Low
3583,Alert: EV-108 tyre pressure warning light is on.,EV-108 tyre pressure warning light is on.,Vehicle,High
3584,Alert: Customer payment was successful but booking was not confirmed.,Customer payment was successful but booking was not confirmed.,Payment,Medium
3585,Report: Routine inspection revealed a coolant leak in EV-109.,Routine inspection revealed a coolant leak in EV-109.,Maintenance,High
3586,Issue: Bangalore South Hub reported a power outage affecting charging operations.,Bangalore South Hub reported a power outage affecting charging operations.,Hub Operations,Medium
3587,Alert: EV-113 dashboard display is flickering intermittently.,EV-113 dashboard display is flickering intermittently.,Vehicle,Medium
3588,Alert: Customer reported a long detour during the ride.,Customer reported a long detour during the ride.,Ride,Low
3589,Issue: Driver payout for last week's shifts is showing as pending.,Driver payout for last week's shifts is showing as pending.,Payment,Medium
3590,Issue: GPS tracking for EV-127 is showing an incorrect location.,GPS tracking for EV-127 is showing an incorrect location.,Technical,Critical
3591,Vehicle count mismatch found during the shift-change audit at Delhi North Hub.,Vehicle count mismatch found during the shift-change audit at Delhi North Hub.,Hub Operations,High
3592,Issue: Telematics unit on EV-119 stopped sending data.,Telematics unit on EV-119 stopped sending data.,Technical,Medium
3593,Report: Payment gateway timeout occurred during checkout.,Payment gateway timeout occurred during checkout.,Payment,High
3594,Bangalore South Hub reported a power outage affecting charging operations.,Bangalore South Hub reported a power outage affecting charging operations.,Hub Operations,Critical
3595,EV-120 AC is not working properly.,EV-120 AC is not working properly.,Vehicle,Low
3596,Alert: Charging session for EV-120 keeps disconnecting randomly.,Charging session for EV-120 keeps disconnecting randomly.,Charging,Medium
3597,Report: EV-113 brakes feel soft and need inspection.,EV-113 brakes feel soft and need inspection.,Vehicle,Low
3598,Report: Battery health indicator for EV-106 has degraded significantly this month.,Battery health indicator for EV-106 has degraded significantly this month.,Battery,High
3599,Report: General feedback submitted about the overall service experience.,General feedback submitted about the overall service experience.,Other,Medium
3600,Alert: Customer reported a long detour during the ride.,Customer reported a long detour during the ride.,Ride,Low
3601,Report: EV-117 maintenance was delayed due to parts unavailability.,EV-117 maintenance was delayed due to parts unavailability.,Maintenance,Low
3602,Issue: EV-123 brakes feel soft and need inspection.,EV-123 brakes feel soft and need inspection.,Vehicle,Medium
3603,Report: Push notifications for ride status are not being delivered.,Push notifications for ride status are not being delivered.,Technical,Low
3604,Alert: Push notifications for ride status are not being delivered.,Push notifications for ride status are not being delivered.,Technical,High
3605,Alert: Payment gateway timeout occurred during checkout.,Payment gateway timeout occurred during checkout.,Payment,Low
3606,Alert: Ride was cancelled midway without explanation for EV-120.,Ride was cancelled midway without explanation for EV-120.,Ride,Medium
3607,Report: Driver requested additional training on the new vehicle model.,Driver requested additional training on the new vehicle model.,Driver,Low
3608,Issue: Push notifications for ride status are not being delivered.,Push notifications for ride status are not being delivered.,Technical,High
3609,Report: Driver payout for last week's shifts is showing as pending.,Driver payout for last week's shifts is showing as pending.,Payment,High
3610,Issue: Refund for a cancelled ride has not been processed.,Refund for a cancelled ride has not been processed.,Payment,High
3611,Report: EV-121 broke down during operation near Delhi North Hub.,EV-121 broke down during operation near Delhi North Hub.,Vehicle,Critical
3612,Issue: Vehicle count mismatch found during the shift-change audit at Mumbai East Hub.,Vehicle count mismatch found during the shift-change audit at Mumbai East Hub.,Hub Operations,Critical
3613,Query raised about the loyalty rewards program.,Query raised about the loyalty rewards program.,Other,High
3614,General feedback submitted about the overall service experience.,General feedback submitted about the overall service experience.,Other,Low
3615,Report: Charging cable at station 1 appears damaged and vehicle is not accepting charge.,Charging cable at station 1 appears damaged and vehicle is not accepting charge.,Charging,Critical
3616,Report: Driver flagged a scheduling conflict for the upcoming shift at Mumbai East Hub.,Driver flagged a scheduling conflict for the upcoming shift at Mumbai East Hub.,Driver,High
3617,Driver was unreachable during the scheduled pickup window.,Driver was unreachable during the scheduled pickup window.,Driver,Medium
3618,Alert: Charging stops after a few minutes for EV-122 at station 6.,Charging stops after a few minutes for EV-122 at station 6.,Charging,High
3619,Report: Push notifications for ride status are not being delivered.,Push notifications for ride status are not being delivered.,Technical,Low
3620,Customer requested a refund for a cancelled ride.,Customer requested a refund for a cancelled ride.,Customer,Low
3621,Alert: Driver has not arrived for the assigned shift at Mumbai East Hub.,Driver has not arrived for the assigned shift at Mumbai East Hub.,Driver,High
3622,Issue: Customer was charged but booking was not confirmed.,Customer was charged but booking was not confirmed.,Customer,Medium
3623,Report: Customer complained about driver behavior during the ride.,Customer complained about driver behavior during the ride.,Customer,Medium
3624,Alert: Refund for a cancelled ride has not been processed.,Refund for a cancelled ride has not been processed.,Payment,Critical
3625,Alert: Driver payout for last week's shifts is showing as pending.,Driver payout for last week's shifts is showing as pending.,Payment,High
3626,Alert: Mobile app crashes when trying to book a ride from Mumbai East Hub.,Mobile app crashes when trying to book a ride from Mumbai East Hub.,Technical,Low
3627,Charging stops after a few minutes for EV-112 at station 8.,Charging stops after a few minutes for EV-112 at station 8.,Charging,High
3628,Driver payout for last week's shifts is showing as pending.,Driver payout for last week's shifts is showing as pending.,Payment,Low
3629,Alert: Vehicle count mismatch found during the shift-change audit at Mumbai East Hub.,Vehicle count mismatch found during the shift-change audit at Mumbai East Hub.,Hub Operations,High
3630,Query raised about the loyalty rewards program.,Query raised about the loyalty rewards program.,Other,Medium
3631,Delhi North Hub reported a power outage affecting charging operations.,Delhi North Hub reported a power outage affecting charging operations.,Hub Operations,Medium
3632,Alert: Ride was cancelled midway without explanation for EV-102.,Ride was cancelled midway without explanation for EV-102.,Ride,Low
3633,Alert: GPS tracking for EV-124 is showing an incorrect location.,GPS tracking for EV-124 is showing an incorrect location.,Technical,Low
3634,Report: Vehicle count mismatch found during the shift-change audit at Mumbai East Hub.,Vehicle count mismatch found during the shift-change audit at Mumbai East Hub.,Hub Operations,Medium
3635,Report: Miscellaneous request that does not fit an existing category.,Miscellaneous request that does not fit an existing category.,Other,Low
3636,Alert: Charging stops after a few minutes for EV-118 at station 2.,Charging stops after a few minutes for EV-118 at station 2.,Charging,Medium
3637,Issue: Suggestion received to add more charging stations near Mumbai East Hub.,Suggestion received to add more charging stations near Mumbai East Hub.,Other,High
3638,EV-102 requires software update for the onboard diagnostics system.,EV-102 requires software update for the onboard diagnostics system.,Maintenance,Medium
3639,EV-114 is due for scheduled maintenance and has not been serviced.,EV-114 is due for scheduled maintenance and has not been serviced.,Maintenance,High
3640,Alert: Telematics unit on EV-112 stopped sending data.,Telematics unit on EV-112 stopped sending data.,Technical,High
3641,Issue: Refund for a cancelled ride has not been processed.,Refund for a cancelled ride has not been processed.,Payment,High
3642,Report: EV-114 is due for scheduled maintenance and has not been serviced.,EV-114 is due for scheduled maintenance and has not been serviced.,Maintenance,Critical
3643,Issue: EV-116 broke down during operation near Delhi North Hub.,EV-116 broke down during operation near Delhi North Hub.,Vehicle,High
3644,Alert: Query raised about the loyalty rewards program.,Query raised about the loyalty rewards program.,Other,Low
3645,Report: Ride fare shown at the end did not match the estimate.,Ride fare shown at the end did not match the estimate.,Ride,Low
3646,Report: Backend sync issue causing duplicate ride records at Mumbai East Hub.,Backend sync issue causing duplicate ride records at Mumbai East Hub.,Technical,Medium
3647,Issue: Payment gateway timeout occurred during checkout.,Payment gateway timeout occurred during checkout.,Payment,Medium
3648,EV-127 brakes feel soft and need inspection.,EV-127 brakes feel soft and need inspection.,Vehicle,High
3649,EV-117 broke down during operation near Delhi North Hub.,EV-117 broke down during operation near Delhi North Hub.,Vehicle,High
3650,"Issue: EV-123 shuts down unexpectedly, suspected battery fault.","EV-123 shuts down unexpectedly, suspected battery fault.",Battery,High
3651,Issue: Charging stops after a few minutes for EV-110 at station 7.,Charging stops after a few minutes for EV-110 at station 7.,Charging,High
3652,Issue: EV-104 AC is not working properly.,EV-104 AC is not working properly.,Vehicle,Medium
3653,EV-123 battery temperature is unusually high during operation.,EV-123 battery temperature is unusually high during operation.,Battery,Medium
3654,Telematics unit on EV-119 stopped sending data.,Telematics unit on EV-119 stopped sending data.,Technical,Medium
3655,Bangalore South Hub is operating near full capacity with no available parking.,Bangalore South Hub is operating near full capacity with no available parking.,Hub Operations,High
3656,Alert: EV-109 shows sudden battery drain even when parked.,EV-109 shows sudden battery drain even when parked.,Battery,High
3657,Alert: Battery health indicator for EV-109 has degraded significantly this month.,Battery health indicator for EV-109 has degraded significantly this month.,Battery,High
3658,Report: EV-126 brakes feel soft and need inspection.,EV-126 brakes feel soft and need inspection.,Vehicle,High
3659,Alert: GPS tracking for EV-112 is showing an incorrect location.,GPS tracking for EV-112 is showing an incorrect location.,Technical,Medium
3660,Report: Miscellaneous request that does not fit an existing category.,Miscellaneous request that does not fit an existing category.,Other,Medium
3661,Alert: Suggestion received to add more charging stations near Delhi North Hub.,Suggestion received to add more charging stations near Delhi North Hub.,Other,Low
3662,Alert: EV-119 shows sudden battery drain even when parked.,EV-119 shows sudden battery drain even when parked.,Battery,High
3663,Report: Charging stops after a few minutes for EV-123 at station 6.,Charging stops after a few minutes for EV-123 at station 6.,Charging,Critical
3664,Report: Ride pickup location did not match the app location.,Ride pickup location did not match the app location.,Ride,Medium
3665,Report: Driver payout for last week's shifts is showing as pending.,Driver payout for last week's shifts is showing as pending.,Payment,Medium
3666,Issue: Driver has not arrived for the assigned shift at Bangalore South Hub.,Driver has not arrived for the assigned shift at Bangalore South Hub.,Driver,High
3667,Issue: Customer reported the vehicle was not clean on pickup.,Customer reported the vehicle was not clean on pickup.,Customer,High
3668,Report: Customer waited significantly longer than the estimated arrival time.,Customer waited significantly longer than the estimated arrival time.,Ride,High
3669,EV-100 shows charging error code and will not start charging.,EV-100 shows charging error code and will not start charging.,Charging,High
3670,Alert: Miscellaneous request that does not fit an existing category.,Miscellaneous request that does not fit an existing category.,Other,High
3671,Issue: Customer payment was successful but booking was not confirmed.,Customer payment was successful but booking was not confirmed.,Payment,Low
3672,Issue: Customer reported a long detour during the ride.,Customer reported a long detour during the ride.,Ride,High
3673,Issue: Customer reported a long detour during the ride.,Customer reported a long detour during the ride.,Ride,High
3674,Charging cable at station 2 appears damaged and vehicle is not accepting charge.,Charging cable at station 2 appears damaged and vehicle is not accepting charge.,Charging,Critical
3675,Query raised about the loyalty rewards program.,Query raised about the loyalty rewards program.,Other,Medium
3676,Report: Charging cable at station 1 appears damaged and vehicle is not accepting charge.,Charging cable at station 1 appears damaged and vehicle is not accepting charge.,Charging,Medium
3677,Report: Driver has not arrived for the assigned shift at Mumbai East Hub.,Driver has not arrived for the assigned shift at Mumbai East Hub.,Driver,Medium
3678,Report: Charging cable at station 1 appears damaged and vehicle is not accepting charge.,Charging cable at station 1 appears damaged and vehicle is not accepting charge.,Charging,High
3679,Issue: Payment gateway timeout occurred during checkout.,Payment gateway timeout occurred during checkout.,Payment,Low
3680,Issue: Query raised about the loyalty rewards program.,Query raised about the loyalty rewards program.,Other,Medium
3681,EV-125 shows sudden battery drain even when parked.,EV-125 shows sudden battery drain even when parked.,Battery,High
3682,Report: EV-110 is not charging at station 2.,EV-110 is not charging at station 2.,Charging,High
3683,Report: EV-127 is not charging at station 7.,EV-127 is not charging at station 7.,Charging,Medium
3684,Issue: Duplicate payment charged for a single ride.,Duplicate payment charged for a single ride.,Payment,High
3685,Issue: Customer complained about driver behavior during the ride.,Customer complained about driver behavior during the ride.,Customer,Medium
3686,Issue: Customer reported the vehicle was not clean on pickup.,Customer reported the vehicle was not clean on pickup.,Customer,Low
3687,Report: Battery percentage dropped unusually fast during the last trip for EV-124.,Battery percentage dropped unusually fast during the last trip for EV-124.,Battery,High
3688,Alert: Driver requested additional training on the new vehicle model.,Driver requested additional training on the new vehicle model.,Driver,Medium
3689,Alert: EV-112 tyre pressure warning light is on.,EV-112 tyre pressure warning light is on.,Vehicle,Critical
3690,Alert: Customer reported the vehicle was not clean on pickup.,Customer reported the vehicle was not clean on pickup.,Customer,High
3691,EV-112 tyre pressure warning light is on.,EV-112 tyre pressure warning light is on.,Vehicle,Medium
3692,Report: Charging stops after a few minutes for EV-108 at station 7.,Charging stops after a few minutes for EV-108 at station 7.,Charging,High
3693,Charging session for EV-125 keeps disconnecting randomly.,Charging session for EV-125 keeps disconnecting randomly.,Charging,High
3694,Alert: Miscellaneous request that does not fit an existing category.,Miscellaneous request that does not fit an existing category.,Other,Low
3695,Issue: EV-115 tyre pressure warning light is on.,EV-115 tyre pressure warning light is on.,Vehicle,High
3696,Issue: Customer complained about driver behavior during the ride.,Customer complained about driver behavior during the ride.,Customer,Low
3697,Report: Ride fare shown at the end did not match the estimate.,Ride fare shown at the end did not match the estimate.,Ride,Medium
3698,Alert: General feedback submitted about the overall service experience.,General feedback submitted about the overall service experience.,Other,Medium
3699,Alert: Telematics unit on EV-107 stopped sending data.,Telematics unit on EV-107 stopped sending data.,Technical,Low
3700,EV-128 is making unusual noise from the motor.,EV-128 is making unusual noise from the motor.,Vehicle,Low
3701,EV-121 requires software update for the onboard diagnostics system.,EV-121 requires software update for the onboard diagnostics system.,Maintenance,High
3702,Report: EV-128 dashboard display is flickering intermittently.,EV-128 dashboard display is flickering intermittently.,Vehicle,Critical
3703,Routine inspection revealed a coolant leak in EV-129.,Routine inspection revealed a coolant leak in EV-129.,Maintenance,Critical
3704,Report: EV-120 battery temperature is unusually high during operation.,EV-120 battery temperature is unusually high during operation.,Battery,Low
3705,Customer requested a refund for a cancelled ride.,Customer requested a refund for a cancelled ride.,Customer,Medium
3706,Report: Driver requested additional training on the new vehicle model.,Driver requested additional training on the new vehicle model.,Driver,High
3707,Alert: Customer waited significantly longer than the estimated arrival time.,Customer waited significantly longer than the estimated arrival time.,Ride,Medium
3708,Report: Driver requested additional training on the new vehicle model.,Driver requested additional training on the new vehicle model.,Driver,Low
3709,Report: Mobile app crashes when trying to book a ride from Pune Central Hub.,Mobile app crashes when trying to book a ride from Pune Central Hub.,Technical,Medium
3710,Issue: GPS tracking for EV-112 is showing an incorrect location.,GPS tracking for EV-112 is showing an incorrect location.,Technical,Medium
3711,Issue: EV-117 shows sudden battery drain even when parked.,EV-117 shows sudden battery drain even when parked.,Battery,Low
3712,Issue: Duplicate payment charged for a single ride.,Duplicate payment charged for a single ride.,Payment,High
3713,Ride fare shown at the end did not match the estimate.,Ride fare shown at the end did not match the estimate.,Ride,Low
3714,Report: Maintenance team flagged worn brake pads on EV-110.,Maintenance team flagged worn brake pads on EV-110.,Maintenance,Medium
3715,Report: EV-111 requires software update for the onboard diagnostics system.,EV-111 requires software update for the onboard diagnostics system.,Maintenance,Low
3716,Bangalore South Hub is operating near full capacity with no available parking.,Bangalore South Hub is operating near full capacity with no available parking.,Hub Operations,Critical
3717,Pune Central Hub reported a power outage affecting charging operations.,Pune Central Hub reported a power outage affecting charging operations.,Hub Operations,High
3718,EV-118 requires software update for the onboard diagnostics system.,EV-118 requires software update for the onboard diagnostics system.,Maintenance,Medium
3719,Issue: General feedback submitted about the overall service experience.,General feedback submitted about the overall service experience.,Other,Medium
3720,Issue: EV-112 is not charging at station 2.,EV-112 is not charging at station 2.,Charging,High
3721,Issue: Battery health indicator for EV-124 has degraded significantly this month.,Battery health indicator for EV-124 has degraded significantly this month.,Battery,Medium
3722,Report: EV-107 battery temperature is unusually high during operation.,EV-107 battery temperature is unusually high during operation.,Battery,Low
3723,Alert: Backend sync issue causing duplicate ride records at Mumbai East Hub.,Backend sync issue causing duplicate ride records at Mumbai East Hub.,Technical,Low
3724,Issue: Customer payment was successful but booking was not confirmed.,Customer payment was successful but booking was not confirmed.,Payment,Critical
3725,Alert: Battery health indicator for EV-115 has degraded significantly this month.,Battery health indicator for EV-115 has degraded significantly this month.,Battery,Critical
3726,Issue: Customer payment was successful but booking was not confirmed.,Customer payment was successful but booking was not confirmed.,Payment,Low
3727,Issue: EV-127 is not charging at station 5.,EV-127 is not charging at station 5.,Charging,Medium
3728,EV-117 tyre pressure warning light is on.,EV-117 tyre pressure warning light is on.,Vehicle,Low
3729,Report: Customer payment was successful but booking was not confirmed.,Customer payment was successful but booking was not confirmed.,Payment,High
3730,Report: EV-108 battery temperature is unusually high during operation.,EV-108 battery temperature is unusually high during operation.,Battery,Medium
3731,Charging stops after a few minutes for EV-110 at station 4.,Charging stops after a few minutes for EV-110 at station 4.,Charging,High
3732,Mumbai East Hub is operating near full capacity with no available parking.,Mumbai East Hub is operating near full capacity with no available parking.,Hub Operations,Low
3733,Issue: EV-110 is not charging at station 8.,EV-110 is not charging at station 8.,Charging,Medium
3734,Alert: Mobile app crashes when trying to book a ride from Pune Central Hub.,Mobile app crashes when trying to book a ride from Pune Central Hub.,Technical,Medium
3735,Issue: Charging stops after a few minutes for EV-109 at station 8.,Charging stops after a few minutes for EV-109 at station 8.,Charging,High
3736,Alert: Ride was cancelled midway without explanation for EV-103.,Ride was cancelled midway without explanation for EV-103.,Ride,Low
3737,Report: Customer complained about driver behavior during the ride.,Customer complained about driver behavior during the ride.,Customer,Medium
3738,Routine inspection revealed a coolant leak in EV-127.,Routine inspection revealed a coolant leak in EV-127.,Maintenance,High
3739,Driver requested additional training on the new vehicle model.,Driver requested additional training on the new vehicle model.,Driver,Critical
3740,Alert: Customer waited significantly longer than the estimated arrival time.,Customer waited significantly longer than the estimated arrival time.,Ride,Low
3741,Issue: EV-120 AC is not working properly.,EV-120 AC is not working properly.,Vehicle,High
3742,EV-102 battery temperature is unusually high during operation.,EV-102 battery temperature is unusually high during operation.,Battery,High
3743,Alert: Vehicle count mismatch found during the shift-change audit at Delhi North Hub.,Vehicle count mismatch found during the shift-change audit at Delhi North Hub.,Hub Operations,Critical
3744,Customer requested a refund for a cancelled ride.,Customer requested a refund for a cancelled ride.,Customer,Medium
3745,Issue: Ride was cancelled midway without explanation for EV-100.,Ride was cancelled midway without explanation for EV-100.,Ride,High
3746,Alert: Push notifications for ride status are not being delivered.,Push notifications for ride status are not being delivered.,Technical,High
3747,Issue: Driver payout for last week's shifts is showing as pending.,Driver payout for last week's shifts is showing as pending.,Payment,Critical
3748,Bangalore South Hub reported a power outage affecting charging operations.,Bangalore South Hub reported a power outage affecting charging operations.,Hub Operations,Low
3749,Report: Driver was unreachable during the scheduled pickup window.,Driver was unreachable during the scheduled pickup window.,Driver,Low
3750,Alert: Mobile app crashes when trying to book a ride from Delhi North Hub.,Mobile app crashes when trying to book a ride from Delhi North Hub.,Technical,High
3751,EV-100 requires software update for the onboard diagnostics system.,EV-100 requires software update for the onboard diagnostics system.,Maintenance,Low
3752,Alert: Charging session for EV-101 keeps disconnecting randomly.,Charging session for EV-101 keeps disconnecting randomly.,Charging,Medium
3753,Alert: EV-100 battery temperature is unusually high during operation.,EV-100 battery temperature is unusually high during operation.,Battery,Medium
3754,Issue: Charging session for EV-116 keeps disconnecting randomly.,Charging session for EV-116 keeps disconnecting randomly.,Charging,Medium
3755,Issue: Miscellaneous request that does not fit an existing category.,Miscellaneous request that does not fit an existing category.,Other,Low
3756,Report: GPS tracking for EV-117 is showing an incorrect location.,GPS tracking for EV-117 is showing an incorrect location.,Technical,Medium
3757,Report: Driver requested additional training on the new vehicle model.,Driver requested additional training on the new vehicle model.,Driver,High
3758,Report: EV-104 AC is not working properly.,EV-104 AC is not working properly.,Vehicle,Critical
3759,Report: Ride was cancelled midway without explanation for EV-117.,Ride was cancelled midway without explanation for EV-117.,Ride,Medium
3760,Issue: Duplicate payment charged for a single ride.,Duplicate payment charged for a single ride.,Payment,Critical
3761,Issue: Charging session for EV-124 keeps disconnecting randomly.,Charging session for EV-124 keeps disconnecting randomly.,Charging,Medium
3762,Alert: Driver was unreachable during the scheduled pickup window.,Driver was unreachable during the scheduled pickup window.,Driver,Low
3763,General feedback submitted about the overall service experience.,General feedback submitted about the overall service experience.,Other,Medium
3764,EV-124 AC is not working properly.,EV-124 AC is not working properly.,Vehicle,Medium
3765,Issue: Ride was cancelled midway without explanation for EV-120.,Ride was cancelled midway without explanation for EV-120.,Ride,Medium
3766,Issue: Vehicle count mismatch found during the shift-change audit at Pune Central Hub.,Vehicle count mismatch found during the shift-change audit at Pune Central Hub.,Hub Operations,Critical
3767,Alert: Battery percentage dropped unusually fast during the last trip for EV-128.,Battery percentage dropped unusually fast during the last trip for EV-128.,Battery,Medium
3768,Issue: Driver was unreachable during the scheduled pickup window.,Driver was unreachable during the scheduled pickup window.,Driver,Medium
3769,Alert: Query raised about the loyalty rewards program.,Query raised about the loyalty rewards program.,Other,Low
3770,Report: Suggestion received to add more charging stations near Mumbai East Hub.,Suggestion received to add more charging stations near Mumbai East Hub.,Other,High
3771,Issue: Charging cable at station 6 appears damaged and vehicle is not accepting charge.,Charging cable at station 6 appears damaged and vehicle is not accepting charge.,Charging,Low
3772,Suggestion received to add more charging stations near Mumbai East Hub.,Suggestion received to add more charging stations near Mumbai East Hub.,Other,High
3773,Alert: Customer reported a long detour during the ride.,Customer reported a long detour during the ride.,Ride,Medium
3774,Alert: Refund for a cancelled ride has not been processed.,Refund for a cancelled ride has not been processed.,Payment,Medium
3775,Issue: EV-124 battery percentage is not increasing despite being connected at station 5.,EV-124 battery percentage is not increasing despite being connected at station 5.,Charging,Medium
3776,Report: EV-113 maintenance was delayed due to parts unavailability.,EV-113 maintenance was delayed due to parts unavailability.,Maintenance,High
3777,Issue: Driver payout for last week's shifts is showing as pending.,Driver payout for last week's shifts is showing as pending.,Payment,High
3778,Alert: EV-113 requires software update for the onboard diagnostics system.,EV-113 requires software update for the onboard diagnostics system.,Maintenance,High
3779,Report: Customer reported the vehicle was not clean on pickup.,Customer reported the vehicle was not clean on pickup.,Customer,High
3780,Issue: Backend sync issue causing duplicate ride records at Delhi North Hub.,Backend sync issue causing duplicate ride records at Delhi North Hub.,Technical,Medium
3781,Issue: Customer waited significantly longer than the estimated arrival time.,Customer waited significantly longer than the estimated arrival time.,Ride,Medium
3782,Report: Refund for a cancelled ride has not been processed.,Refund for a cancelled ride has not been processed.,Payment,Medium
3783,Miscellaneous request that does not fit an existing category.,Miscellaneous request that does not fit an existing category.,Other,Medium
3784,Report: EV-125 is making unusual noise from the motor.,EV-125 is making unusual noise from the motor.,Vehicle,Medium
3785,Issue: EV-105 is making unusual noise from the motor.,EV-105 is making unusual noise from the motor.,Vehicle,High
3786,Alert: Ride was cancelled midway without explanation for EV-114.,Ride was cancelled midway without explanation for EV-114.,Ride,High
3787,Alert: Customer complained about driver behavior during the ride.,Customer complained about driver behavior during the ride.,Customer,High
3788,Customer reported the vehicle was not clean on pickup.,Customer reported the vehicle was not clean on pickup.,Customer,High
3789,Vehicle count mismatch found during the shift-change audit at Bangalore South Hub.,Vehicle count mismatch found during the shift-change audit at Bangalore South Hub.,Hub Operations,High
3790,Alert: Charging stops after a few minutes for EV-124 at station 4.,Charging stops after a few minutes for EV-124 at station 4.,Charging,Medium
3791,Alert: Query raised about the loyalty rewards program.,Query raised about the loyalty rewards program.,Other,Low
3792,Issue: Suggestion received to add more charging stations near Mumbai East Hub.,Suggestion received to add more charging stations near Mumbai East Hub.,Other,Critical
3793,Issue: EV-113 tyre pressure warning light is on.,EV-113 tyre pressure warning light is on.,Vehicle,Low
3794,Report: GPS tracking for EV-103 is showing an incorrect location.,GPS tracking for EV-103 is showing an incorrect location.,Technical,Low
3795,Report: EV-109 broke down during operation near Delhi North Hub.,EV-109 broke down during operation near Delhi North Hub.,Vehicle,High
3796,EV-121 shows sudden battery drain even when parked.,EV-121 shows sudden battery drain even when parked.,Battery,Medium
3797,Report: Security gate at Delhi North Hub is malfunctioning.,Security gate at Delhi North Hub is malfunctioning.,Hub Operations,High
3798,Issue: Customer was charged but booking was not confirmed.,Customer was charged but booking was not confirmed.,Customer,Medium
3799,Issue: Customer waited significantly longer than the estimated arrival time.,Customer waited significantly longer than the estimated arrival time.,Ride,High
3800,Report: EV-121 is due for scheduled maintenance and has not been serviced.,EV-121 is due for scheduled maintenance and has not been serviced.,Maintenance,Medium
3801,Issue: Driver was unreachable during the scheduled pickup window.,Driver was unreachable during the scheduled pickup window.,Driver,Medium
3802,Alert: Pune Central Hub is operating near full capacity with no available parking.,Pune Central Hub is operating near full capacity with no available parking.,Hub Operations,High
3803,EV-112 is due for scheduled maintenance and has not been serviced.,EV-112 is due for scheduled maintenance and has not been serviced.,Maintenance,Medium
3804,Alert: Query raised about the loyalty rewards program.,Query raised about the loyalty rewards program.,Other,Medium
3805,Report: Customer support ticket unresolved for more than 3 days.,Customer support ticket unresolved for more than 3 days.,Customer,Medium
3806,Report: Driver has not arrived for the assigned shift at Mumbai East Hub.,Driver has not arrived for the assigned shift at Mumbai East Hub.,Driver,High
3807,Issue: Battery health indicator for EV-120 has degraded significantly this month.,Battery health indicator for EV-120 has degraded significantly this month.,Battery,Low
3808,Report: Ride pickup location did not match the app location.,Ride pickup location did not match the app location.,Ride,Medium
3809,Alert: Mobile app crashes when trying to book a ride from Bangalore South Hub.,Mobile app crashes when trying to book a ride from Bangalore South Hub.,Technical,Low
3810,Driver requested additional training on the new vehicle model.,Driver requested additional training on the new vehicle model.,Driver,Medium
3811,Report: Routine inspection revealed a coolant leak in EV-122.,Routine inspection revealed a coolant leak in EV-122.,Maintenance,Critical
3812,Report: Miscellaneous request that does not fit an existing category.,Miscellaneous request that does not fit an existing category.,Other,High
3813,Customer payment was successful but booking was not confirmed.,Customer payment was successful but booking was not confirmed.,Payment,Medium
3814,Issue: General feedback submitted about the overall service experience.,General feedback submitted about the overall service experience.,Other,High
3815,General feedback submitted about the overall service experience.,General feedback submitted about the overall service experience.,Other,Critical
3816,Report: Miscellaneous request that does not fit an existing category.,Miscellaneous request that does not fit an existing category.,Other,High
3817,Report: Miscellaneous request that does not fit an existing category.,Miscellaneous request that does not fit an existing category.,Other,High
3818,EV-123 maintenance was delayed due to parts unavailability.,EV-123 maintenance was delayed due to parts unavailability.,Maintenance,High
3819,Issue: Battery percentage dropped unusually fast during the last trip for EV-109.,Battery percentage dropped unusually fast during the last trip for EV-109.,Battery,Critical
3820,Report: Charging session for EV-107 keeps disconnecting randomly.,Charging session for EV-107 keeps disconnecting randomly.,Charging,Medium
3821,Issue: Mumbai East Hub requires additional staff during the evening peak hours.,Mumbai East Hub requires additional staff during the evening peak hours.,Hub Operations,Medium
3822,Driver reported feeling unwell and requested a shift change.,Driver reported feeling unwell and requested a shift change.,Driver,Medium
3823,Alert: EV-106 maintenance was delayed due to parts unavailability.,EV-106 maintenance was delayed due to parts unavailability.,Maintenance,Medium
3824,Issue: Battery health indicator for EV-121 has degraded significantly this month.,Battery health indicator for EV-121 has degraded significantly this month.,Battery,High
3825,Alert: Customer complained about driver behavior during the ride.,Customer complained about driver behavior during the ride.,Customer,Critical
3826,General feedback submitted about the overall service experience.,General feedback submitted about the overall service experience.,Other,High
3827,Report: EV-105 requires software update for the onboard diagnostics system.,EV-105 requires software update for the onboard diagnostics system.,Maintenance,Low
3828,Alert: Customer was charged but booking was not confirmed.,Customer was charged but booking was not confirmed.,Customer,High
3829,Alert: Customer requested a refund for a cancelled ride.,Customer requested a refund for a cancelled ride.,Customer,Low
3830,Alert: Miscellaneous request that does not fit an existing category.,Miscellaneous request that does not fit an existing category.,Other,Low
3831,Alert: Payment gateway timeout occurred during checkout.,Payment gateway timeout occurred during checkout.,Payment,High
3832,Pune Central Hub reported a power outage affecting charging operations.,Pune Central Hub reported a power outage affecting charging operations.,Hub Operations,Critical
3833,Suggestion received to add more charging stations near Delhi North Hub.,Suggestion received to add more charging stations near Delhi North Hub.,Other,Medium
3834,Issue: Customer reported the vehicle was not clean on pickup.,Customer reported the vehicle was not clean on pickup.,Customer,High
3835,Report: Maintenance team flagged worn brake pads on EV-124.,Maintenance team flagged worn brake pads on EV-124.,Maintenance,Medium
3836,Report: Security gate at Pune Central Hub is malfunctioning.,Security gate at Pune Central Hub is malfunctioning.,Hub Operations,Medium
3837,Issue: Ride pickup location did not match the app location.,Ride pickup location did not match the app location.,Ride,High
3838,Report: Ride fare shown at the end did not match the estimate.,Ride fare shown at the end did not match the estimate.,Ride,High
3839,Ride fare shown at the end did not match the estimate.,Ride fare shown at the end did not match the estimate.,Ride,Low
3840,Alert: Vehicle count mismatch found during the shift-change audit at Bangalore South Hub.,Vehicle count mismatch found during the shift-change audit at Bangalore South Hub.,Hub Operations,Critical
3841,Report: General feedback submitted about the overall service experience.,General feedback submitted about the overall service experience.,Other,Medium
3842,Report: EV-114 shows sudden battery drain even when parked.,EV-114 shows sudden battery drain even when parked.,Battery,Critical
3843,EV-122 battery percentage is not increasing despite being connected at station 5.,EV-122 battery percentage is not increasing despite being connected at station 5.,Charging,Critical
3844,Backend sync issue causing duplicate ride records at Pune Central Hub.,Backend sync issue causing duplicate ride records at Pune Central Hub.,Technical,High
3845,Issue: Suggestion received to add more charging stations near Delhi North Hub.,Suggestion received to add more charging stations near Delhi North Hub.,Other,Medium
3846,Issue: EV-128 battery temperature is unusually high during operation.,EV-128 battery temperature is unusually high during operation.,Battery,Medium
3847,Alert: Query raised about the loyalty rewards program.,Query raised about the loyalty rewards program.,Other,Medium
3848,Duplicate payment charged for a single ride.,Duplicate payment charged for a single ride.,Payment,Low
3849,Issue: EV-105 battery percentage is not increasing despite being connected at station 7.,EV-105 battery percentage is not increasing despite being connected at station 7.,Charging,Medium
3850,Alert: Driver flagged a scheduling conflict for the upcoming shift at Bangalore South Hub.,Driver flagged a scheduling conflict for the upcoming shift at Bangalore South Hub.,Driver,Medium
3851,Alert: EV-104 maintenance was delayed due to parts unavailability.,EV-104 maintenance was delayed due to parts unavailability.,Maintenance,Low
3852,Alert: Mumbai East Hub is operating near full capacity with no available parking.,Mumbai East Hub is operating near full capacity with no available parking.,Hub Operations,High
3853,"Issue: EV-129 shuts down unexpectedly, suspected battery fault.","EV-129 shuts down unexpectedly, suspected battery fault.",Battery,Critical
3854,Battery percentage dropped unusually fast during the last trip for EV-128.,Battery percentage dropped unusually fast during the last trip for EV-128.,Battery,High
3855,Issue: Customer support ticket unresolved for more than 3 days.,Customer support ticket unresolved for more than 3 days.,Customer,High
3856,Alert: Ride pickup location did not match the app location.,Ride pickup location did not match the app location.,Ride,High
3857,Alert: Driver has not arrived for the assigned shift at Delhi North Hub.,Driver has not arrived for the assigned shift at Delhi North Hub.,Driver,Low
3858,Issue: EV-126 battery temperature is unusually high during operation.,EV-126 battery temperature is unusually high during operation.,Battery,High
3859,Alert: Customer waited significantly longer than the estimated arrival time.,Customer waited significantly longer than the estimated arrival time.,Ride,Medium
3860,Issue: Customer support ticket unresolved for more than 3 days.,Customer support ticket unresolved for more than 3 days.,Customer,Medium
3861,Issue: Battery health indicator for EV-116 has degraded significantly this month.,Battery health indicator for EV-116 has degraded significantly this month.,Battery,High
3862,Issue: Backend sync issue causing duplicate ride records at Pune Central Hub.,Backend sync issue causing duplicate ride records at Pune Central Hub.,Technical,Critical
3863,Report: EV-125 brakes feel soft and need inspection.,EV-125 brakes feel soft and need inspection.,Vehicle,Medium
3864,Mobile app crashes when trying to book a ride from Pune Central Hub.,Mobile app crashes when trying to book a ride from Pune Central Hub.,Technical,High
3865,EV-113 maintenance was delayed due to parts unavailability.,EV-113 maintenance was delayed due to parts unavailability.,Maintenance,Medium
3866,Issue: Routine inspection revealed a coolant leak in EV-111.,Routine inspection revealed a coolant leak in EV-111.,Maintenance,High
3867,Report: Mobile app crashes when trying to book a ride from Pune Central Hub.,Mobile app crashes when trying to book a ride from Pune Central Hub.,Technical,High
3868,Customer complained about driver behavior during the ride.,Customer complained about driver behavior during the ride.,Customer,Medium
3869,Report: Customer reported the vehicle was not clean on pickup.,Customer reported the vehicle was not clean on pickup.,Customer,High
3870,Driver requested additional training on the new vehicle model.,Driver requested additional training on the new vehicle model.,Driver,High
3871,Issue: Suggestion received to add more charging stations near Delhi North Hub.,Suggestion received to add more charging stations near Delhi North Hub.,Other,Medium
3872,EV-117 shows sudden battery drain even when parked.,EV-117 shows sudden battery drain even when parked.,Battery,High
3873,Alert: Security gate at Pune Central Hub is malfunctioning.,Security gate at Pune Central Hub is malfunctioning.,Hub Operations,High
3874,Driver reported feeling unwell and requested a shift change.,Driver reported feeling unwell and requested a shift change.,Driver,Medium
3875,Alert: EV-117 maintenance was delayed due to parts unavailability.,EV-117 maintenance was delayed due to parts unavailability.,Maintenance,High
3876,Charging stops after a few minutes for EV-110 at station 3.,Charging stops after a few minutes for EV-110 at station 3.,Charging,Low
3877,Issue: EV-100 battery temperature is unusually high during operation.,EV-100 battery temperature is unusually high during operation.,Battery,Low
3878,Issue: Driver payout for last week's shifts is showing as pending.,Driver payout for last week's shifts is showing as pending.,Payment,Low
3879,Miscellaneous request that does not fit an existing category.,Miscellaneous request that does not fit an existing category.,Other,Low
3880,Alert: Backend sync issue causing duplicate ride records at Pune Central Hub.,Backend sync issue causing duplicate ride records at Pune Central Hub.,Technical,Low
3881,Issue: EV-104 is making unusual noise from the motor.,EV-104 is making unusual noise from the motor.,Vehicle,Critical
3882,Report: Charging cable at station 2 appears damaged and vehicle is not accepting charge.,Charging cable at station 2 appears damaged and vehicle is not accepting charge.,Charging,Critical
3883,Issue: Customer reported a long detour during the ride.,Customer reported a long detour during the ride.,Ride,Medium
3884,Customer reported the vehicle was not clean on pickup.,Customer reported the vehicle was not clean on pickup.,Customer,Critical
3885,"EV-118 shuts down unexpectedly, suspected battery fault.","EV-118 shuts down unexpectedly, suspected battery fault.",Battery,High
3886,Customer reported the vehicle was not clean on pickup.,Customer reported the vehicle was not clean on pickup.,Customer,High
3887,Alert: Duplicate payment charged for a single ride.,Duplicate payment charged for a single ride.,Payment,Critical
3888,EV-129 AC is not working properly.,EV-129 AC is not working properly.,Vehicle,Low
3889,Report: Query raised about the loyalty rewards program.,Query raised about the loyalty rewards program.,Other,Low
3890,Issue: EV-118 broke down during operation near Bangalore South Hub.,EV-118 broke down during operation near Bangalore South Hub.,Vehicle,Critical
3891,Mobile app crashes when trying to book a ride from Delhi North Hub.,Mobile app crashes when trying to book a ride from Delhi North Hub.,Technical,Medium
3892,Alert: EV-110 is not charging at station 8.,EV-110 is not charging at station 8.,Charging,Critical
3893,Report: Charging session for EV-122 keeps disconnecting randomly.,Charging session for EV-122 keeps disconnecting randomly.,Charging,Critical
3894,Report: EV-100 is due for scheduled maintenance and has not been serviced.,EV-100 is due for scheduled maintenance and has not been serviced.,Maintenance,High
3895,Report: Query raised about the loyalty rewards program.,Query raised about the loyalty rewards program.,Other,Medium
3896,Issue: Driver was unreachable during the scheduled pickup window.,Driver was unreachable during the scheduled pickup window.,Driver,Medium
3897,Issue: Security gate at Delhi North Hub is malfunctioning.,Security gate at Delhi North Hub is malfunctioning.,Hub Operations,Medium
3898,Report: Ride fare shown at the end did not match the estimate.,Ride fare shown at the end did not match the estimate.,Ride,Low
3899,EV-128 broke down during operation near Pune Central Hub.,EV-128 broke down during operation near Pune Central Hub.,Vehicle,Low
3900,Report: EV-113 dashboard display is flickering intermittently.,EV-113 dashboard display is flickering intermittently.,Vehicle,Critical
3901,Report: Ride fare shown at the end did not match the estimate.,Ride fare shown at the end did not match the estimate.,Ride,Low
3902,Report: GPS tracking for EV-109 is showing an incorrect location.,GPS tracking for EV-109 is showing an incorrect location.,Technical,Low
3903,EV-112 battery percentage is not increasing despite being connected at station 1.,EV-112 battery percentage is not increasing despite being connected at station 1.,Charging,High
3904,Report: EV-102 shows charging error code and will not start charging.,EV-102 shows charging error code and will not start charging.,Charging,High
3905,Report: Mobile app crashes when trying to book a ride from Pune Central Hub.,Mobile app crashes when trying to book a ride from Pune Central Hub.,Technical,Low
3906,Report: Driver was unreachable during the scheduled pickup window.,Driver was unreachable during the scheduled pickup window.,Driver,High
3907,Issue: EV-129 is not charging at station 1.,EV-129 is not charging at station 1.,Charging,Medium
3908,Issue: Driver payout for last week's shifts is showing as pending.,Driver payout for last week's shifts is showing as pending.,Payment,Medium
3909,Report: EV-127 shows charging error code and will not start charging.,EV-127 shows charging error code and will not start charging.,Charging,High
3910,Issue: Customer requested a refund for a cancelled ride.,Customer requested a refund for a cancelled ride.,Customer,Medium
3911,Security gate at Mumbai East Hub is malfunctioning.,Security gate at Mumbai East Hub is malfunctioning.,Hub Operations,Medium
3912,Issue: EV-107 is due for scheduled maintenance and has not been serviced.,EV-107 is due for scheduled maintenance and has not been serviced.,Maintenance,High
3913,Alert: Customer payment was successful but booking was not confirmed.,Customer payment was successful but booking was not confirmed.,Payment,Medium
3914,Issue: Bangalore South Hub reported a power outage affecting charging operations.,Bangalore South Hub reported a power outage affecting charging operations.,Hub Operations,Medium
3915,Report: Customer complained about driver behavior during the ride.,Customer complained about driver behavior during the ride.,Customer,Low
3916,Suggestion received to add more charging stations near Delhi North Hub.,Suggestion received to add more charging stations near Delhi North Hub.,Other,Low
3917,Issue: Pune Central Hub requires additional staff during the evening peak hours.,Pune Central Hub requires additional staff during the evening peak hours.,Hub Operations,Medium
3918,Customer reported a long detour during the ride.,Customer reported a long detour during the ride.,Ride,Medium
3919,Customer was charged but booking was not confirmed.,Customer was charged but booking was not confirmed.,Customer,Low
3920,Report: Mobile app crashes when trying to book a ride from Delhi North Hub.,Mobile app crashes when trying to book a ride from Delhi North Hub.,Technical,High
3921,Alert: Suggestion received to add more charging stations near Delhi North Hub.,Suggestion received to add more charging stations near Delhi North Hub.,Other,Medium
3922,EV-123 is not charging at station 7.,EV-123 is not charging at station 7.,Charging,High
3923,EV-105 tyre pressure warning light is on.,EV-105 tyre pressure warning light is on.,Vehicle,High
3924,Issue: Driver payout for last week's shifts is showing as pending.,Driver payout for last week's shifts is showing as pending.,Payment,Medium
3925,Report: EV-105 requires software update for the onboard diagnostics system.,EV-105 requires software update for the onboard diagnostics system.,Maintenance,High
3926,Customer support ticket unresolved for more than 3 days.,Customer support ticket unresolved for more than 3 days.,Customer,High
3927,Backend sync issue causing duplicate ride records at Bangalore South Hub.,Backend sync issue causing duplicate ride records at Bangalore South Hub.,Technical,Low
3928,Issue: EV-100 requires software update for the onboard diagnostics system.,EV-100 requires software update for the onboard diagnostics system.,Maintenance,Low
3929,Customer was charged but booking was not confirmed.,Customer was charged but booking was not confirmed.,Customer,High
3930,Report: Battery health indicator for EV-110 has degraded significantly this month.,Battery health indicator for EV-110 has degraded significantly this month.,Battery,Medium
3931,Bangalore South Hub reported a power outage affecting charging operations.,Bangalore South Hub reported a power outage affecting charging operations.,Hub Operations,Low
3932,Alert: Battery percentage dropped unusually fast during the last trip for EV-126.,Battery percentage dropped unusually fast during the last trip for EV-126.,Battery,Critical
3933,Report: EV-122 is not charging at station 3.,EV-122 is not charging at station 3.,Charging,High
3934,Issue: Payment gateway timeout occurred during checkout.,Payment gateway timeout occurred during checkout.,Payment,Medium
3935,Issue: Suggestion received to add more charging stations near Mumbai East Hub.,Suggestion received to add more charging stations near Mumbai East Hub.,Other,Medium
3936,Issue: Battery percentage dropped unusually fast during the last trip for EV-123.,Battery percentage dropped unusually fast during the last trip for EV-123.,Battery,Medium
3937,Issue: Miscellaneous request that does not fit an existing category.,Miscellaneous request that does not fit an existing category.,Other,Medium
3938,Report: EV-111 maintenance was delayed due to parts unavailability.,EV-111 maintenance was delayed due to parts unavailability.,Maintenance,High
3939,Issue: EV-106 maintenance was delayed due to parts unavailability.,EV-106 maintenance was delayed due to parts unavailability.,Maintenance,High
3940,Alert: Charging cable at station 4 appears damaged and vehicle is not accepting charge.,Charging cable at station 4 appears damaged and vehicle is not accepting charge.,Charging,Low
3941,EV-120 brakes feel soft and need inspection.,EV-120 brakes feel soft and need inspection.,Vehicle,High
3942,Alert: Customer complained about driver behavior during the ride.,Customer complained about driver behavior during the ride.,Customer,Medium
3943,Alert: Mobile app crashes when trying to book a ride from Bangalore South Hub.,Mobile app crashes when trying to book a ride from Bangalore South Hub.,Technical,High
3944,Routine inspection revealed a coolant leak in EV-108.,Routine inspection revealed a coolant leak in EV-108.,Maintenance,Medium
3945,Report: Driver was unreachable during the scheduled pickup window.,Driver was unreachable during the scheduled pickup window.,Driver,Low
3946,Ride pickup location did not match the app location.,Ride pickup location did not match the app location.,Ride,Medium
3947,Report: Driver payout for last week's shifts is showing as pending.,Driver payout for last week's shifts is showing as pending.,Payment,Low
3948,Report: Query raised about the loyalty rewards program.,Query raised about the loyalty rewards program.,Other,Medium
3949,Query raised about the loyalty rewards program.,Query raised about the loyalty rewards program.,Other,Low
3950,Issue: Driver flagged a scheduling conflict for the upcoming shift at Bangalore South Hub.,Driver flagged a scheduling conflict for the upcoming shift at Bangalore South Hub.,Driver,High
3951,Alert: Miscellaneous request that does not fit an existing category.,Miscellaneous request that does not fit an existing category.,Other,Critical
3952,Alert: Driver reported feeling unwell and requested a shift change.,Driver reported feeling unwell and requested a shift change.,Driver,Medium
3953,Issue: Customer reported a long detour during the ride.,Customer reported a long detour during the ride.,Ride,Low
3954,Alert: Customer was charged but booking was not confirmed.,Customer was charged but booking was not confirmed.,Customer,Medium
3955,Issue: EV-105 battery percentage is not increasing despite being connected at station 5.,EV-105 battery percentage is not increasing despite being connected at station 5.,Charging,High
3956,Report: Charging cable at station 5 appears damaged and vehicle is not accepting charge.,Charging cable at station 5 appears damaged and vehicle is not accepting charge.,Charging,Low
3957,Delhi North Hub is operating near full capacity with no available parking.,Delhi North Hub is operating near full capacity with no available parking.,Hub Operations,High
3958,Issue: EV-110 tyre pressure warning light is on.,EV-110 tyre pressure warning light is on.,Vehicle,Medium
3959,Alert: Driver requested additional training on the new vehicle model.,Driver requested additional training on the new vehicle model.,Driver,Medium
3960,Issue: Refund for a cancelled ride has not been processed.,Refund for a cancelled ride has not been processed.,Payment,Medium
3961,Alert: Ride pickup location did not match the app location.,Ride pickup location did not match the app location.,Ride,Medium
3962,Report: Driver has not arrived for the assigned shift at Bangalore South Hub.,Driver has not arrived for the assigned shift at Bangalore South Hub.,Driver,Medium
3963,Issue: Driver flagged a scheduling conflict for the upcoming shift at Mumbai East Hub.,Driver flagged a scheduling conflict for the upcoming shift at Mumbai East Hub.,Driver,Critical
3964,Report: EV-107 battery temperature is unusually high during operation.,EV-107 battery temperature is unusually high during operation.,Battery,High
3965,EV-105 requires software update for the onboard diagnostics system.,EV-105 requires software update for the onboard diagnostics system.,Maintenance,Critical
3966,Issue: Miscellaneous request that does not fit an existing category.,Miscellaneous request that does not fit an existing category.,Other,High
3967,Alert: Refund for a cancelled ride has not been processed.,Refund for a cancelled ride has not been processed.,Payment,Medium
3968,Customer requested a refund for a cancelled ride.,Customer requested a refund for a cancelled ride.,Customer,Medium
3969,Issue: EV-126 battery percentage is not increasing despite being connected at station 2.,EV-126 battery percentage is not increasing despite being connected at station 2.,Charging,High
3970,Report: Telematics unit on EV-111 stopped sending data.,Telematics unit on EV-111 stopped sending data.,Technical,Medium
3971,Issue: Mobile app crashes when trying to book a ride from Mumbai East Hub.,Mobile app crashes when trying to book a ride from Mumbai East Hub.,Technical,Medium
3972,Issue: Routine inspection revealed a coolant leak in EV-106.,Routine inspection revealed a coolant leak in EV-106.,Maintenance,High
3973,EV-121 broke down during operation near Delhi North Hub.,EV-121 broke down during operation near Delhi North Hub.,Vehicle,High
3974,Issue: EV-108 brakes feel soft and need inspection.,EV-108 brakes feel soft and need inspection.,Vehicle,Medium
3975,Issue: Refund for a cancelled ride has not been processed.,Refund for a cancelled ride has not been processed.,Payment,High
3976,Issue: Delhi North Hub requires additional staff during the evening peak hours.,Delhi North Hub requires additional staff during the evening peak hours.,Hub Operations,Medium
3977,Alert: Vehicle count mismatch found during the shift-change audit at Mumbai East Hub.,Vehicle count mismatch found during the shift-change audit at Mumbai East Hub.,Hub Operations,Low
3978,Issue: Battery health indicator for EV-123 has degraded significantly this month.,Battery health indicator for EV-123 has degraded significantly this month.,Battery,High
3979,Customer support ticket unresolved for more than 3 days.,Customer support ticket unresolved for more than 3 days.,Customer,Low
3980,Report: GPS tracking for EV-121 is showing an incorrect location.,GPS tracking for EV-121 is showing an incorrect location.,Technical,Low
3981,Issue: Customer reported a long detour during the ride.,Customer reported a long detour during the ride.,Ride,Medium
3982,Report: Query raised about the loyalty rewards program.,Query raised about the loyalty rewards program.,Other,High
3983,Report: EV-111 requires software update for the onboard diagnostics system.,EV-111 requires software update for the onboard diagnostics system.,Maintenance,Medium
3984,Alert: EV-108 battery temperature is unusually high during operation.,EV-108 battery temperature is unusually high during operation.,Battery,High
3985,Alert: Backend sync issue causing duplicate ride records at Pune Central Hub.,Backend sync issue causing duplicate ride records at Pune Central Hub.,Technical,Critical
3986,Issue: Customer waited significantly longer than the estimated arrival time.,Customer waited significantly longer than the estimated arrival time.,Ride,High
3987,Alert: Duplicate payment charged for a single ride.,Duplicate payment charged for a single ride.,Payment,Medium
3988,Driver has not arrived for the assigned shift at Mumbai East Hub.,Driver has not arrived for the assigned shift at Mumbai East Hub.,Driver,Medium
3989,Report: Mobile app crashes when trying to book a ride from Bangalore South Hub.,Mobile app crashes when trying to book a ride from Bangalore South Hub.,Technical,Critical
3990,Alert: General feedback submitted about the overall service experience.,General feedback submitted about the overall service experience.,Other,Medium
3991,Report: Battery health indicator for EV-106 has degraded significantly this month.,Battery health indicator for EV-106 has degraded significantly this month.,Battery,Medium
3992,Report: General feedback submitted about the overall service experience.,General feedback submitted about the overall service experience.,Other,Medium
3993,Issue: EV-118 broke down during operation near Delhi North Hub.,EV-118 broke down during operation near Delhi North Hub.,Vehicle,High
3994,Issue: Customer reported the vehicle was not clean on pickup.,Customer reported the vehicle was not clean on pickup.,Customer,Medium
3995,Alert: EV-104 shows charging error code and will not start charging.,EV-104 shows charging error code and will not start charging.,Charging,Critical
3996,Issue: Customer support ticket unresolved for more than 3 days.,Customer support ticket unresolved for more than 3 days.,Customer,Low
3997,Report: Ride pickup location did not match the app location.,Ride pickup location did not match the app location.,Ride,Low
3998,Issue: Charging stops after a few minutes for EV-124 at station 7.,Charging stops after a few minutes for EV-124 at station 7.,Charging,Medium
3999,Alert: Driver was unreachable during the scheduled pickup window.,Driver was unreachable during the scheduled pickup window.,Driver,High
4000,Issue: Payment gateway timeout occurred during checkout.,Payment gateway timeout occurred during checkout.,Payment,High
